<?xml version="1.0"?>
<gpx xmlns="http://www.topografix.com/GPX/1/1" xmlns:xsi="http://www.w3.org/2001/XMLSchema-instance" version="1.1" creator="AllTrails.com" xsi:schemaLocation="http://www.topografix.com/GPX/1/1 http://www.topografix.com/GPX/1/1/gpx.xsd">
  <metadata>
    <name><![CDATA[Custom route]]></name>
    <desc><![CDATA[]]></desc>
    <link href="http://www.alltrails.com">
      <text>AllTrails, LLC</text>
    </link>
    <bounds minlat="36.43887" minlon="-118.36621" maxlat="36.55818" maxlon="-118.17011"/>
  </metadata>
  <trk>
    <name><![CDATA[Custom route]]></name>
    <src>AllTrails</src>
    <trkseg>
      <trkpt lat="36.4532" lon="-118.17011">
        <ele>3067.19</ele>
      </trkpt>
      <trkpt lat="36.4532" lon="-118.17011">
        <ele>3067.19</ele>
      </trkpt>
      <trkpt lat="36.45325" lon="-118.17022">
        <ele>3068.38</ele>
      </trkpt>
      <trkpt lat="36.45347" lon="-118.17045">
        <ele>3071.93</ele>
      </trkpt>
      <trkpt lat="36.45341" lon="-118.17102">
        <ele>3073.0</ele>
      </trkpt>
      <trkpt lat="36.45344" lon="-118.17141">
        <ele>3074.34</ele>
      </trkpt>
      <trkpt lat="36.45342" lon="-118.17206">
        <ele>3078.82</ele>
      </trkpt>
      <trkpt lat="36.45347" lon="-118.17255">
        <ele>3083.02</ele>
      </trkpt>
      <trkpt lat="36.45343" lon="-118.17329">
        <ele>3085.04</ele>
      </trkpt>
      <trkpt lat="36.45343" lon="-118.17363">
        <ele>3085.04</ele>
      </trkpt>
      <trkpt lat="36.45349" lon="-118.17386">
        <ele>3085.69</ele>
      </trkpt>
      <trkpt lat="36.45357" lon="-118.17407">
        <ele>3086.0</ele>
      </trkpt>
      <trkpt lat="36.4535" lon="-118.17445">
        <ele>3085.8</ele>
      </trkpt>
      <trkpt lat="36.45343" lon="-118.17463">
        <ele>3085.04</ele>
      </trkpt>
      <trkpt lat="36.4534" lon="-118.1749">
        <ele>3085.72</ele>
      </trkpt>
      <trkpt lat="36.45342" lon="-118.17509">
        <ele>3085.94</ele>
      </trkpt>
      <trkpt lat="36.45337" lon="-118.17532">
        <ele>3085.4</ele>
      </trkpt>
      <trkpt lat="36.45346" lon="-118.17588">
        <ele>3086.37</ele>
      </trkpt>
      <trkpt lat="36.4538" lon="-118.17653">
        <ele>3089.52</ele>
      </trkpt>
      <trkpt lat="36.45403" lon="-118.17704">
        <ele>3089.52</ele>
      </trkpt>
      <trkpt lat="36.45425" lon="-118.17758">
        <ele>3091.86</ele>
      </trkpt>
      <trkpt lat="36.45433" lon="-118.17766">
        <ele>3092.73</ele>
      </trkpt>
      <trkpt lat="36.4545" lon="-118.17794">
        <ele>3094.3</ele>
      </trkpt>
      <trkpt lat="36.4547" lon="-118.17802">
        <ele>3093.71</ele>
      </trkpt>
      <trkpt lat="36.45497" lon="-118.17804">
        <ele>3093.0</ele>
      </trkpt>
      <trkpt lat="36.45504" lon="-118.17808">
        <ele>3093.26</ele>
      </trkpt>
      <trkpt lat="36.45545" lon="-118.17787">
        <ele>3092.0</ele>
      </trkpt>
      <trkpt lat="36.45584" lon="-118.1779">
        <ele>3086.0</ele>
      </trkpt>
      <trkpt lat="36.45622" lon="-118.17778">
        <ele>3084.83</ele>
      </trkpt>
      <trkpt lat="36.45636" lon="-118.17764">
        <ele>3084.0</ele>
      </trkpt>
      <trkpt lat="36.45652" lon="-118.17772">
        <ele>3083.58</ele>
      </trkpt>
      <trkpt lat="36.45695" lon="-118.17786">
        <ele>3080.77</ele>
      </trkpt>
      <trkpt lat="36.45721" lon="-118.17779">
        <ele>3074.4</ele>
      </trkpt>
      <trkpt lat="36.45774" lon="-118.17786">
        <ele>3073.93</ele>
      </trkpt>
      <trkpt lat="36.45804" lon="-118.17796">
        <ele>3073.97</ele>
      </trkpt>
      <trkpt lat="36.45831" lon="-118.17786">
        <ele>3072.89</ele>
      </trkpt>
      <trkpt lat="36.45864" lon="-118.17818">
        <ele>3074.0</ele>
      </trkpt>
      <trkpt lat="36.45889" lon="-118.17836">
        <ele>3076.3</ele>
      </trkpt>
      <trkpt lat="36.45897" lon="-118.17861">
        <ele>3078.0</ele>
      </trkpt>
      <trkpt lat="36.45925" lon="-118.17884">
        <ele>3079.05</ele>
      </trkpt>
      <trkpt lat="36.45965" lon="-118.17889">
        <ele>3076.01</ele>
      </trkpt>
      <trkpt lat="36.46015" lon="-118.1795">
        <ele>3075.97</ele>
      </trkpt>
      <trkpt lat="36.46016" lon="-118.17985">
        <ele>3074.64</ele>
      </trkpt>
      <trkpt lat="36.46021" lon="-118.18001">
        <ele>3073.38</ele>
      </trkpt>
      <trkpt lat="36.46024" lon="-118.18019">
        <ele>3074.68</ele>
      </trkpt>
      <trkpt lat="36.46041" lon="-118.18026">
        <ele>3070.95</ele>
      </trkpt>
      <trkpt lat="36.46062" lon="-118.18049">
        <ele>3070.51</ele>
      </trkpt>
      <trkpt lat="36.46128" lon="-118.18095">
        <ele>3073.44</ele>
      </trkpt>
      <trkpt lat="36.4618" lon="-118.18165">
        <ele>3075.38</ele>
      </trkpt>
      <trkpt lat="36.46226" lon="-118.18199">
        <ele>3073.08</ele>
      </trkpt>
      <trkpt lat="36.46275" lon="-118.18274">
        <ele>3070.89</ele>
      </trkpt>
      <trkpt lat="36.46302" lon="-118.18296">
        <ele>3070.72</ele>
      </trkpt>
      <trkpt lat="36.46313" lon="-118.18298">
        <ele>3069.38</ele>
      </trkpt>
      <trkpt lat="36.46348" lon="-118.18297">
        <ele>3068.15</ele>
      </trkpt>
      <trkpt lat="36.4636" lon="-118.18282">
        <ele>3065.91</ele>
      </trkpt>
      <trkpt lat="36.46394" lon="-118.18261">
        <ele>3062.93</ele>
      </trkpt>
      <trkpt lat="36.4641" lon="-118.18245">
        <ele>3061.59</ele>
      </trkpt>
      <trkpt lat="36.46463" lon="-118.18214">
        <ele>3061.12</ele>
      </trkpt>
      <trkpt lat="36.46483" lon="-118.18195">
        <ele>3061.01</ele>
      </trkpt>
      <trkpt lat="36.46536" lon="-118.18154">
        <ele>3060.0</ele>
      </trkpt>
      <trkpt lat="36.46559" lon="-118.18146">
        <ele>3060.77</ele>
      </trkpt>
      <trkpt lat="36.46579" lon="-118.18144">
        <ele>3061.29</ele>
      </trkpt>
      <trkpt lat="36.46592" lon="-118.18141">
        <ele>3061.23</ele>
      </trkpt>
      <trkpt lat="36.46601" lon="-118.18131">
        <ele>3061.0</ele>
      </trkpt>
      <trkpt lat="36.46599" lon="-118.18114">
        <ele>3060.69</ele>
      </trkpt>
      <trkpt lat="36.46614" lon="-118.18074">
        <ele>3062.0</ele>
      </trkpt>
      <trkpt lat="36.46614" lon="-118.18008">
        <ele>3063.0</ele>
      </trkpt>
      <trkpt lat="36.46618" lon="-118.17995">
        <ele>3063.0</ele>
      </trkpt>
      <trkpt lat="36.46629" lon="-118.17983">
        <ele>3063.0</ele>
      </trkpt>
      <trkpt lat="36.46684" lon="-118.17981">
        <ele>3063.83</ele>
      </trkpt>
      <trkpt lat="36.46717" lon="-118.17978">
        <ele>3064.31</ele>
      </trkpt>
      <trkpt lat="36.4674" lon="-118.1797">
        <ele>3064.44</ele>
      </trkpt>
      <trkpt lat="36.46752" lon="-118.17961">
        <ele>3062.79</ele>
      </trkpt>
      <trkpt lat="36.46764" lon="-118.17956">
        <ele>3062.25</ele>
      </trkpt>
      <trkpt lat="36.46783" lon="-118.17959">
        <ele>3061.82</ele>
      </trkpt>
      <trkpt lat="36.46792" lon="-118.17953">
        <ele>3060.92</ele>
      </trkpt>
      <trkpt lat="36.46805" lon="-118.17941">
        <ele>3059.63</ele>
      </trkpt>
      <trkpt lat="36.46819" lon="-118.1794">
        <ele>3060.45</ele>
      </trkpt>
      <trkpt lat="36.46846" lon="-118.17937">
        <ele>3061.39</ele>
      </trkpt>
      <trkpt lat="36.46858" lon="-118.17934">
        <ele>3060.92</ele>
      </trkpt>
      <trkpt lat="36.46874" lon="-118.17922">
        <ele>3059.97</ele>
      </trkpt>
      <trkpt lat="36.46895" lon="-118.17901">
        <ele>3058.97</ele>
      </trkpt>
      <trkpt lat="36.46916" lon="-118.17897">
        <ele>3059.69</ele>
      </trkpt>
      <trkpt lat="36.46932" lon="-118.17892">
        <ele>3058.34</ele>
      </trkpt>
      <trkpt lat="36.46943" lon="-118.17882">
        <ele>3056.51</ele>
      </trkpt>
      <trkpt lat="36.46954" lon="-118.17878">
        <ele>3055.64</ele>
      </trkpt>
      <trkpt lat="36.4697" lon="-118.17884">
        <ele>3057.42</ele>
      </trkpt>
      <trkpt lat="36.47003" lon="-118.17893">
        <ele>3058.56</ele>
      </trkpt>
      <trkpt lat="36.47026" lon="-118.17892">
        <ele>3057.67</ele>
      </trkpt>
      <trkpt lat="36.47048" lon="-118.17886">
        <ele>3057.69</ele>
      </trkpt>
      <trkpt lat="36.47074" lon="-118.17878">
        <ele>3057.82</ele>
      </trkpt>
      <trkpt lat="36.47118" lon="-118.1786">
        <ele>3058.88</ele>
      </trkpt>
      <trkpt lat="36.47155" lon="-118.1785">
        <ele>3060.54</ele>
      </trkpt>
      <trkpt lat="36.4718" lon="-118.17853">
        <ele>3062.12</ele>
      </trkpt>
      <trkpt lat="36.47209" lon="-118.17842">
        <ele>3062.51</ele>
      </trkpt>
      <trkpt lat="36.47247" lon="-118.17835">
        <ele>3064.86</ele>
      </trkpt>
      <trkpt lat="36.47277" lon="-118.17832">
        <ele>3065.99</ele>
      </trkpt>
      <trkpt lat="36.47297" lon="-118.17841">
        <ele>3068.83</ele>
      </trkpt>
      <trkpt lat="36.47313" lon="-118.17845">
        <ele>3070.06</ele>
      </trkpt>
      <trkpt lat="36.47356" lon="-118.17846">
        <ele>3072.82</ele>
      </trkpt>
      <trkpt lat="36.4737" lon="-118.1785">
        <ele>3074.76</ele>
      </trkpt>
      <trkpt lat="36.47382" lon="-118.17848">
        <ele>3075.84</ele>
      </trkpt>
      <trkpt lat="36.47401" lon="-118.17854">
        <ele>3078.54</ele>
      </trkpt>
      <trkpt lat="36.47414" lon="-118.17855">
        <ele>3080.05</ele>
      </trkpt>
      <trkpt lat="36.47431" lon="-118.17867">
        <ele>3082.35</ele>
      </trkpt>
      <trkpt lat="36.47446" lon="-118.17869">
        <ele>3083.14</ele>
      </trkpt>
      <trkpt lat="36.47457" lon="-118.17869">
        <ele>3083.85</ele>
      </trkpt>
      <trkpt lat="36.47488" lon="-118.1785">
        <ele>3082.8</ele>
      </trkpt>
      <trkpt lat="36.47502" lon="-118.17832">
        <ele>3082.07</ele>
      </trkpt>
      <trkpt lat="36.4753" lon="-118.17808">
        <ele>3082.44</ele>
      </trkpt>
      <trkpt lat="36.47541" lon="-118.17804">
        <ele>3082.9</ele>
      </trkpt>
      <trkpt lat="36.47558" lon="-118.17791">
        <ele>3083.26</ele>
      </trkpt>
      <trkpt lat="36.4757" lon="-118.17789">
        <ele>3084.56</ele>
      </trkpt>
      <trkpt lat="36.47576" lon="-118.17783">
        <ele>3084.86</ele>
      </trkpt>
      <trkpt lat="36.47581" lon="-118.17769">
        <ele>3084.55</ele>
      </trkpt>
      <trkpt lat="36.47598" lon="-118.17764">
        <ele>3086.1</ele>
      </trkpt>
      <trkpt lat="36.47619" lon="-118.1776">
        <ele>3087.0</ele>
      </trkpt>
      <trkpt lat="36.47634" lon="-118.1776">
        <ele>3087.08</ele>
      </trkpt>
      <trkpt lat="36.47647" lon="-118.17767">
        <ele>3087.98</ele>
      </trkpt>
      <trkpt lat="36.47665" lon="-118.17787">
        <ele>3089.0</ele>
      </trkpt>
      <trkpt lat="36.47679" lon="-118.17806">
        <ele>3090.05</ele>
      </trkpt>
      <trkpt lat="36.47696" lon="-118.17818">
        <ele>3091.34</ele>
      </trkpt>
      <trkpt lat="36.47705" lon="-118.17822">
        <ele>3091.78</ele>
      </trkpt>
      <trkpt lat="36.47722" lon="-118.17821">
        <ele>3091.67</ele>
      </trkpt>
      <trkpt lat="36.47762" lon="-118.17825">
        <ele>3092.1</ele>
      </trkpt>
      <trkpt lat="36.47829" lon="-118.17827">
        <ele>3093.17</ele>
      </trkpt>
      <trkpt lat="36.4788" lon="-118.17837">
        <ele>3094.0</ele>
      </trkpt>
      <trkpt lat="36.47915" lon="-118.17835">
        <ele>3094.15</ele>
      </trkpt>
      <trkpt lat="36.4794" lon="-118.17828">
        <ele>3094.0</ele>
      </trkpt>
      <trkpt lat="36.47981" lon="-118.17829">
        <ele>3094.53</ele>
      </trkpt>
      <trkpt lat="36.48001" lon="-118.17834">
        <ele>3095.01</ele>
      </trkpt>
      <trkpt lat="36.48032" lon="-118.17849">
        <ele>3096.0</ele>
      </trkpt>
      <trkpt lat="36.48051" lon="-118.17853">
        <ele>3096.12</ele>
      </trkpt>
      <trkpt lat="36.48078" lon="-118.17856">
        <ele>3097.0</ele>
      </trkpt>
      <trkpt lat="36.481" lon="-118.17862">
        <ele>3097.0</ele>
      </trkpt>
      <trkpt lat="36.48116" lon="-118.17864">
        <ele>3097.16</ele>
      </trkpt>
      <trkpt lat="36.48129" lon="-118.17864">
        <ele>3097.95</ele>
      </trkpt>
      <trkpt lat="36.48149" lon="-118.17877">
        <ele>3098.0</ele>
      </trkpt>
      <trkpt lat="36.48185" lon="-118.17871">
        <ele>3098.07</ele>
      </trkpt>
      <trkpt lat="36.48228" lon="-118.17886">
        <ele>3104.31</ele>
      </trkpt>
      <trkpt lat="36.48245" lon="-118.17883">
        <ele>3104.82</ele>
      </trkpt>
      <trkpt lat="36.48311" lon="-118.17841">
        <ele>3108.59</ele>
      </trkpt>
      <trkpt lat="36.48323" lon="-118.17839">
        <ele>3109.88</ele>
      </trkpt>
      <trkpt lat="36.48328" lon="-118.17842">
        <ele>3110.42</ele>
      </trkpt>
      <trkpt lat="36.48356" lon="-118.17859">
        <ele>3114.22</ele>
      </trkpt>
      <trkpt lat="36.4838" lon="-118.17873">
        <ele>3117.32</ele>
      </trkpt>
      <trkpt lat="36.48396" lon="-118.17878">
        <ele>3119.59</ele>
      </trkpt>
      <trkpt lat="36.4842" lon="-118.17882">
        <ele>3121.78</ele>
      </trkpt>
      <trkpt lat="36.48449" lon="-118.17902">
        <ele>3124.63</ele>
      </trkpt>
      <trkpt lat="36.48462" lon="-118.17923">
        <ele>3127.47</ele>
      </trkpt>
      <trkpt lat="36.48477" lon="-118.17932">
        <ele>3126.46</ele>
      </trkpt>
      <trkpt lat="36.48488" lon="-118.17951">
        <ele>3128.01</ele>
      </trkpt>
      <trkpt lat="36.48497" lon="-118.1795">
        <ele>3126.52</ele>
      </trkpt>
      <trkpt lat="36.48501" lon="-118.17951">
        <ele>3126.23</ele>
      </trkpt>
      <trkpt lat="36.48511" lon="-118.1796">
        <ele>3126.23</ele>
      </trkpt>
      <trkpt lat="36.48521" lon="-118.17967">
        <ele>3127.19</ele>
      </trkpt>
      <trkpt lat="36.48544" lon="-118.1797">
        <ele>3127.52</ele>
      </trkpt>
      <trkpt lat="36.48576" lon="-118.17992">
        <ele>3129.14</ele>
      </trkpt>
      <trkpt lat="36.48609" lon="-118.18">
        <ele>3128.23</ele>
      </trkpt>
      <trkpt lat="36.48623" lon="-118.18009">
        <ele>3127.69</ele>
      </trkpt>
      <trkpt lat="36.48636" lon="-118.18026">
        <ele>3127.12</ele>
      </trkpt>
      <trkpt lat="36.48656" lon="-118.18036">
        <ele>3126.04</ele>
      </trkpt>
      <trkpt lat="36.48676" lon="-118.18041">
        <ele>3125.01</ele>
      </trkpt>
      <trkpt lat="36.48689" lon="-118.18047">
        <ele>3126.41</ele>
      </trkpt>
      <trkpt lat="36.48703" lon="-118.18065">
        <ele>3127.92</ele>
      </trkpt>
      <trkpt lat="36.48719" lon="-118.18066">
        <ele>3129.65</ele>
      </trkpt>
      <trkpt lat="36.4873" lon="-118.18079">
        <ele>3130.84</ele>
      </trkpt>
      <trkpt lat="36.48763" lon="-118.18102">
        <ele>3134.81</ele>
      </trkpt>
      <trkpt lat="36.48774" lon="-118.18117">
        <ele>3136.33</ele>
      </trkpt>
      <trkpt lat="36.4879" lon="-118.18131">
        <ele>3138.49</ele>
      </trkpt>
      <trkpt lat="36.48807" lon="-118.18156">
        <ele>3140.31</ele>
      </trkpt>
      <trkpt lat="36.48818" lon="-118.1819">
        <ele>3139.85</ele>
      </trkpt>
      <trkpt lat="36.48824" lon="-118.18205">
        <ele>3140.98</ele>
      </trkpt>
      <trkpt lat="36.48836" lon="-118.18219">
        <ele>3142.58</ele>
      </trkpt>
      <trkpt lat="36.48848" lon="-118.18225">
        <ele>3144.76</ele>
      </trkpt>
      <trkpt lat="36.48857" lon="-118.18224">
        <ele>3146.2</ele>
      </trkpt>
      <trkpt lat="36.48868" lon="-118.18226">
        <ele>3148.49</ele>
      </trkpt>
      <trkpt lat="36.48883" lon="-118.18221">
        <ele>3151.73</ele>
      </trkpt>
      <trkpt lat="36.48896" lon="-118.18237">
        <ele>3153.54</ele>
      </trkpt>
      <trkpt lat="36.48956" lon="-118.18344">
        <ele>3163.35</ele>
      </trkpt>
      <trkpt lat="36.48975" lon="-118.1839">
        <ele>3171.68</ele>
      </trkpt>
      <trkpt lat="36.48968" lon="-118.18401">
        <ele>3171.37</ele>
      </trkpt>
      <trkpt lat="36.4897" lon="-118.18415">
        <ele>3172.62</ele>
      </trkpt>
      <trkpt lat="36.48977" lon="-118.18432">
        <ele>3173.83</ele>
      </trkpt>
      <trkpt lat="36.48983" lon="-118.18462">
        <ele>3175.31</ele>
      </trkpt>
      <trkpt lat="36.48986" lon="-118.18491">
        <ele>3177.46</ele>
      </trkpt>
      <trkpt lat="36.48982" lon="-118.18523">
        <ele>3177.62</ele>
      </trkpt>
      <trkpt lat="36.48976" lon="-118.1854">
        <ele>3177.41</ele>
      </trkpt>
      <trkpt lat="36.48971" lon="-118.18591">
        <ele>3180.45</ele>
      </trkpt>
      <trkpt lat="36.48974" lon="-118.18607">
        <ele>3182.38</ele>
      </trkpt>
      <trkpt lat="36.4898" lon="-118.18618">
        <ele>3183.68</ele>
      </trkpt>
      <trkpt lat="36.48978" lon="-118.18671">
        <ele>3182.25</ele>
      </trkpt>
      <trkpt lat="36.48984" lon="-118.1869">
        <ele>3184.19</ele>
      </trkpt>
      <trkpt lat="36.48986" lon="-118.18706">
        <ele>3185.59</ele>
      </trkpt>
      <trkpt lat="36.48983" lon="-118.18726">
        <ele>3185.33</ele>
      </trkpt>
      <trkpt lat="36.48989" lon="-118.18743">
        <ele>3185.62</ele>
      </trkpt>
      <trkpt lat="36.49013" lon="-118.18763">
        <ele>3192.05</ele>
      </trkpt>
      <trkpt lat="36.49019" lon="-118.18774">
        <ele>3193.67</ele>
      </trkpt>
      <trkpt lat="36.49026" lon="-118.18812">
        <ele>3199.37</ele>
      </trkpt>
      <trkpt lat="36.4903" lon="-118.18826">
        <ele>3200.48</ele>
      </trkpt>
      <trkpt lat="36.49027" lon="-118.18836">
        <ele>3199.92</ele>
      </trkpt>
      <trkpt lat="36.49033" lon="-118.18865">
        <ele>3202.13</ele>
      </trkpt>
      <trkpt lat="36.49033" lon="-118.18883">
        <ele>3202.13</ele>
      </trkpt>
      <trkpt lat="36.49041" lon="-118.18924">
        <ele>3205.74</ele>
      </trkpt>
      <trkpt lat="36.49031" lon="-118.18988">
        <ele>3205.7</ele>
      </trkpt>
      <trkpt lat="36.49038" lon="-118.19049">
        <ele>3206.1</ele>
      </trkpt>
      <trkpt lat="36.49038" lon="-118.19088">
        <ele>3206.21</ele>
      </trkpt>
      <trkpt lat="36.49045" lon="-118.19116">
        <ele>3207.86</ele>
      </trkpt>
      <trkpt lat="36.49053" lon="-118.19162">
        <ele>3210.45</ele>
      </trkpt>
      <trkpt lat="36.49066" lon="-118.19198">
        <ele>3213.26</ele>
      </trkpt>
      <trkpt lat="36.49067" lon="-118.19204">
        <ele>3213.47</ele>
      </trkpt>
      <trkpt lat="36.49074" lon="-118.19218">
        <ele>3215.53</ele>
      </trkpt>
      <trkpt lat="36.49077" lon="-118.19256">
        <ele>3218.28</ele>
      </trkpt>
      <trkpt lat="36.49096" lon="-118.19297">
        <ele>3227.76</ele>
      </trkpt>
      <trkpt lat="36.49098" lon="-118.19318">
        <ele>3229.9</ele>
      </trkpt>
      <trkpt lat="36.49107" lon="-118.19325">
        <ele>3232.71</ele>
      </trkpt>
      <trkpt lat="36.49111" lon="-118.19348">
        <ele>3234.98</ele>
      </trkpt>
      <trkpt lat="36.49112" lon="-118.19375">
        <ele>3236.19</ele>
      </trkpt>
      <trkpt lat="36.4914" lon="-118.19434">
        <ele>3242.12</ele>
      </trkpt>
      <trkpt lat="36.49137" lon="-118.19464">
        <ele>3245.11</ele>
      </trkpt>
      <trkpt lat="36.4914" lon="-118.1949">
        <ele>3249.03</ele>
      </trkpt>
      <trkpt lat="36.49134" lon="-118.19516">
        <ele>3251.2</ele>
      </trkpt>
      <trkpt lat="36.49112" lon="-118.19535">
        <ele>3251.88</ele>
      </trkpt>
      <trkpt lat="36.49126" lon="-118.19581">
        <ele>3258.65</ele>
      </trkpt>
      <trkpt lat="36.49127" lon="-118.19613">
        <ele>3263.07</ele>
      </trkpt>
      <trkpt lat="36.49134" lon="-118.19627">
        <ele>3266.19</ele>
      </trkpt>
      <trkpt lat="36.49134" lon="-118.1964">
        <ele>3267.53</ele>
      </trkpt>
      <trkpt lat="36.49139" lon="-118.19653">
        <ele>3269.55</ele>
      </trkpt>
      <trkpt lat="36.49137" lon="-118.19686">
        <ele>3272.59</ele>
      </trkpt>
      <trkpt lat="36.49141" lon="-118.19725">
        <ele>3276.46</ele>
      </trkpt>
      <trkpt lat="36.49139" lon="-118.1974">
        <ele>3276.94</ele>
      </trkpt>
      <trkpt lat="36.49145" lon="-118.19762">
        <ele>3279.32</ele>
      </trkpt>
      <trkpt lat="36.49148" lon="-118.19786">
        <ele>3280.97</ele>
      </trkpt>
      <trkpt lat="36.49142" lon="-118.1982">
        <ele>3282.38</ele>
      </trkpt>
      <trkpt lat="36.49156" lon="-118.19841">
        <ele>3287.4</ele>
      </trkpt>
      <trkpt lat="36.49168" lon="-118.1988">
        <ele>3291.47</ele>
      </trkpt>
      <trkpt lat="36.49166" lon="-118.199">
        <ele>3291.78</ele>
      </trkpt>
      <trkpt lat="36.49174" lon="-118.19936">
        <ele>3297.26</ele>
      </trkpt>
      <trkpt lat="36.49186" lon="-118.19944">
        <ele>3303.3</ele>
      </trkpt>
      <trkpt lat="36.49196" lon="-118.19975">
        <ele>3310.92</ele>
      </trkpt>
      <trkpt lat="36.49208" lon="-118.19978">
        <ele>3315.68</ele>
      </trkpt>
      <trkpt lat="36.49215" lon="-118.20008">
        <ele>3320.52</ele>
      </trkpt>
      <trkpt lat="36.49215" lon="-118.20035">
        <ele>3322.44</ele>
      </trkpt>
      <trkpt lat="36.4923" lon="-118.2008">
        <ele>3331.46</ele>
      </trkpt>
      <trkpt lat="36.49235" lon="-118.20123">
        <ele>3335.87</ele>
      </trkpt>
      <trkpt lat="36.49256" lon="-118.20154">
        <ele>3342.93</ele>
      </trkpt>
      <trkpt lat="36.49262" lon="-118.20176">
        <ele>3344.59</ele>
      </trkpt>
      <trkpt lat="36.49276" lon="-118.20194">
        <ele>3347.58</ele>
      </trkpt>
      <trkpt lat="36.49297" lon="-118.20244">
        <ele>3355.03</ele>
      </trkpt>
      <trkpt lat="36.49286" lon="-118.20283">
        <ele>3355.95</ele>
      </trkpt>
      <trkpt lat="36.49263" lon="-118.2033">
        <ele>3360.83</ele>
      </trkpt>
      <trkpt lat="36.49255" lon="-118.20357">
        <ele>3363.92</ele>
      </trkpt>
      <trkpt lat="36.49237" lon="-118.20402">
        <ele>3366.75</ele>
      </trkpt>
      <trkpt lat="36.4924" lon="-118.20484">
        <ele>3364.08</ele>
      </trkpt>
      <trkpt lat="36.49252" lon="-118.2053">
        <ele>3363.6</ele>
      </trkpt>
      <trkpt lat="36.49246" lon="-118.2059">
        <ele>3363.0</ele>
      </trkpt>
      <trkpt lat="36.49229" lon="-118.20657">
        <ele>3363.73</ele>
      </trkpt>
      <trkpt lat="36.49223" lon="-118.20687">
        <ele>3364.0</ele>
      </trkpt>
      <trkpt lat="36.49217" lon="-118.2077">
        <ele>3364.44</ele>
      </trkpt>
      <trkpt lat="36.49241" lon="-118.20809">
        <ele>3366.0</ele>
      </trkpt>
      <trkpt lat="36.49245" lon="-118.20822">
        <ele>3366.0</ele>
      </trkpt>
      <trkpt lat="36.49238" lon="-118.20845">
        <ele>3365.78</ele>
      </trkpt>
      <trkpt lat="36.4924" lon="-118.20925">
        <ele>3368.82</ele>
      </trkpt>
      <trkpt lat="36.49235" lon="-118.20986">
        <ele>3372.87</ele>
      </trkpt>
      <trkpt lat="36.49216" lon="-118.21024">
        <ele>3375.92</ele>
      </trkpt>
      <trkpt lat="36.49222" lon="-118.21051">
        <ele>3378.98</ele>
      </trkpt>
      <trkpt lat="36.49238" lon="-118.21069">
        <ele>3380.0</ele>
      </trkpt>
      <trkpt lat="36.49245" lon="-118.21105">
        <ele>3381.16</ele>
      </trkpt>
      <trkpt lat="36.49258" lon="-118.21131">
        <ele>3382.13</ele>
      </trkpt>
      <trkpt lat="36.49283" lon="-118.21151">
        <ele>3384.56</ele>
      </trkpt>
      <trkpt lat="36.49332" lon="-118.21179">
        <ele>3388.86</ele>
      </trkpt>
      <trkpt lat="36.49361" lon="-118.21224">
        <ele>3389.0</ele>
      </trkpt>
      <trkpt lat="36.4936" lon="-118.21237">
        <ele>3388.28</ele>
      </trkpt>
      <trkpt lat="36.49342" lon="-118.21267">
        <ele>3385.95</ele>
      </trkpt>
      <trkpt lat="36.49339" lon="-118.21286">
        <ele>3385.0</ele>
      </trkpt>
      <trkpt lat="36.49361" lon="-118.21339">
        <ele>3384.38</ele>
      </trkpt>
      <trkpt lat="36.49383" lon="-118.21352">
        <ele>3385.0</ele>
      </trkpt>
      <trkpt lat="36.49426" lon="-118.21387">
        <ele>3385.79</ele>
      </trkpt>
      <trkpt lat="36.49444" lon="-118.2143">
        <ele>3386.0</ele>
      </trkpt>
      <trkpt lat="36.49477" lon="-118.21531">
        <ele>3384.0</ele>
      </trkpt>
      <trkpt lat="36.49504" lon="-118.21569">
        <ele>3384.0</ele>
      </trkpt>
      <trkpt lat="36.49526" lon="-118.21592">
        <ele>3384.0</ele>
      </trkpt>
      <trkpt lat="36.4958" lon="-118.2163">
        <ele>3384.0</ele>
      </trkpt>
      <trkpt lat="36.49616" lon="-118.21716">
        <ele>3384.35</ele>
      </trkpt>
      <trkpt lat="36.49635" lon="-118.21739">
        <ele>3384.0</ele>
      </trkpt>
      <trkpt lat="36.49654" lon="-118.21784">
        <ele>3384.42</ele>
      </trkpt>
      <trkpt lat="36.49683" lon="-118.21807">
        <ele>3386.16</ele>
      </trkpt>
      <trkpt lat="36.49725" lon="-118.21835">
        <ele>3389.18</ele>
      </trkpt>
      <trkpt lat="36.49734" lon="-118.21857">
        <ele>3390.88</ele>
      </trkpt>
      <trkpt lat="36.49749" lon="-118.21879">
        <ele>3391.1</ele>
      </trkpt>
      <trkpt lat="36.49766" lon="-118.21924">
        <ele>3392.0</ele>
      </trkpt>
      <trkpt lat="36.49794" lon="-118.21939">
        <ele>3391.59</ele>
      </trkpt>
      <trkpt lat="36.49821" lon="-118.21949">
        <ele>3391.18</ele>
      </trkpt>
      <trkpt lat="36.49831" lon="-118.21974">
        <ele>3388.56</ele>
      </trkpt>
      <trkpt lat="36.49847" lon="-118.21983">
        <ele>3388.15</ele>
      </trkpt>
      <trkpt lat="36.49849" lon="-118.21991">
        <ele>3386.64</ele>
      </trkpt>
      <trkpt lat="36.49847" lon="-118.22004">
        <ele>3384.14</ele>
      </trkpt>
      <trkpt lat="36.49847" lon="-118.22018">
        <ele>3381.61</ele>
      </trkpt>
      <trkpt lat="36.49843" lon="-118.22031">
        <ele>3379.65</ele>
      </trkpt>
      <trkpt lat="36.49828" lon="-118.22049">
        <ele>3378.28</ele>
      </trkpt>
      <trkpt lat="36.49829" lon="-118.22082">
        <ele>3374.14</ele>
      </trkpt>
      <trkpt lat="36.49829" lon="-118.22082">
        <ele>3374.14</ele>
      </trkpt>
      <trkpt lat="36.49829" lon="-118.22089">
        <ele>3373.71</ele>
      </trkpt>
      <trkpt lat="36.49836" lon="-118.22102">
        <ele>3373.29</ele>
      </trkpt>
      <trkpt lat="36.49852" lon="-118.22112">
        <ele>3374.01</ele>
      </trkpt>
      <trkpt lat="36.49869" lon="-118.22143">
        <ele>3374.85</ele>
      </trkpt>
      <trkpt lat="36.49881" lon="-118.22156">
        <ele>3375.15</ele>
      </trkpt>
      <trkpt lat="36.49887" lon="-118.2218">
        <ele>3375.8</ele>
      </trkpt>
      <trkpt lat="36.49887" lon="-118.222">
        <ele>3375.8</ele>
      </trkpt>
      <trkpt lat="36.4987" lon="-118.22233">
        <ele>3374.12</ele>
      </trkpt>
      <trkpt lat="36.49861" lon="-118.22287">
        <ele>3379.96</ele>
      </trkpt>
      <trkpt lat="36.49864" lon="-118.22307">
        <ele>3385.56</ele>
      </trkpt>
      <trkpt lat="36.49874" lon="-118.22309">
        <ele>3390.7</ele>
      </trkpt>
      <trkpt lat="36.49862" lon="-118.22337">
        <ele>3389.88</ele>
      </trkpt>
      <trkpt lat="36.49861" lon="-118.22353">
        <ele>3390.95</ele>
      </trkpt>
      <trkpt lat="36.49874" lon="-118.22355">
        <ele>3396.36</ele>
      </trkpt>
      <trkpt lat="36.49928" lon="-118.22405">
        <ele>3408.8</ele>
      </trkpt>
      <trkpt lat="36.49961" lon="-118.22412">
        <ele>3414.08</ele>
      </trkpt>
      <trkpt lat="36.49991" lon="-118.22411">
        <ele>3415.61</ele>
      </trkpt>
      <trkpt lat="36.5001" lon="-118.2243">
        <ele>3415.0</ele>
      </trkpt>
      <trkpt lat="36.50025" lon="-118.22457">
        <ele>3414.0</ele>
      </trkpt>
      <trkpt lat="36.50037" lon="-118.22494">
        <ele>3414.0</ele>
      </trkpt>
      <trkpt lat="36.50061" lon="-118.22537">
        <ele>3412.0</ele>
      </trkpt>
      <trkpt lat="36.50066" lon="-118.22567">
        <ele>3408.92</ele>
      </trkpt>
      <trkpt lat="36.5008" lon="-118.22619">
        <ele>3412.92</ele>
      </trkpt>
      <trkpt lat="36.50081" lon="-118.22664">
        <ele>3414.42</ele>
      </trkpt>
      <trkpt lat="36.50077" lon="-118.22684">
        <ele>3415.91</ele>
      </trkpt>
      <trkpt lat="36.50078" lon="-118.22702">
        <ele>3416.0</ele>
      </trkpt>
      <trkpt lat="36.50067" lon="-118.22745">
        <ele>3416.0</ele>
      </trkpt>
      <trkpt lat="36.50066" lon="-118.22793">
        <ele>3416.0</ele>
      </trkpt>
      <trkpt lat="36.50033" lon="-118.22924">
        <ele>3414.56</ele>
      </trkpt>
      <trkpt lat="36.50011" lon="-118.22988">
        <ele>3411.13</ele>
      </trkpt>
      <trkpt lat="36.49992" lon="-118.23047">
        <ele>3414.07</ele>
      </trkpt>
      <trkpt lat="36.49993" lon="-118.23083">
        <ele>3413.24</ele>
      </trkpt>
      <trkpt lat="36.49988" lon="-118.2312">
        <ele>3415.07</ele>
      </trkpt>
      <trkpt lat="36.49969" lon="-118.23147">
        <ele>3413.36</ele>
      </trkpt>
      <trkpt lat="36.49968" lon="-118.23167">
        <ele>3416.63</ele>
      </trkpt>
      <trkpt lat="36.4996" lon="-118.23185">
        <ele>3415.02</ele>
      </trkpt>
      <trkpt lat="36.49963" lon="-118.23215">
        <ele>3418.23</ele>
      </trkpt>
      <trkpt lat="36.49957" lon="-118.2323">
        <ele>3418.55</ele>
      </trkpt>
      <trkpt lat="36.49955" lon="-118.23273">
        <ele>3421.76</ele>
      </trkpt>
      <trkpt lat="36.49937" lon="-118.23302">
        <ele>3422.01</ele>
      </trkpt>
      <trkpt lat="36.49935" lon="-118.2333">
        <ele>3425.25</ele>
      </trkpt>
      <trkpt lat="36.49926" lon="-118.23345">
        <ele>3425.28</ele>
      </trkpt>
      <trkpt lat="36.49926" lon="-118.23362">
        <ele>3428.21</ele>
      </trkpt>
      <trkpt lat="36.49912" lon="-118.23381">
        <ele>3428.21</ele>
      </trkpt>
      <trkpt lat="36.49909" lon="-118.23407">
        <ele>3432.59</ele>
      </trkpt>
      <trkpt lat="36.49867" lon="-118.23457">
        <ele>3432.34</ele>
      </trkpt>
      <trkpt lat="36.49846" lon="-118.23496">
        <ele>3440.8</ele>
      </trkpt>
      <trkpt lat="36.49832" lon="-118.2351">
        <ele>3445.33</ele>
      </trkpt>
      <trkpt lat="36.49841" lon="-118.23527">
        <ele>3453.49</ele>
      </trkpt>
      <trkpt lat="36.49824" lon="-118.2354">
        <ele>3456.97</ele>
      </trkpt>
      <trkpt lat="36.49834" lon="-118.2355">
        <ele>3460.27</ele>
      </trkpt>
      <trkpt lat="36.49826" lon="-118.23557">
        <ele>3462.34</ele>
      </trkpt>
      <trkpt lat="36.498" lon="-118.23569">
        <ele>3467.41</ele>
      </trkpt>
      <trkpt lat="36.49783" lon="-118.23553">
        <ele>3463.04</ele>
      </trkpt>
      <trkpt lat="36.49765" lon="-118.23549">
        <ele>3465.55</ele>
      </trkpt>
      <trkpt lat="36.49758" lon="-118.23553">
        <ele>3468.09</ele>
      </trkpt>
      <trkpt lat="36.49752" lon="-118.23563">
        <ele>3474.59</ele>
      </trkpt>
      <trkpt lat="36.49731" lon="-118.23564">
        <ele>3478.81</ele>
      </trkpt>
      <trkpt lat="36.49719" lon="-118.23552">
        <ele>3479.03</ele>
      </trkpt>
      <trkpt lat="36.4968" lon="-118.23531">
        <ele>3490.71</ele>
      </trkpt>
      <trkpt lat="36.4966" lon="-118.23493">
        <ele>3501.32</ele>
      </trkpt>
      <trkpt lat="36.49653" lon="-118.23472">
        <ele>3503.36</ele>
      </trkpt>
      <trkpt lat="36.49642" lon="-118.23461">
        <ele>3507.44</ele>
      </trkpt>
      <trkpt lat="36.49619" lon="-118.23419">
        <ele>3516.29</ele>
      </trkpt>
      <trkpt lat="36.49618" lon="-118.23406">
        <ele>3515.9</ele>
      </trkpt>
      <trkpt lat="36.49595" lon="-118.23375">
        <ele>3536.03</ele>
      </trkpt>
      <trkpt lat="36.49593" lon="-118.23392">
        <ele>3538.6</ele>
      </trkpt>
      <trkpt lat="36.49596" lon="-118.23401">
        <ele>3535.69</ele>
      </trkpt>
      <trkpt lat="36.49592" lon="-118.23402">
        <ele>3539.58</ele>
      </trkpt>
      <trkpt lat="36.49584" lon="-118.2339">
        <ele>3546.54</ele>
      </trkpt>
      <trkpt lat="36.49581" lon="-118.23388">
        <ele>3549.27</ele>
      </trkpt>
      <trkpt lat="36.49581" lon="-118.23405">
        <ele>3550.45</ele>
      </trkpt>
      <trkpt lat="36.49579" lon="-118.23407">
        <ele>3552.66</ele>
      </trkpt>
      <trkpt lat="36.49579" lon="-118.2342">
        <ele>3553.68</ele>
      </trkpt>
      <trkpt lat="36.49555" lon="-118.23385">
        <ele>3574.3</ele>
      </trkpt>
      <trkpt lat="36.4955" lon="-118.23372">
        <ele>3580.36</ele>
      </trkpt>
      <trkpt lat="36.49543" lon="-118.2337">
        <ele>3589.59</ele>
      </trkpt>
      <trkpt lat="36.49538" lon="-118.23381">
        <ele>3593.98</ele>
      </trkpt>
      <trkpt lat="36.49536" lon="-118.23405">
        <ele>3598.73</ele>
      </trkpt>
      <trkpt lat="36.49542" lon="-118.23439">
        <ele>3600.24</ele>
      </trkpt>
      <trkpt lat="36.4954" lon="-118.23473">
        <ele>3616.55</ele>
      </trkpt>
      <trkpt lat="36.49551" lon="-118.2352">
        <ele>3627.64</ele>
      </trkpt>
      <trkpt lat="36.49553" lon="-118.23554">
        <ele>3639.87</ele>
      </trkpt>
      <trkpt lat="36.49565" lon="-118.23577">
        <ele>3637.2</ele>
      </trkpt>
      <trkpt lat="36.49572" lon="-118.23601">
        <ele>3646.39</ele>
      </trkpt>
      <trkpt lat="36.49585" lon="-118.23634">
        <ele>3646.48</ele>
      </trkpt>
      <trkpt lat="36.49585" lon="-118.23645">
        <ele>3650.14</ele>
      </trkpt>
      <trkpt lat="36.4959" lon="-118.23663">
        <ele>3647.27</ele>
      </trkpt>
      <trkpt lat="36.49603" lon="-118.23676">
        <ele>3639.92</ele>
      </trkpt>
      <trkpt lat="36.4961" lon="-118.23694">
        <ele>3641.77</ele>
      </trkpt>
      <trkpt lat="36.49623" lon="-118.23714">
        <ele>3637.02</ele>
      </trkpt>
      <trkpt lat="36.49624" lon="-118.23724">
        <ele>3640.08</ele>
      </trkpt>
      <trkpt lat="36.49634" lon="-118.2374">
        <ele>3635.06</ele>
      </trkpt>
      <trkpt lat="36.49639" lon="-118.23764">
        <ele>3637.85</ele>
      </trkpt>
      <trkpt lat="36.49653" lon="-118.23782">
        <ele>3624.25</ele>
      </trkpt>
      <trkpt lat="36.49657" lon="-118.23808">
        <ele>3632.44</ele>
      </trkpt>
      <trkpt lat="36.49666" lon="-118.2385">
        <ele>3639.96</ele>
      </trkpt>
      <trkpt lat="36.49662" lon="-118.23882">
        <ele>3647.63</ele>
      </trkpt>
      <trkpt lat="36.49664" lon="-118.23888">
        <ele>3647.93</ele>
      </trkpt>
      <trkpt lat="36.49668" lon="-118.23893">
        <ele>3648.44</ele>
      </trkpt>
      <trkpt lat="36.49673" lon="-118.239">
        <ele>3649.0</ele>
      </trkpt>
      <trkpt lat="36.49678" lon="-118.23913">
        <ele>3649.22</ele>
      </trkpt>
      <trkpt lat="36.49681" lon="-118.23916">
        <ele>3649.55</ele>
      </trkpt>
      <trkpt lat="36.49684" lon="-118.23922">
        <ele>3649.87</ele>
      </trkpt>
      <trkpt lat="36.49685" lon="-118.23928">
        <ele>3649.98</ele>
      </trkpt>
      <trkpt lat="36.49686" lon="-118.23934">
        <ele>3650.0</ele>
      </trkpt>
      <trkpt lat="36.49689" lon="-118.23937">
        <ele>3650.0</ele>
      </trkpt>
      <trkpt lat="36.49692" lon="-118.23951">
        <ele>3650.0</ele>
      </trkpt>
      <trkpt lat="36.49704" lon="-118.23966">
        <ele>3651.03</ele>
      </trkpt>
      <trkpt lat="36.49709" lon="-118.23976">
        <ele>3651.57</ele>
      </trkpt>
      <trkpt lat="36.49713" lon="-118.2398">
        <ele>3652.0</ele>
      </trkpt>
      <trkpt lat="36.49717" lon="-118.23987">
        <ele>3652.44</ele>
      </trkpt>
      <trkpt lat="36.4974" lon="-118.24031">
        <ele>3653.92</ele>
      </trkpt>
      <trkpt lat="36.49748" lon="-118.24048">
        <ele>3654.78</ele>
      </trkpt>
      <trkpt lat="36.49758" lon="-118.24066">
        <ele>3655.86</ele>
      </trkpt>
      <trkpt lat="36.49762" lon="-118.24075">
        <ele>3656.56</ele>
      </trkpt>
      <trkpt lat="36.49767" lon="-118.24084">
        <ele>3656.84</ele>
      </trkpt>
      <trkpt lat="36.49772" lon="-118.2409">
        <ele>3657.75</ele>
      </trkpt>
      <trkpt lat="36.4978" lon="-118.24108">
        <ele>3658.98</ele>
      </trkpt>
      <trkpt lat="36.49785" lon="-118.24114">
        <ele>3660.1</ele>
      </trkpt>
      <trkpt lat="36.49788" lon="-118.24123">
        <ele>3660.31</ele>
      </trkpt>
      <trkpt lat="36.4979" lon="-118.24126">
        <ele>3660.96</ele>
      </trkpt>
      <trkpt lat="36.49793" lon="-118.24128">
        <ele>3661.93</ele>
      </trkpt>
      <trkpt lat="36.49795" lon="-118.2413">
        <ele>3662.58</ele>
      </trkpt>
      <trkpt lat="36.49798" lon="-118.24137">
        <ele>3663.55</ele>
      </trkpt>
      <trkpt lat="36.49806" lon="-118.24148">
        <ele>3666.14</ele>
      </trkpt>
      <trkpt lat="36.49811" lon="-118.24152">
        <ele>3667.76</ele>
      </trkpt>
      <trkpt lat="36.49822" lon="-118.24164">
        <ele>3671.33</ele>
      </trkpt>
      <trkpt lat="36.49834" lon="-118.24185">
        <ele>3674.22</ele>
      </trkpt>
      <trkpt lat="36.49839" lon="-118.24189">
        <ele>3675.42</ele>
      </trkpt>
      <trkpt lat="36.49846" lon="-118.24195">
        <ele>3677.07</ele>
      </trkpt>
      <trkpt lat="36.49851" lon="-118.24199">
        <ele>3678.68</ele>
      </trkpt>
      <trkpt lat="36.49877" lon="-118.24225">
        <ele>3684.43</ele>
      </trkpt>
      <trkpt lat="36.49889" lon="-118.24228">
        <ele>3687.02</ele>
      </trkpt>
      <trkpt lat="36.49917" lon="-118.24253">
        <ele>3690.72</ele>
      </trkpt>
      <trkpt lat="36.49921" lon="-118.2426">
        <ele>3690.86</ele>
      </trkpt>
      <trkpt lat="36.49924" lon="-118.2427">
        <ele>3690.55</ele>
      </trkpt>
      <trkpt lat="36.49933" lon="-118.24282">
        <ele>3692.07</ele>
      </trkpt>
      <trkpt lat="36.49935" lon="-118.2429">
        <ele>3691.95</ele>
      </trkpt>
      <trkpt lat="36.49938" lon="-118.24293">
        <ele>3692.91</ele>
      </trkpt>
      <trkpt lat="36.49944" lon="-118.24294">
        <ele>3694.86</ele>
      </trkpt>
      <trkpt lat="36.49961" lon="-118.24312">
        <ele>3700.36</ele>
      </trkpt>
      <trkpt lat="36.49965" lon="-118.24315">
        <ele>3701.42</ele>
      </trkpt>
      <trkpt lat="36.4997" lon="-118.24315">
        <ele>3702.52</ele>
      </trkpt>
      <trkpt lat="36.49978" lon="-118.2432">
        <ele>3704.52</ele>
      </trkpt>
      <trkpt lat="36.4999" lon="-118.24334">
        <ele>3705.7</ele>
      </trkpt>
      <trkpt lat="36.49997" lon="-118.24339">
        <ele>3706.13</ele>
      </trkpt>
      <trkpt lat="36.5" lon="-118.24342">
        <ele>3706.13</ele>
      </trkpt>
      <trkpt lat="36.50004" lon="-118.24342">
        <ele>3706.96</ele>
      </trkpt>
      <trkpt lat="36.50006" lon="-118.24337">
        <ele>3708.11</ele>
      </trkpt>
      <trkpt lat="36.50006" lon="-118.24332">
        <ele>3708.79</ele>
      </trkpt>
      <trkpt lat="36.50008" lon="-118.24327">
        <ele>3709.55</ele>
      </trkpt>
      <trkpt lat="36.5001" lon="-118.24323">
        <ele>3710.28</ele>
      </trkpt>
      <trkpt lat="36.50013" lon="-118.2432">
        <ele>3711.25</ele>
      </trkpt>
      <trkpt lat="36.50034" lon="-118.24318">
        <ele>3713.98</ele>
      </trkpt>
      <trkpt lat="36.50042" lon="-118.2431">
        <ele>3716.06</ele>
      </trkpt>
      <trkpt lat="36.50053" lon="-118.2431">
        <ele>3716.9</ele>
      </trkpt>
      <trkpt lat="36.50062" lon="-118.24308">
        <ele>3718.17</ele>
      </trkpt>
      <trkpt lat="36.50073" lon="-118.24301">
        <ele>3719.93</ele>
      </trkpt>
      <trkpt lat="36.50088" lon="-118.24295">
        <ele>3722.21</ele>
      </trkpt>
      <trkpt lat="36.50092" lon="-118.2429">
        <ele>3723.32</ele>
      </trkpt>
      <trkpt lat="36.50098" lon="-118.24287">
        <ele>3724.59</ele>
      </trkpt>
      <trkpt lat="36.50111" lon="-118.24282">
        <ele>3726.09</ele>
      </trkpt>
      <trkpt lat="36.50116" lon="-118.24279">
        <ele>3727.26</ele>
      </trkpt>
      <trkpt lat="36.50132" lon="-118.24273">
        <ele>3729.29</ele>
      </trkpt>
      <trkpt lat="36.50149" lon="-118.24262">
        <ele>3732.41</ele>
      </trkpt>
      <trkpt lat="36.50153" lon="-118.24257">
        <ele>3733.49</ele>
      </trkpt>
      <trkpt lat="36.50161" lon="-118.24252">
        <ele>3734.57</ele>
      </trkpt>
      <trkpt lat="36.50171" lon="-118.2425">
        <ele>3735.0</ele>
      </trkpt>
      <trkpt lat="36.50182" lon="-118.24245">
        <ele>3736.08</ele>
      </trkpt>
      <trkpt lat="36.5019" lon="-118.2424">
        <ele>3737.16</ele>
      </trkpt>
      <trkpt lat="36.50194" lon="-118.24239">
        <ele>3737.38</ele>
      </trkpt>
      <trkpt lat="36.50208" lon="-118.24237">
        <ele>3738.59</ele>
      </trkpt>
      <trkpt lat="36.50212" lon="-118.24238">
        <ele>3738.56</ele>
      </trkpt>
      <trkpt lat="36.50226" lon="-118.24238">
        <ele>3738.59</ele>
      </trkpt>
      <trkpt lat="36.50266" lon="-118.24236">
        <ele>3740.75</ele>
      </trkpt>
      <trkpt lat="36.50274" lon="-118.24236">
        <ele>3741.02</ele>
      </trkpt>
      <trkpt lat="36.5028" lon="-118.24232">
        <ele>3742.13</ele>
      </trkpt>
      <trkpt lat="36.50288" lon="-118.2423">
        <ele>3743.32</ele>
      </trkpt>
      <trkpt lat="36.50294" lon="-118.2423">
        <ele>3743.32</ele>
      </trkpt>
      <trkpt lat="36.50302" lon="-118.2423">
        <ele>3743.94</ele>
      </trkpt>
      <trkpt lat="36.5031" lon="-118.24226">
        <ele>3745.38</ele>
      </trkpt>
      <trkpt lat="36.50356" lon="-118.24224">
        <ele>3748.06</ele>
      </trkpt>
      <trkpt lat="36.5037" lon="-118.24226">
        <ele>3748.18</ele>
      </trkpt>
      <trkpt lat="36.50374" lon="-118.24223">
        <ele>3749.22</ele>
      </trkpt>
      <trkpt lat="36.50392" lon="-118.24226">
        <ele>3749.38</ele>
      </trkpt>
      <trkpt lat="36.50405" lon="-118.24226">
        <ele>3750.08</ele>
      </trkpt>
      <trkpt lat="36.50432" lon="-118.24229">
        <ele>3750.71</ele>
      </trkpt>
      <trkpt lat="36.50444" lon="-118.24227">
        <ele>3751.94</ele>
      </trkpt>
      <trkpt lat="36.50461" lon="-118.24228">
        <ele>3752.13</ele>
      </trkpt>
      <trkpt lat="36.50484" lon="-118.24226">
        <ele>3753.35</ele>
      </trkpt>
      <trkpt lat="36.50504" lon="-118.24229">
        <ele>3753.54</ele>
      </trkpt>
      <trkpt lat="36.50523" lon="-118.24228">
        <ele>3753.75</ele>
      </trkpt>
      <trkpt lat="36.50533" lon="-118.24223">
        <ele>3754.83</ele>
      </trkpt>
      <trkpt lat="36.50544" lon="-118.24219">
        <ele>3755.7</ele>
      </trkpt>
      <trkpt lat="36.50579" lon="-118.24213">
        <ele>3757.99</ele>
      </trkpt>
      <trkpt lat="36.50592" lon="-118.24209">
        <ele>3758.43</ele>
      </trkpt>
      <trkpt lat="36.50629" lon="-118.24206">
        <ele>3761.68</ele>
      </trkpt>
      <trkpt lat="36.50644" lon="-118.24208">
        <ele>3763.09</ele>
      </trkpt>
      <trkpt lat="36.50653" lon="-118.24204">
        <ele>3765.0</ele>
      </trkpt>
      <trkpt lat="36.50681" lon="-118.24203">
        <ele>3768.62</ele>
      </trkpt>
      <trkpt lat="36.50691" lon="-118.242">
        <ele>3770.03</ele>
      </trkpt>
      <trkpt lat="36.50698" lon="-118.24199">
        <ele>3770.89</ele>
      </trkpt>
      <trkpt lat="36.50717" lon="-118.24193">
        <ele>3774.59</ele>
      </trkpt>
      <trkpt lat="36.50724" lon="-118.2419">
        <ele>3775.67</ele>
      </trkpt>
      <trkpt lat="36.50734" lon="-118.24188">
        <ele>3776.7</ele>
      </trkpt>
      <trkpt lat="36.50739" lon="-118.24189">
        <ele>3776.59</ele>
      </trkpt>
      <trkpt lat="36.50742" lon="-118.24191">
        <ele>3776.51</ele>
      </trkpt>
      <trkpt lat="36.50751" lon="-118.24192">
        <ele>3777.37</ele>
      </trkpt>
      <trkpt lat="36.50774" lon="-118.24188">
        <ele>3779.7</ele>
      </trkpt>
      <trkpt lat="36.50794" lon="-118.24188">
        <ele>3781.45</ele>
      </trkpt>
      <trkpt lat="36.50801" lon="-118.24191">
        <ele>3781.56</ele>
      </trkpt>
      <trkpt lat="36.50808" lon="-118.24192">
        <ele>3781.79</ele>
      </trkpt>
      <trkpt lat="36.50815" lon="-118.24191">
        <ele>3782.76</ele>
      </trkpt>
      <trkpt lat="36.50842" lon="-118.24181">
        <ele>3786.84</ele>
      </trkpt>
      <trkpt lat="36.50854" lon="-118.24179">
        <ele>3787.57</ele>
      </trkpt>
      <trkpt lat="36.50864" lon="-118.24175">
        <ele>3789.2</ele>
      </trkpt>
      <trkpt lat="36.50874" lon="-118.24174">
        <ele>3789.81</ele>
      </trkpt>
      <trkpt lat="36.50883" lon="-118.24174">
        <ele>3790.42</ele>
      </trkpt>
      <trkpt lat="36.50893" lon="-118.24173">
        <ele>3791.08</ele>
      </trkpt>
      <trkpt lat="36.50906" lon="-118.24167">
        <ele>3793.78</ele>
      </trkpt>
      <trkpt lat="36.50922" lon="-118.24162">
        <ele>3795.58</ele>
      </trkpt>
      <trkpt lat="36.50945" lon="-118.24151">
        <ele>3799.75</ele>
      </trkpt>
      <trkpt lat="36.50968" lon="-118.24151">
        <ele>3802.79</ele>
      </trkpt>
      <trkpt lat="36.50986" lon="-118.2415">
        <ele>3805.09</ele>
      </trkpt>
      <trkpt lat="36.51004" lon="-118.24145">
        <ele>3809.11</ele>
      </trkpt>
      <trkpt lat="36.51017" lon="-118.24146">
        <ele>3811.14</ele>
      </trkpt>
      <trkpt lat="36.51029" lon="-118.24139">
        <ele>3815.25</ele>
      </trkpt>
      <trkpt lat="36.51037" lon="-118.24133">
        <ele>3817.63</ele>
      </trkpt>
      <trkpt lat="36.51045" lon="-118.24129">
        <ele>3819.79</ele>
      </trkpt>
      <trkpt lat="36.51077" lon="-118.24124">
        <ele>3826.24</ele>
      </trkpt>
      <trkpt lat="36.51087" lon="-118.24119">
        <ele>3828.94</ele>
      </trkpt>
      <trkpt lat="36.51092" lon="-118.24117">
        <ele>3830.24</ele>
      </trkpt>
      <trkpt lat="36.51106" lon="-118.24117">
        <ele>3832.61</ele>
      </trkpt>
      <trkpt lat="36.51114" lon="-118.24112">
        <ele>3834.53</ele>
      </trkpt>
      <trkpt lat="36.51132" lon="-118.24107">
        <ele>3837.96</ele>
      </trkpt>
      <trkpt lat="36.51141" lon="-118.24106">
        <ele>3840.11</ele>
      </trkpt>
      <trkpt lat="36.51158" lon="-118.24114">
        <ele>3843.88</ele>
      </trkpt>
      <trkpt lat="36.5117" lon="-118.24122">
        <ele>3847.38</ele>
      </trkpt>
      <trkpt lat="36.51186" lon="-118.24139">
        <ele>3852.26</ele>
      </trkpt>
      <trkpt lat="36.51191" lon="-118.24147">
        <ele>3853.88</ele>
      </trkpt>
      <trkpt lat="36.51201" lon="-118.24167">
        <ele>3857.12</ele>
      </trkpt>
      <trkpt lat="36.51204" lon="-118.24169">
        <ele>3858.06</ele>
      </trkpt>
      <trkpt lat="36.51209" lon="-118.24171">
        <ele>3859.14</ele>
      </trkpt>
      <trkpt lat="36.51212" lon="-118.24168">
        <ele>3859.79</ele>
      </trkpt>
      <trkpt lat="36.51216" lon="-118.24162">
        <ele>3860.98</ele>
      </trkpt>
      <trkpt lat="36.51226" lon="-118.2415">
        <ele>3863.34</ele>
      </trkpt>
      <trkpt lat="36.51237" lon="-118.24143">
        <ele>3866.19</ele>
      </trkpt>
      <trkpt lat="36.51245" lon="-118.24142">
        <ele>3867.92</ele>
      </trkpt>
      <trkpt lat="36.51248" lon="-118.24139">
        <ele>3868.57</ele>
      </trkpt>
      <trkpt lat="36.51256" lon="-118.2413">
        <ele>3870.94</ele>
      </trkpt>
      <trkpt lat="36.51264" lon="-118.24116">
        <ele>3872.29</ele>
      </trkpt>
      <trkpt lat="36.51269" lon="-118.24111">
        <ele>3873.16</ele>
      </trkpt>
      <trkpt lat="36.51274" lon="-118.24109">
        <ele>3874.78</ele>
      </trkpt>
      <trkpt lat="36.5128" lon="-118.24109">
        <ele>3876.48</ele>
      </trkpt>
      <trkpt lat="36.51286" lon="-118.24112">
        <ele>3877.78</ele>
      </trkpt>
      <trkpt lat="36.51295" lon="-118.2412">
        <ele>3880.58</ele>
      </trkpt>
      <trkpt lat="36.51307" lon="-118.24134">
        <ele>3885.1</ele>
      </trkpt>
      <trkpt lat="36.51328" lon="-118.24169">
        <ele>3895.95</ele>
      </trkpt>
      <trkpt lat="36.5135" lon="-118.24203">
        <ele>3908.12</ele>
      </trkpt>
      <trkpt lat="36.51354" lon="-118.24207">
        <ele>3910.28</ele>
      </trkpt>
      <trkpt lat="36.5136" lon="-118.24204">
        <ele>3912.55</ele>
      </trkpt>
      <trkpt lat="36.51365" lon="-118.242">
        <ele>3914.28</ele>
      </trkpt>
      <trkpt lat="36.51369" lon="-118.24199">
        <ele>3915.9</ele>
      </trkpt>
      <trkpt lat="36.51374" lon="-118.24204">
        <ele>3918.6</ele>
      </trkpt>
      <trkpt lat="36.51377" lon="-118.2421">
        <ele>3920.54</ele>
      </trkpt>
      <trkpt lat="36.51376" lon="-118.24218">
        <ele>3920.65</ele>
      </trkpt>
      <trkpt lat="36.51379" lon="-118.24226">
        <ele>3922.2</ele>
      </trkpt>
      <trkpt lat="36.51386" lon="-118.24228">
        <ele>3924.95</ele>
      </trkpt>
      <trkpt lat="36.51392" lon="-118.24233">
        <ele>3927.17</ele>
      </trkpt>
      <trkpt lat="36.51394" lon="-118.2424">
        <ele>3928.58</ele>
      </trkpt>
      <trkpt lat="36.51398" lon="-118.24244">
        <ele>3930.3</ele>
      </trkpt>
      <trkpt lat="36.51407" lon="-118.24246">
        <ele>3933.44</ele>
      </trkpt>
      <trkpt lat="36.51414" lon="-118.2425">
        <ele>3936.14</ele>
      </trkpt>
      <trkpt lat="36.5142" lon="-118.24255">
        <ele>3938.62</ele>
      </trkpt>
      <trkpt lat="36.5143" lon="-118.24269">
        <ele>3943.34</ele>
      </trkpt>
      <trkpt lat="36.5144" lon="-118.2428">
        <ele>3947.68</ele>
      </trkpt>
      <trkpt lat="36.51451" lon="-118.24283">
        <ele>3951.69</ele>
      </trkpt>
      <trkpt lat="36.51471" lon="-118.24286">
        <ele>3958.49</ele>
      </trkpt>
      <trkpt lat="36.51479" lon="-118.24289">
        <ele>3960.62</ele>
      </trkpt>
      <trkpt lat="36.51483" lon="-118.24294">
        <ele>3962.24</ele>
      </trkpt>
      <trkpt lat="36.51488" lon="-118.24296">
        <ele>3964.08</ele>
      </trkpt>
      <trkpt lat="36.51492" lon="-118.24294">
        <ele>3965.19</ele>
      </trkpt>
      <trkpt lat="36.51507" lon="-118.24281">
        <ele>3970.11</ele>
      </trkpt>
      <trkpt lat="36.51517" lon="-118.24278">
        <ele>3974.34</ele>
      </trkpt>
      <trkpt lat="36.51524" lon="-118.24278">
        <ele>3976.78</ele>
      </trkpt>
      <trkpt lat="36.51531" lon="-118.24272">
        <ele>3979.04</ele>
      </trkpt>
      <trkpt lat="36.51542" lon="-118.24267">
        <ele>3983.14</ele>
      </trkpt>
      <trkpt lat="36.51557" lon="-118.24251">
        <ele>3989.62</ele>
      </trkpt>
      <trkpt lat="36.5156" lon="-118.24252">
        <ele>3990.92</ele>
      </trkpt>
      <trkpt lat="36.51572" lon="-118.24267">
        <ele>3996.29</ele>
      </trkpt>
      <trkpt lat="36.51578" lon="-118.2427">
        <ele>3998.34</ele>
      </trkpt>
      <trkpt lat="36.51581" lon="-118.24274">
        <ele>3999.69</ele>
      </trkpt>
      <trkpt lat="36.51584" lon="-118.24276">
        <ele>4000.97</ele>
      </trkpt>
      <trkpt lat="36.51591" lon="-118.24278">
        <ele>4002.66</ele>
      </trkpt>
      <trkpt lat="36.51597" lon="-118.24276">
        <ele>4003.95</ele>
      </trkpt>
      <trkpt lat="36.51604" lon="-118.24278">
        <ele>4005.46</ele>
      </trkpt>
      <trkpt lat="36.51608" lon="-118.24282">
        <ele>4006.03</ele>
      </trkpt>
      <trkpt lat="36.51617" lon="-118.24287">
        <ele>4007.27</ele>
      </trkpt>
      <trkpt lat="36.51662" lon="-118.24298">
        <ele>4015.31</ele>
      </trkpt>
      <trkpt lat="36.51675" lon="-118.24302">
        <ele>4016.63</ele>
      </trkpt>
      <trkpt lat="36.51691" lon="-118.24313">
        <ele>4016.02</ele>
      </trkpt>
      <trkpt lat="36.51697" lon="-118.24315">
        <ele>4015.97</ele>
      </trkpt>
      <trkpt lat="36.51702" lon="-118.2432">
        <ele>4015.34</ele>
      </trkpt>
      <trkpt lat="36.5172" lon="-118.24348">
        <ele>4014.94</ele>
      </trkpt>
      <trkpt lat="36.51729" lon="-118.24359">
        <ele>4016.46</ele>
      </trkpt>
      <trkpt lat="36.51734" lon="-118.24372">
        <ele>4017.82</ele>
      </trkpt>
      <trkpt lat="36.51738" lon="-118.24397">
        <ele>4018.52</ele>
      </trkpt>
      <trkpt lat="36.51743" lon="-118.2441">
        <ele>4021.01</ele>
      </trkpt>
      <trkpt lat="36.51753" lon="-118.24428">
        <ele>4025.24</ele>
      </trkpt>
      <trkpt lat="36.51759" lon="-118.24443">
        <ele>4026.14</ele>
      </trkpt>
      <trkpt lat="36.5176" lon="-118.24452">
        <ele>4024.02</ele>
      </trkpt>
      <trkpt lat="36.51764" lon="-118.24461">
        <ele>4024.09</ele>
      </trkpt>
      <trkpt lat="36.51775" lon="-118.24477">
        <ele>4026.81</ele>
      </trkpt>
      <trkpt lat="36.51782" lon="-118.24484">
        <ele>4029.19</ele>
      </trkpt>
      <trkpt lat="36.51787" lon="-118.24486">
        <ele>4032.0</ele>
      </trkpt>
      <trkpt lat="36.5179" lon="-118.24483">
        <ele>4034.54</ele>
      </trkpt>
      <trkpt lat="36.51792" lon="-118.24479">
        <ele>4036.88</ele>
      </trkpt>
      <trkpt lat="36.5179" lon="-118.24471">
        <ele>4037.86</ele>
      </trkpt>
      <trkpt lat="36.51791" lon="-118.24464">
        <ele>4039.92</ele>
      </trkpt>
      <trkpt lat="36.51792" lon="-118.24461">
        <ele>4041.1</ele>
      </trkpt>
      <trkpt lat="36.51796" lon="-118.24457">
        <ele>4044.13</ele>
      </trkpt>
      <trkpt lat="36.51799" lon="-118.24456">
        <ele>4045.67</ele>
      </trkpt>
      <trkpt lat="36.51802" lon="-118.24455">
        <ele>4047.18</ele>
      </trkpt>
      <trkpt lat="36.51814" lon="-118.24457">
        <ele>4051.94</ele>
      </trkpt>
      <trkpt lat="36.51821" lon="-118.24461">
        <ele>4054.76</ele>
      </trkpt>
      <trkpt lat="36.51826" lon="-118.24463">
        <ele>4056.82</ele>
      </trkpt>
      <trkpt lat="36.51831" lon="-118.24463">
        <ele>4058.98</ele>
      </trkpt>
      <trkpt lat="36.51836" lon="-118.24457">
        <ele>4062.91</ele>
      </trkpt>
      <trkpt lat="36.51841" lon="-118.24454">
        <ele>4066.88</ele>
      </trkpt>
      <trkpt lat="36.51846" lon="-118.24452">
        <ele>4070.69</ele>
      </trkpt>
      <trkpt lat="36.5185" lon="-118.24453">
        <ele>4072.97</ele>
      </trkpt>
      <trkpt lat="36.51857" lon="-118.24459">
        <ele>4075.06</ele>
      </trkpt>
      <trkpt lat="36.51862" lon="-118.2446">
        <ele>4077.44</ele>
      </trkpt>
      <trkpt lat="36.51864" lon="-118.24458">
        <ele>4079.17</ele>
      </trkpt>
      <trkpt lat="36.51879" lon="-118.24429">
        <ele>4094.0</ele>
      </trkpt>
      <trkpt lat="36.51893" lon="-118.24398">
        <ele>4106.25</ele>
      </trkpt>
      <trkpt lat="36.51904" lon="-118.24367">
        <ele>4117.29</ele>
      </trkpt>
      <trkpt lat="36.51913" lon="-118.24358">
        <ele>4122.75</ele>
      </trkpt>
      <trkpt lat="36.51927" lon="-118.24358">
        <ele>4128.84</ele>
      </trkpt>
      <trkpt lat="36.51938" lon="-118.24362">
        <ele>4133.12</ele>
      </trkpt>
      <trkpt lat="36.51947" lon="-118.24368">
        <ele>4136.36</ele>
      </trkpt>
      <trkpt lat="36.51955" lon="-118.24362">
        <ele>4140.45</ele>
      </trkpt>
      <trkpt lat="36.51974" lon="-118.24333">
        <ele>4151.8</ele>
      </trkpt>
      <trkpt lat="36.51996" lon="-118.24296">
        <ele>4164.27</ele>
      </trkpt>
      <trkpt lat="36.52015" lon="-118.24275">
        <ele>4173.48</ele>
      </trkpt>
      <trkpt lat="36.52029" lon="-118.24268">
        <ele>4179.58</ele>
      </trkpt>
      <trkpt lat="36.52046" lon="-118.2427">
        <ele>4186.72</ele>
      </trkpt>
      <trkpt lat="36.52061" lon="-118.24264">
        <ele>4193.05</ele>
      </trkpt>
      <trkpt lat="36.52082" lon="-118.24243">
        <ele>4202.53</ele>
      </trkpt>
      <trkpt lat="36.52129" lon="-118.2416">
        <ele>4221.8</ele>
      </trkpt>
      <trkpt lat="36.52171" lon="-118.2408">
        <ele>4229.94</ele>
      </trkpt>
      <trkpt lat="36.52199" lon="-118.24034">
        <ele>4235.98</ele>
      </trkpt>
      <trkpt lat="36.52238" lon="-118.23997">
        <ele>4244.93</ele>
      </trkpt>
      <trkpt lat="36.52267" lon="-118.23966">
        <ele>4251.4</ele>
      </trkpt>
      <trkpt lat="36.52277" lon="-118.23952">
        <ele>4254.83</ele>
      </trkpt>
      <trkpt lat="36.52295" lon="-118.23954">
        <ele>4258.69</ele>
      </trkpt>
      <trkpt lat="36.52307" lon="-118.23957">
        <ele>4260.31</ele>
      </trkpt>
      <trkpt lat="36.52321" lon="-118.2395">
        <ele>4262.94</ele>
      </trkpt>
      <trkpt lat="36.52335" lon="-118.23949">
        <ele>4265.09</ele>
      </trkpt>
      <trkpt lat="36.52335" lon="-118.23949">
        <ele>4265.09</ele>
      </trkpt>
      <trkpt lat="36.52321" lon="-118.2395">
        <ele>4262.94</ele>
      </trkpt>
      <trkpt lat="36.52307" lon="-118.23957">
        <ele>4260.31</ele>
      </trkpt>
      <trkpt lat="36.52295" lon="-118.23954">
        <ele>4258.69</ele>
      </trkpt>
      <trkpt lat="36.52277" lon="-118.23952">
        <ele>4254.83</ele>
      </trkpt>
      <trkpt lat="36.52267" lon="-118.23966">
        <ele>4251.4</ele>
      </trkpt>
      <trkpt lat="36.52238" lon="-118.23997">
        <ele>4244.93</ele>
      </trkpt>
      <trkpt lat="36.52199" lon="-118.24034">
        <ele>4235.98</ele>
      </trkpt>
      <trkpt lat="36.52171" lon="-118.2408">
        <ele>4229.94</ele>
      </trkpt>
      <trkpt lat="36.52129" lon="-118.2416">
        <ele>4221.8</ele>
      </trkpt>
      <trkpt lat="36.52082" lon="-118.24243">
        <ele>4202.53</ele>
      </trkpt>
      <trkpt lat="36.52061" lon="-118.24264">
        <ele>4193.05</ele>
      </trkpt>
      <trkpt lat="36.52046" lon="-118.2427">
        <ele>4186.72</ele>
      </trkpt>
      <trkpt lat="36.52029" lon="-118.24268">
        <ele>4179.58</ele>
      </trkpt>
      <trkpt lat="36.52015" lon="-118.24275">
        <ele>4173.48</ele>
      </trkpt>
      <trkpt lat="36.51996" lon="-118.24296">
        <ele>4164.27</ele>
      </trkpt>
      <trkpt lat="36.51974" lon="-118.24333">
        <ele>4151.8</ele>
      </trkpt>
      <trkpt lat="36.51955" lon="-118.24362">
        <ele>4140.45</ele>
      </trkpt>
      <trkpt lat="36.51947" lon="-118.24368">
        <ele>4136.36</ele>
      </trkpt>
      <trkpt lat="36.51938" lon="-118.24362">
        <ele>4133.12</ele>
      </trkpt>
      <trkpt lat="36.51927" lon="-118.24358">
        <ele>4128.84</ele>
      </trkpt>
      <trkpt lat="36.51913" lon="-118.24358">
        <ele>4122.75</ele>
      </trkpt>
      <trkpt lat="36.51904" lon="-118.24367">
        <ele>4117.29</ele>
      </trkpt>
      <trkpt lat="36.51893" lon="-118.24398">
        <ele>4106.25</ele>
      </trkpt>
      <trkpt lat="36.51879" lon="-118.24429">
        <ele>4094.0</ele>
      </trkpt>
      <trkpt lat="36.51864" lon="-118.24458">
        <ele>4079.17</ele>
      </trkpt>
      <trkpt lat="36.51862" lon="-118.2446">
        <ele>4077.44</ele>
      </trkpt>
      <trkpt lat="36.51857" lon="-118.24459">
        <ele>4075.06</ele>
      </trkpt>
      <trkpt lat="36.5185" lon="-118.24453">
        <ele>4072.97</ele>
      </trkpt>
      <trkpt lat="36.51846" lon="-118.24452">
        <ele>4070.69</ele>
      </trkpt>
      <trkpt lat="36.51841" lon="-118.24454">
        <ele>4066.88</ele>
      </trkpt>
      <trkpt lat="36.51836" lon="-118.24457">
        <ele>4062.91</ele>
      </trkpt>
      <trkpt lat="36.51831" lon="-118.24463">
        <ele>4058.98</ele>
      </trkpt>
      <trkpt lat="36.51826" lon="-118.24463">
        <ele>4056.82</ele>
      </trkpt>
      <trkpt lat="36.51821" lon="-118.24461">
        <ele>4054.76</ele>
      </trkpt>
      <trkpt lat="36.51814" lon="-118.24457">
        <ele>4051.94</ele>
      </trkpt>
      <trkpt lat="36.51802" lon="-118.24455">
        <ele>4047.18</ele>
      </trkpt>
      <trkpt lat="36.51799" lon="-118.24456">
        <ele>4045.67</ele>
      </trkpt>
      <trkpt lat="36.51796" lon="-118.24457">
        <ele>4044.13</ele>
      </trkpt>
      <trkpt lat="36.51792" lon="-118.24461">
        <ele>4041.1</ele>
      </trkpt>
      <trkpt lat="36.51791" lon="-118.24464">
        <ele>4039.92</ele>
      </trkpt>
      <trkpt lat="36.5179" lon="-118.24471">
        <ele>4037.86</ele>
      </trkpt>
      <trkpt lat="36.51792" lon="-118.24479">
        <ele>4036.88</ele>
      </trkpt>
      <trkpt lat="36.5179" lon="-118.24483">
        <ele>4034.54</ele>
      </trkpt>
      <trkpt lat="36.51787" lon="-118.24486">
        <ele>4032.0</ele>
      </trkpt>
      <trkpt lat="36.51782" lon="-118.24484">
        <ele>4029.19</ele>
      </trkpt>
      <trkpt lat="36.51775" lon="-118.24477">
        <ele>4026.81</ele>
      </trkpt>
      <trkpt lat="36.51764" lon="-118.24461">
        <ele>4024.09</ele>
      </trkpt>
      <trkpt lat="36.5176" lon="-118.24452">
        <ele>4024.02</ele>
      </trkpt>
      <trkpt lat="36.51759" lon="-118.24443">
        <ele>4026.14</ele>
      </trkpt>
      <trkpt lat="36.51753" lon="-118.24428">
        <ele>4025.24</ele>
      </trkpt>
      <trkpt lat="36.51743" lon="-118.2441">
        <ele>4021.01</ele>
      </trkpt>
      <trkpt lat="36.51738" lon="-118.24397">
        <ele>4018.52</ele>
      </trkpt>
      <trkpt lat="36.51734" lon="-118.24372">
        <ele>4017.82</ele>
      </trkpt>
      <trkpt lat="36.51729" lon="-118.24359">
        <ele>4016.46</ele>
      </trkpt>
      <trkpt lat="36.5172" lon="-118.24348">
        <ele>4014.94</ele>
      </trkpt>
      <trkpt lat="36.51702" lon="-118.2432">
        <ele>4015.34</ele>
      </trkpt>
      <trkpt lat="36.51697" lon="-118.24315">
        <ele>4015.97</ele>
      </trkpt>
      <trkpt lat="36.51691" lon="-118.24313">
        <ele>4016.02</ele>
      </trkpt>
      <trkpt lat="36.51675" lon="-118.24302">
        <ele>4016.63</ele>
      </trkpt>
      <trkpt lat="36.51662" lon="-118.24298">
        <ele>4015.31</ele>
      </trkpt>
      <trkpt lat="36.51617" lon="-118.24287">
        <ele>4007.27</ele>
      </trkpt>
      <trkpt lat="36.51608" lon="-118.24282">
        <ele>4006.03</ele>
      </trkpt>
      <trkpt lat="36.51604" lon="-118.24278">
        <ele>4005.46</ele>
      </trkpt>
      <trkpt lat="36.51597" lon="-118.24276">
        <ele>4003.95</ele>
      </trkpt>
      <trkpt lat="36.51591" lon="-118.24278">
        <ele>4002.66</ele>
      </trkpt>
      <trkpt lat="36.51584" lon="-118.24276">
        <ele>4000.97</ele>
      </trkpt>
      <trkpt lat="36.51581" lon="-118.24274">
        <ele>3999.69</ele>
      </trkpt>
      <trkpt lat="36.51578" lon="-118.2427">
        <ele>3998.34</ele>
      </trkpt>
      <trkpt lat="36.51572" lon="-118.24267">
        <ele>3996.29</ele>
      </trkpt>
      <trkpt lat="36.5156" lon="-118.24252">
        <ele>3990.92</ele>
      </trkpt>
      <trkpt lat="36.51557" lon="-118.24251">
        <ele>3989.62</ele>
      </trkpt>
      <trkpt lat="36.51542" lon="-118.24267">
        <ele>3983.14</ele>
      </trkpt>
      <trkpt lat="36.51531" lon="-118.24272">
        <ele>3979.04</ele>
      </trkpt>
      <trkpt lat="36.51524" lon="-118.24278">
        <ele>3976.78</ele>
      </trkpt>
      <trkpt lat="36.51517" lon="-118.24278">
        <ele>3974.34</ele>
      </trkpt>
      <trkpt lat="36.51507" lon="-118.24281">
        <ele>3970.11</ele>
      </trkpt>
      <trkpt lat="36.51492" lon="-118.24294">
        <ele>3965.19</ele>
      </trkpt>
      <trkpt lat="36.51488" lon="-118.24296">
        <ele>3964.08</ele>
      </trkpt>
      <trkpt lat="36.51483" lon="-118.24294">
        <ele>3962.24</ele>
      </trkpt>
      <trkpt lat="36.51479" lon="-118.24289">
        <ele>3960.62</ele>
      </trkpt>
      <trkpt lat="36.51471" lon="-118.24286">
        <ele>3958.49</ele>
      </trkpt>
      <trkpt lat="36.51451" lon="-118.24283">
        <ele>3951.69</ele>
      </trkpt>
      <trkpt lat="36.5144" lon="-118.2428">
        <ele>3947.68</ele>
      </trkpt>
      <trkpt lat="36.5143" lon="-118.24269">
        <ele>3943.34</ele>
      </trkpt>
      <trkpt lat="36.5142" lon="-118.24255">
        <ele>3938.62</ele>
      </trkpt>
      <trkpt lat="36.51414" lon="-118.2425">
        <ele>3936.14</ele>
      </trkpt>
      <trkpt lat="36.51407" lon="-118.24246">
        <ele>3933.44</ele>
      </trkpt>
      <trkpt lat="36.51398" lon="-118.24244">
        <ele>3930.3</ele>
      </trkpt>
      <trkpt lat="36.51394" lon="-118.2424">
        <ele>3928.58</ele>
      </trkpt>
      <trkpt lat="36.51392" lon="-118.24233">
        <ele>3927.17</ele>
      </trkpt>
      <trkpt lat="36.51386" lon="-118.24228">
        <ele>3924.95</ele>
      </trkpt>
      <trkpt lat="36.51379" lon="-118.24226">
        <ele>3922.2</ele>
      </trkpt>
      <trkpt lat="36.51376" lon="-118.24218">
        <ele>3920.65</ele>
      </trkpt>
      <trkpt lat="36.51377" lon="-118.2421">
        <ele>3920.54</ele>
      </trkpt>
      <trkpt lat="36.51374" lon="-118.24204">
        <ele>3918.6</ele>
      </trkpt>
      <trkpt lat="36.51369" lon="-118.24199">
        <ele>3915.9</ele>
      </trkpt>
      <trkpt lat="36.51365" lon="-118.242">
        <ele>3914.28</ele>
      </trkpt>
      <trkpt lat="36.5136" lon="-118.24204">
        <ele>3912.55</ele>
      </trkpt>
      <trkpt lat="36.51354" lon="-118.24207">
        <ele>3910.28</ele>
      </trkpt>
      <trkpt lat="36.5135" lon="-118.24203">
        <ele>3908.12</ele>
      </trkpt>
      <trkpt lat="36.51328" lon="-118.24169">
        <ele>3895.95</ele>
      </trkpt>
      <trkpt lat="36.51307" lon="-118.24134">
        <ele>3885.1</ele>
      </trkpt>
      <trkpt lat="36.51295" lon="-118.2412">
        <ele>3880.58</ele>
      </trkpt>
      <trkpt lat="36.51286" lon="-118.24112">
        <ele>3877.78</ele>
      </trkpt>
      <trkpt lat="36.5128" lon="-118.24109">
        <ele>3876.48</ele>
      </trkpt>
      <trkpt lat="36.51274" lon="-118.24109">
        <ele>3874.78</ele>
      </trkpt>
      <trkpt lat="36.51269" lon="-118.24111">
        <ele>3873.16</ele>
      </trkpt>
      <trkpt lat="36.51264" lon="-118.24116">
        <ele>3872.29</ele>
      </trkpt>
      <trkpt lat="36.51256" lon="-118.2413">
        <ele>3870.94</ele>
      </trkpt>
      <trkpt lat="36.51248" lon="-118.24139">
        <ele>3868.57</ele>
      </trkpt>
      <trkpt lat="36.51245" lon="-118.24142">
        <ele>3867.92</ele>
      </trkpt>
      <trkpt lat="36.51237" lon="-118.24143">
        <ele>3866.19</ele>
      </trkpt>
      <trkpt lat="36.51226" lon="-118.2415">
        <ele>3863.34</ele>
      </trkpt>
      <trkpt lat="36.51216" lon="-118.24162">
        <ele>3860.98</ele>
      </trkpt>
      <trkpt lat="36.51212" lon="-118.24168">
        <ele>3859.79</ele>
      </trkpt>
      <trkpt lat="36.51209" lon="-118.24171">
        <ele>3859.14</ele>
      </trkpt>
      <trkpt lat="36.51204" lon="-118.24169">
        <ele>3858.06</ele>
      </trkpt>
      <trkpt lat="36.51201" lon="-118.24167">
        <ele>3857.12</ele>
      </trkpt>
      <trkpt lat="36.51191" lon="-118.24147">
        <ele>3853.88</ele>
      </trkpt>
      <trkpt lat="36.51186" lon="-118.24139">
        <ele>3852.26</ele>
      </trkpt>
      <trkpt lat="36.5117" lon="-118.24122">
        <ele>3847.38</ele>
      </trkpt>
      <trkpt lat="36.51158" lon="-118.24114">
        <ele>3843.88</ele>
      </trkpt>
      <trkpt lat="36.51141" lon="-118.24106">
        <ele>3840.11</ele>
      </trkpt>
      <trkpt lat="36.51132" lon="-118.24107">
        <ele>3837.96</ele>
      </trkpt>
      <trkpt lat="36.51114" lon="-118.24112">
        <ele>3834.53</ele>
      </trkpt>
      <trkpt lat="36.51106" lon="-118.24117">
        <ele>3832.61</ele>
      </trkpt>
      <trkpt lat="36.51092" lon="-118.24117">
        <ele>3830.24</ele>
      </trkpt>
      <trkpt lat="36.51087" lon="-118.24119">
        <ele>3828.94</ele>
      </trkpt>
      <trkpt lat="36.51077" lon="-118.24124">
        <ele>3826.24</ele>
      </trkpt>
      <trkpt lat="36.51045" lon="-118.24129">
        <ele>3819.79</ele>
      </trkpt>
      <trkpt lat="36.51037" lon="-118.24133">
        <ele>3817.63</ele>
      </trkpt>
      <trkpt lat="36.51029" lon="-118.24139">
        <ele>3815.25</ele>
      </trkpt>
      <trkpt lat="36.51017" lon="-118.24146">
        <ele>3811.14</ele>
      </trkpt>
      <trkpt lat="36.51004" lon="-118.24145">
        <ele>3809.11</ele>
      </trkpt>
      <trkpt lat="36.50986" lon="-118.2415">
        <ele>3805.09</ele>
      </trkpt>
      <trkpt lat="36.50968" lon="-118.24151">
        <ele>3802.79</ele>
      </trkpt>
      <trkpt lat="36.50945" lon="-118.24151">
        <ele>3799.75</ele>
      </trkpt>
      <trkpt lat="36.50936" lon="-118.24155">
        <ele>3798.35</ele>
      </trkpt>
      <trkpt lat="36.50938" lon="-118.24171">
        <ele>3795.37</ele>
      </trkpt>
      <trkpt lat="36.50936" lon="-118.24186">
        <ele>3791.91</ele>
      </trkpt>
      <trkpt lat="36.50936" lon="-118.24199">
        <ele>3789.1</ele>
      </trkpt>
      <trkpt lat="36.50933" lon="-118.24228">
        <ele>3783.28</ele>
      </trkpt>
      <trkpt lat="36.50926" lon="-118.24244">
        <ele>3779.66</ele>
      </trkpt>
      <trkpt lat="36.50936" lon="-118.24269">
        <ele>3777.9</ele>
      </trkpt>
      <trkpt lat="36.50945" lon="-118.24313">
        <ele>3771.5</ele>
      </trkpt>
      <trkpt lat="36.50953" lon="-118.24344">
        <ele>3766.62</ele>
      </trkpt>
      <trkpt lat="36.5096" lon="-118.24381">
        <ele>3761.21</ele>
      </trkpt>
      <trkpt lat="36.50958" lon="-118.24397">
        <ele>3758.65</ele>
      </trkpt>
      <trkpt lat="36.50966" lon="-118.2443">
        <ele>3752.78</ele>
      </trkpt>
      <trkpt lat="36.50965" lon="-118.24441">
        <ele>3749.56</ele>
      </trkpt>
      <trkpt lat="36.50966" lon="-118.24452">
        <ele>3746.48</ele>
      </trkpt>
      <trkpt lat="36.50974" lon="-118.24467">
        <ele>3745.27</ele>
      </trkpt>
      <trkpt lat="36.50982" lon="-118.24473">
        <ele>3745.92</ele>
      </trkpt>
      <trkpt lat="36.50994" lon="-118.24491">
        <ele>3743.62</ele>
      </trkpt>
      <trkpt lat="36.50999" lon="-118.24502">
        <ele>3741.16</ele>
      </trkpt>
      <trkpt lat="36.50998" lon="-118.2451">
        <ele>3738.61</ele>
      </trkpt>
      <trkpt lat="36.50992" lon="-118.24514">
        <ele>3736.67</ele>
      </trkpt>
      <trkpt lat="36.50977" lon="-118.24517">
        <ele>3733.44</ele>
      </trkpt>
      <trkpt lat="36.50967" lon="-118.24522">
        <ele>3730.31</ele>
      </trkpt>
      <trkpt lat="36.50954" lon="-118.24524">
        <ele>3729.22</ele>
      </trkpt>
      <trkpt lat="36.50928" lon="-118.24522">
        <ele>3731.94</ele>
      </trkpt>
      <trkpt lat="36.50927" lon="-118.24528">
        <ele>3730.72</ele>
      </trkpt>
      <trkpt lat="36.5093" lon="-118.24532">
        <ele>3729.21</ele>
      </trkpt>
      <trkpt lat="36.50934" lon="-118.24541">
        <ele>3726.4</ele>
      </trkpt>
      <trkpt lat="36.50937" lon="-118.24544">
        <ele>3725.3</ele>
      </trkpt>
      <trkpt lat="36.50939" lon="-118.24548">
        <ele>3724.33</ele>
      </trkpt>
      <trkpt lat="36.50938" lon="-118.2455">
        <ele>3724.17</ele>
      </trkpt>
      <trkpt lat="36.50933" lon="-118.2455">
        <ele>3724.98</ele>
      </trkpt>
      <trkpt lat="36.50933" lon="-118.24551">
        <ele>3724.84</ele>
      </trkpt>
      <trkpt lat="36.50935" lon="-118.24557">
        <ele>3723.71</ele>
      </trkpt>
      <trkpt lat="36.50933" lon="-118.2456">
        <ele>3723.39</ele>
      </trkpt>
      <trkpt lat="36.50931" lon="-118.2456">
        <ele>3723.71</ele>
      </trkpt>
      <trkpt lat="36.5093" lon="-118.24561">
        <ele>3723.71</ele>
      </trkpt>
      <trkpt lat="36.50929" lon="-118.24562">
        <ele>3723.74</ele>
      </trkpt>
      <trkpt lat="36.5093" lon="-118.24564">
        <ele>3723.25</ele>
      </trkpt>
      <trkpt lat="36.5095" lon="-118.2458">
        <ele>3716.12</ele>
      </trkpt>
      <trkpt lat="36.5095" lon="-118.24582">
        <ele>3715.69</ele>
      </trkpt>
      <trkpt lat="36.50946" lon="-118.24585">
        <ele>3715.29</ele>
      </trkpt>
      <trkpt lat="36.50938" lon="-118.24587">
        <ele>3716.2</ele>
      </trkpt>
      <trkpt lat="36.50935" lon="-118.2459">
        <ele>3715.88</ele>
      </trkpt>
      <trkpt lat="36.50927" lon="-118.24593">
        <ele>3716.64</ele>
      </trkpt>
      <trkpt lat="36.50924" lon="-118.24597">
        <ele>3716.09</ele>
      </trkpt>
      <trkpt lat="36.50921" lon="-118.24607">
        <ele>3713.93</ele>
      </trkpt>
      <trkpt lat="36.50911" lon="-118.24639">
        <ele>3705.8</ele>
      </trkpt>
      <trkpt lat="36.50908" lon="-118.2465">
        <ele>3703.27</ele>
      </trkpt>
      <trkpt lat="36.50905" lon="-118.24667">
        <ele>3699.41</ele>
      </trkpt>
      <trkpt lat="36.509" lon="-118.24677">
        <ele>3697.37</ele>
      </trkpt>
      <trkpt lat="36.50897" lon="-118.24682">
        <ele>3696.98</ele>
      </trkpt>
      <trkpt lat="36.50892" lon="-118.24692">
        <ele>3695.86</ele>
      </trkpt>
      <trkpt lat="36.5089" lon="-118.24703">
        <ele>3693.8</ele>
      </trkpt>
      <trkpt lat="36.5089" lon="-118.24713">
        <ele>3691.63</ele>
      </trkpt>
      <trkpt lat="36.50891" lon="-118.24735">
        <ele>3685.56</ele>
      </trkpt>
      <trkpt lat="36.5089" lon="-118.24743">
        <ele>3684.15</ele>
      </trkpt>
      <trkpt lat="36.50888" lon="-118.24752">
        <ele>3682.56</ele>
      </trkpt>
      <trkpt lat="36.50884" lon="-118.24761">
        <ele>3681.21</ele>
      </trkpt>
      <trkpt lat="36.50882" lon="-118.24764">
        <ele>3681.21</ele>
      </trkpt>
      <trkpt lat="36.50881" lon="-118.24771">
        <ele>3679.75</ele>
      </trkpt>
      <trkpt lat="36.50877" lon="-118.24786">
        <ele>3676.19</ele>
      </trkpt>
      <trkpt lat="36.50874" lon="-118.248">
        <ele>3672.62</ele>
      </trkpt>
      <trkpt lat="36.50868" lon="-118.24815">
        <ele>3669.69</ele>
      </trkpt>
      <trkpt lat="36.50866" lon="-118.24825">
        <ele>3666.12</ele>
      </trkpt>
      <trkpt lat="36.50866" lon="-118.24829">
        <ele>3664.82</ele>
      </trkpt>
      <trkpt lat="36.50868" lon="-118.24831">
        <ele>3663.52</ele>
      </trkpt>
      <trkpt lat="36.50875" lon="-118.24827">
        <ele>3663.05</ele>
      </trkpt>
      <trkpt lat="36.50885" lon="-118.24819">
        <ele>3662.9</ele>
      </trkpt>
      <trkpt lat="36.50894" lon="-118.24815">
        <ele>3661.84</ele>
      </trkpt>
      <trkpt lat="36.50904" lon="-118.24805">
        <ele>3661.92</ele>
      </trkpt>
      <trkpt lat="36.50921" lon="-118.24795">
        <ele>3660.42</ele>
      </trkpt>
      <trkpt lat="36.50929" lon="-118.24794">
        <ele>3658.58</ele>
      </trkpt>
      <trkpt lat="36.50935" lon="-118.24791">
        <ele>3657.76</ele>
      </trkpt>
      <trkpt lat="36.50951" lon="-118.24787">
        <ele>3654.89</ele>
      </trkpt>
      <trkpt lat="36.50951" lon="-118.24789">
        <ele>3654.39</ele>
      </trkpt>
      <trkpt lat="36.50929" lon="-118.24835">
        <ele>3648.8</ele>
      </trkpt>
      <trkpt lat="36.5093" lon="-118.24837">
        <ele>3647.93</ele>
      </trkpt>
      <trkpt lat="36.50952" lon="-118.24837">
        <ele>3643.58</ele>
      </trkpt>
      <trkpt lat="36.50953" lon="-118.24838">
        <ele>3643.14</ele>
      </trkpt>
      <trkpt lat="36.5095" lon="-118.24845">
        <ele>3642.02</ele>
      </trkpt>
      <trkpt lat="36.50943" lon="-118.24852">
        <ele>3641.26</ele>
      </trkpt>
      <trkpt lat="36.50934" lon="-118.24869">
        <ele>3637.7</ele>
      </trkpt>
      <trkpt lat="36.5093" lon="-118.24875">
        <ele>3636.12</ele>
      </trkpt>
      <trkpt lat="36.50931" lon="-118.24876">
        <ele>3635.47</ele>
      </trkpt>
      <trkpt lat="36.50936" lon="-118.24876">
        <ele>3634.39</ele>
      </trkpt>
      <trkpt lat="36.50952" lon="-118.24883">
        <ele>3628.28</ele>
      </trkpt>
      <trkpt lat="36.50953" lon="-118.24885">
        <ele>3627.41</ele>
      </trkpt>
      <trkpt lat="36.50946" lon="-118.24894">
        <ele>3625.46</ele>
      </trkpt>
      <trkpt lat="36.50944" lon="-118.24899">
        <ele>3623.73</ele>
      </trkpt>
      <trkpt lat="36.50946" lon="-118.24901">
        <ele>3622.43</ele>
      </trkpt>
      <trkpt lat="36.5095" lon="-118.24902">
        <ele>3621.14</ele>
      </trkpt>
      <trkpt lat="36.50951" lon="-118.24903">
        <ele>3620.49</ele>
      </trkpt>
      <trkpt lat="36.50951" lon="-118.24905">
        <ele>3619.62</ele>
      </trkpt>
      <trkpt lat="36.5095" lon="-118.24908">
        <ele>3618.54</ele>
      </trkpt>
      <trkpt lat="36.50948" lon="-118.24908">
        <ele>3618.98</ele>
      </trkpt>
      <trkpt lat="36.50945" lon="-118.24911">
        <ele>3618.33</ele>
      </trkpt>
      <trkpt lat="36.50944" lon="-118.24914">
        <ele>3617.25</ele>
      </trkpt>
      <trkpt lat="36.50939" lon="-118.24919">
        <ele>3616.17</ele>
      </trkpt>
      <trkpt lat="36.50939" lon="-118.24921">
        <ele>3615.3</ele>
      </trkpt>
      <trkpt lat="36.5094" lon="-118.24922">
        <ele>3614.66</ele>
      </trkpt>
      <trkpt lat="36.50946" lon="-118.24923">
        <ele>3613.04</ele>
      </trkpt>
      <trkpt lat="36.50957" lon="-118.24924">
        <ele>3610.63</ele>
      </trkpt>
      <trkpt lat="36.50975" lon="-118.24931">
        <ele>3604.51</ele>
      </trkpt>
      <trkpt lat="36.50986" lon="-118.24939">
        <ele>3600.35</ele>
      </trkpt>
      <trkpt lat="36.51014" lon="-118.24954">
        <ele>3601.45</ele>
      </trkpt>
      <trkpt lat="36.51019" lon="-118.24959">
        <ele>3601.97</ele>
      </trkpt>
      <trkpt lat="36.51021" lon="-118.24963">
        <ele>3601.32</ele>
      </trkpt>
      <trkpt lat="36.51021" lon="-118.24965">
        <ele>3600.46</ele>
      </trkpt>
      <trkpt lat="36.51019" lon="-118.24966">
        <ele>3598.95</ele>
      </trkpt>
      <trkpt lat="36.51015" lon="-118.24966">
        <ele>3597.17</ele>
      </trkpt>
      <trkpt lat="36.51014" lon="-118.24967">
        <ele>3596.3</ele>
      </trkpt>
      <trkpt lat="36.50997" lon="-118.24974">
        <ele>3587.26</ele>
      </trkpt>
      <trkpt lat="36.50997" lon="-118.24976">
        <ele>3586.4</ele>
      </trkpt>
      <trkpt lat="36.51002" lon="-118.24977">
        <ele>3587.58</ele>
      </trkpt>
      <trkpt lat="36.51015" lon="-118.24987">
        <ele>3588.47</ele>
      </trkpt>
      <trkpt lat="36.51023" lon="-118.24992">
        <ele>3590.32</ele>
      </trkpt>
      <trkpt lat="36.51025" lon="-118.24997">
        <ele>3588.89</ele>
      </trkpt>
      <trkpt lat="36.51022" lon="-118.24999">
        <ele>3586.38</ele>
      </trkpt>
      <trkpt lat="36.51019" lon="-118.24998">
        <ele>3585.33</ele>
      </trkpt>
      <trkpt lat="36.51004" lon="-118.25002">
        <ele>3578.65</ele>
      </trkpt>
      <trkpt lat="36.50999" lon="-118.25006">
        <ele>3575.91</ele>
      </trkpt>
      <trkpt lat="36.50998" lon="-118.25009">
        <ele>3574.86</ele>
      </trkpt>
      <trkpt lat="36.50999" lon="-118.25011">
        <ele>3574.52</ele>
      </trkpt>
      <trkpt lat="36.51009" lon="-118.25018">
        <ele>3575.11</ele>
      </trkpt>
      <trkpt lat="36.51009" lon="-118.25022">
        <ele>3574.19</ele>
      </trkpt>
      <trkpt lat="36.51007" lon="-118.25022">
        <ele>3573.76</ele>
      </trkpt>
      <trkpt lat="36.51001" lon="-118.25031">
        <ele>3570.52</ele>
      </trkpt>
      <trkpt lat="36.51003" lon="-118.25048">
        <ele>3567.28</ele>
      </trkpt>
      <trkpt lat="36.51003" lon="-118.2506">
        <ele>3564.69</ele>
      </trkpt>
      <trkpt lat="36.51001" lon="-118.25067">
        <ele>3562.72</ele>
      </trkpt>
      <trkpt lat="36.51002" lon="-118.25074">
        <ele>3561.23</ele>
      </trkpt>
      <trkpt lat="36.51003" lon="-118.25078">
        <ele>3560.05</ele>
      </trkpt>
      <trkpt lat="36.51003" lon="-118.25081">
        <ele>3559.08</ele>
      </trkpt>
      <trkpt lat="36.51001" lon="-118.25083">
        <ele>3558.22</ele>
      </trkpt>
      <trkpt lat="36.50997" lon="-118.25079">
        <ele>3559.08</ele>
      </trkpt>
      <trkpt lat="36.50991" lon="-118.25079">
        <ele>3558.43</ele>
      </trkpt>
      <trkpt lat="36.50988" lon="-118.2508">
        <ele>3557.68</ele>
      </trkpt>
      <trkpt lat="36.50986" lon="-118.25083">
        <ele>3556.58</ele>
      </trkpt>
      <trkpt lat="36.50982" lon="-118.25084">
        <ele>3555.84</ele>
      </trkpt>
      <trkpt lat="36.5098" lon="-118.25088">
        <ele>3554.33</ele>
      </trkpt>
      <trkpt lat="36.50976" lon="-118.25091">
        <ele>3552.92</ele>
      </trkpt>
      <trkpt lat="36.50975" lon="-118.25095">
        <ele>3551.26</ele>
      </trkpt>
      <trkpt lat="36.50973" lon="-118.25108">
        <ele>3545.43</ele>
      </trkpt>
      <trkpt lat="36.50971" lon="-118.25112">
        <ele>3543.6</ele>
      </trkpt>
      <trkpt lat="36.50949" lon="-118.25111">
        <ele>3543.05</ele>
      </trkpt>
      <trkpt lat="36.5094" lon="-118.25117">
        <ele>3539.65</ele>
      </trkpt>
      <trkpt lat="36.50924" lon="-118.25122">
        <ele>3537.09</ele>
      </trkpt>
      <trkpt lat="36.50895" lon="-118.25143">
        <ele>3524.78</ele>
      </trkpt>
      <trkpt lat="36.50893" lon="-118.25146">
        <ele>3523.16</ele>
      </trkpt>
      <trkpt lat="36.50894" lon="-118.25149">
        <ele>3521.54</ele>
      </trkpt>
      <trkpt lat="36.50897" lon="-118.25153">
        <ele>3519.38</ele>
      </trkpt>
      <trkpt lat="36.50896" lon="-118.25155">
        <ele>3518.3</ele>
      </trkpt>
      <trkpt lat="36.50882" lon="-118.25169">
        <ele>3509.0</ele>
      </trkpt>
      <trkpt lat="36.50879" lon="-118.25175">
        <ele>3505.44</ele>
      </trkpt>
      <trkpt lat="36.5088" lon="-118.25189">
        <ele>3499.8</ele>
      </trkpt>
      <trkpt lat="36.50877" lon="-118.25194">
        <ele>3497.86</ele>
      </trkpt>
      <trkpt lat="36.50878" lon="-118.25211">
        <ele>3491.5</ele>
      </trkpt>
      <trkpt lat="36.50874" lon="-118.25221">
        <ele>3487.45</ele>
      </trkpt>
      <trkpt lat="36.50875" lon="-118.25224">
        <ele>3486.33</ele>
      </trkpt>
      <trkpt lat="36.50883" lon="-118.25225">
        <ele>3486.72</ele>
      </trkpt>
      <trkpt lat="36.50887" lon="-118.25231">
        <ele>3484.99</ele>
      </trkpt>
      <trkpt lat="36.50888" lon="-118.25241">
        <ele>3482.85</ele>
      </trkpt>
      <trkpt lat="36.50885" lon="-118.25245">
        <ele>3481.66</ele>
      </trkpt>
      <trkpt lat="36.50869" lon="-118.25254">
        <ele>3478.57</ele>
      </trkpt>
      <trkpt lat="36.50859" lon="-118.25263">
        <ele>3477.19</ele>
      </trkpt>
      <trkpt lat="36.50855" lon="-118.25273">
        <ele>3475.03</ele>
      </trkpt>
      <trkpt lat="36.50844" lon="-118.25291">
        <ele>3471.14</ele>
      </trkpt>
      <trkpt lat="36.50833" lon="-118.25293">
        <ele>3470.69</ele>
      </trkpt>
      <trkpt lat="36.50818" lon="-118.25295">
        <ele>3469.98</ele>
      </trkpt>
      <trkpt lat="36.50776" lon="-118.25323">
        <ele>3465.42</ele>
      </trkpt>
      <trkpt lat="36.50759" lon="-118.25331">
        <ele>3464.78</ele>
      </trkpt>
      <trkpt lat="36.50749" lon="-118.25353">
        <ele>3461.09</ele>
      </trkpt>
      <trkpt lat="36.50737" lon="-118.25402">
        <ele>3459.24</ele>
      </trkpt>
      <trkpt lat="36.50719" lon="-118.25484">
        <ele>3454.82</ele>
      </trkpt>
      <trkpt lat="36.50709" lon="-118.25542">
        <ele>3451.46</ele>
      </trkpt>
      <trkpt lat="36.50682" lon="-118.25605">
        <ele>3446.43</ele>
      </trkpt>
      <trkpt lat="36.50665" lon="-118.25633">
        <ele>3444.0</ele>
      </trkpt>
      <trkpt lat="36.50648" lon="-118.25677">
        <ele>3442.98</ele>
      </trkpt>
      <trkpt lat="36.50632" lon="-118.25759">
        <ele>3439.26</ele>
      </trkpt>
      <trkpt lat="36.50636" lon="-118.25789">
        <ele>3439.83</ele>
      </trkpt>
      <trkpt lat="36.50622" lon="-118.25837">
        <ele>3437.35</ele>
      </trkpt>
      <trkpt lat="36.50588" lon="-118.26081">
        <ele>3429.01</ele>
      </trkpt>
      <trkpt lat="36.50572" lon="-118.26251">
        <ele>3418.89</ele>
      </trkpt>
      <trkpt lat="36.50576" lon="-118.26321">
        <ele>3412.54</ele>
      </trkpt>
      <trkpt lat="36.50588" lon="-118.26367">
        <ele>3407.87</ele>
      </trkpt>
      <trkpt lat="36.5061" lon="-118.264">
        <ele>3403.42</ele>
      </trkpt>
      <trkpt lat="36.50661" lon="-118.26416">
        <ele>3392.94</ele>
      </trkpt>
      <trkpt lat="36.50648" lon="-118.26432">
        <ele>3384.75</ele>
      </trkpt>
      <trkpt lat="36.50659" lon="-118.26431">
        <ele>3384.09</ele>
      </trkpt>
      <trkpt lat="36.50657" lon="-118.26438">
        <ele>3381.13</ele>
      </trkpt>
      <trkpt lat="36.5065" lon="-118.26452">
        <ele>3376.7</ele>
      </trkpt>
      <trkpt lat="36.50633" lon="-118.26463">
        <ele>3372.89</ele>
      </trkpt>
      <trkpt lat="36.50619" lon="-118.26482">
        <ele>3367.21</ele>
      </trkpt>
      <trkpt lat="36.506" lon="-118.26519">
        <ele>3354.18</ele>
      </trkpt>
      <trkpt lat="36.50608" lon="-118.26556">
        <ele>3338.87</ele>
      </trkpt>
      <trkpt lat="36.50632" lon="-118.26633">
        <ele>3330.75</ele>
      </trkpt>
      <trkpt lat="36.50654" lon="-118.26577">
        <ele>3339.15</ele>
      </trkpt>
      <trkpt lat="36.50682" lon="-118.26557">
        <ele>3347.78</ele>
      </trkpt>
      <trkpt lat="36.50771" lon="-118.26553">
        <ele>3393.41</ele>
      </trkpt>
      <trkpt lat="36.50831" lon="-118.26548">
        <ele>3419.24</ele>
      </trkpt>
      <trkpt lat="36.50873" lon="-118.26519">
        <ele>3436.9</ele>
      </trkpt>
      <trkpt lat="36.50947" lon="-118.26515">
        <ele>3436.83</ele>
      </trkpt>
      <trkpt lat="36.5097" lon="-118.26517">
        <ele>3437.88</ele>
      </trkpt>
      <trkpt lat="36.50984" lon="-118.26527">
        <ele>3439.36</ele>
      </trkpt>
      <trkpt lat="36.51009" lon="-118.26526">
        <ele>3442.16</ele>
      </trkpt>
      <trkpt lat="36.51024" lon="-118.26524">
        <ele>3442.65</ele>
      </trkpt>
      <trkpt lat="36.5108" lon="-118.26493">
        <ele>3446.51</ele>
      </trkpt>
      <trkpt lat="36.51237" lon="-118.26489">
        <ele>3427.11</ele>
      </trkpt>
      <trkpt lat="36.51356" lon="-118.2649">
        <ele>3442.96</ele>
      </trkpt>
      <trkpt lat="36.5168" lon="-118.26455">
        <ele>3440.14</ele>
      </trkpt>
      <trkpt lat="36.5191" lon="-118.26493">
        <ele>3394.76</ele>
      </trkpt>
      <trkpt lat="36.51924" lon="-118.26494">
        <ele>3394.13</ele>
      </trkpt>
      <trkpt lat="36.51933" lon="-118.26498">
        <ele>3394.0</ele>
      </trkpt>
      <trkpt lat="36.51951" lon="-118.26511">
        <ele>3394.0</ele>
      </trkpt>
      <trkpt lat="36.51963" lon="-118.26512">
        <ele>3394.0</ele>
      </trkpt>
      <trkpt lat="36.51979" lon="-118.26517">
        <ele>3394.0</ele>
      </trkpt>
      <trkpt lat="36.51993" lon="-118.26526">
        <ele>3394.0</ele>
      </trkpt>
      <trkpt lat="36.52012" lon="-118.26522">
        <ele>3394.0</ele>
      </trkpt>
      <trkpt lat="36.52038" lon="-118.26519">
        <ele>3394.0</ele>
      </trkpt>
      <trkpt lat="36.52058" lon="-118.26523">
        <ele>3394.0</ele>
      </trkpt>
      <trkpt lat="36.52069" lon="-118.2653">
        <ele>3394.0</ele>
      </trkpt>
      <trkpt lat="36.52081" lon="-118.26542">
        <ele>3394.0</ele>
      </trkpt>
      <trkpt lat="36.52094" lon="-118.26549">
        <ele>3394.15</ele>
      </trkpt>
      <trkpt lat="36.52169" lon="-118.26602">
        <ele>3400.25</ele>
      </trkpt>
      <trkpt lat="36.52237" lon="-118.26665">
        <ele>3403.11</ele>
      </trkpt>
      <trkpt lat="36.52264" lon="-118.26664">
        <ele>3404.0</ele>
      </trkpt>
      <trkpt lat="36.5232" lon="-118.26656">
        <ele>3403.15</ele>
      </trkpt>
      <trkpt lat="36.52379" lon="-118.26667">
        <ele>3403.96</ele>
      </trkpt>
      <trkpt lat="36.52413" lon="-118.26668">
        <ele>3402.34</ele>
      </trkpt>
      <trkpt lat="36.52428" lon="-118.26637">
        <ele>3403.16</ele>
      </trkpt>
      <trkpt lat="36.5244" lon="-118.2663">
        <ele>3403.0</ele>
      </trkpt>
      <trkpt lat="36.52473" lon="-118.26666">
        <ele>3400.92</ele>
      </trkpt>
      <trkpt lat="36.52506" lon="-118.26696">
        <ele>3401.71</ele>
      </trkpt>
      <trkpt lat="36.52575" lon="-118.26728">
        <ele>3406.0</ele>
      </trkpt>
      <trkpt lat="36.52603" lon="-118.2676">
        <ele>3409.0</ele>
      </trkpt>
      <trkpt lat="36.52621" lon="-118.26762">
        <ele>3409.3</ele>
      </trkpt>
      <trkpt lat="36.52645" lon="-118.26696">
        <ele>3404.72</ele>
      </trkpt>
      <trkpt lat="36.52667" lon="-118.26692">
        <ele>3406.03</ele>
      </trkpt>
      <trkpt lat="36.52677" lon="-118.26717">
        <ele>3408.5</ele>
      </trkpt>
      <trkpt lat="36.52702" lon="-118.26745">
        <ele>3412.28</ele>
      </trkpt>
      <trkpt lat="36.52749" lon="-118.26808">
        <ele>3419.24</ele>
      </trkpt>
      <trkpt lat="36.52782" lon="-118.26843">
        <ele>3429.41</ele>
      </trkpt>
      <trkpt lat="36.528" lon="-118.26911">
        <ele>3440.43</ele>
      </trkpt>
      <trkpt lat="36.52837" lon="-118.26965">
        <ele>3448.4</ele>
      </trkpt>
      <trkpt lat="36.52867" lon="-118.27">
        <ele>3453.27</ele>
      </trkpt>
      <trkpt lat="36.52874" lon="-118.27028">
        <ele>3454.81</ele>
      </trkpt>
      <trkpt lat="36.52873" lon="-118.27043">
        <ele>3456.03</ele>
      </trkpt>
      <trkpt lat="36.52857" lon="-118.27077">
        <ele>3459.76</ele>
      </trkpt>
      <trkpt lat="36.52855" lon="-118.27116">
        <ele>3468.9</ele>
      </trkpt>
      <trkpt lat="36.52889" lon="-118.27164">
        <ele>3482.14</ele>
      </trkpt>
      <trkpt lat="36.52916" lon="-118.27214">
        <ele>3499.34</ele>
      </trkpt>
      <trkpt lat="36.52921" lon="-118.27243">
        <ele>3514.04</ele>
      </trkpt>
      <trkpt lat="36.52931" lon="-118.27248">
        <ele>3518.23</ele>
      </trkpt>
      <trkpt lat="36.5296" lon="-118.27247">
        <ele>3521.38</ele>
      </trkpt>
      <trkpt lat="36.52974" lon="-118.27241">
        <ele>3516.95</ele>
      </trkpt>
      <trkpt lat="36.52987" lon="-118.27249">
        <ele>3519.4</ele>
      </trkpt>
      <trkpt lat="36.53017" lon="-118.27244">
        <ele>3521.78</ele>
      </trkpt>
      <trkpt lat="36.53032" lon="-118.27238">
        <ele>3522.0</ele>
      </trkpt>
      <trkpt lat="36.53053" lon="-118.27227">
        <ele>3522.48</ele>
      </trkpt>
      <trkpt lat="36.5307" lon="-118.27206">
        <ele>3524.0</ele>
      </trkpt>
      <trkpt lat="36.53084" lon="-118.27193">
        <ele>3525.16</ele>
      </trkpt>
      <trkpt lat="36.53108" lon="-118.27207">
        <ele>3524.88</ele>
      </trkpt>
      <trkpt lat="36.5312" lon="-118.27218">
        <ele>3524.46</ele>
      </trkpt>
      <trkpt lat="36.5313" lon="-118.27213">
        <ele>3524.0</ele>
      </trkpt>
      <trkpt lat="36.53166" lon="-118.2717">
        <ele>3526.64</ele>
      </trkpt>
      <trkpt lat="36.53213" lon="-118.27134">
        <ele>3530.05</ele>
      </trkpt>
      <trkpt lat="36.53227" lon="-118.27108">
        <ele>3534.16</ele>
      </trkpt>
      <trkpt lat="36.53241" lon="-118.27105">
        <ele>3533.26</ele>
      </trkpt>
      <trkpt lat="36.5326" lon="-118.27105">
        <ele>3529.11</ele>
      </trkpt>
      <trkpt lat="36.53311" lon="-118.27069">
        <ele>3525.42</ele>
      </trkpt>
      <trkpt lat="36.53351" lon="-118.27042">
        <ele>3526.6</ele>
      </trkpt>
      <trkpt lat="36.53384" lon="-118.27032">
        <ele>3522.29</ele>
      </trkpt>
      <trkpt lat="36.5341" lon="-118.27034">
        <ele>3522.0</ele>
      </trkpt>
      <trkpt lat="36.53442" lon="-118.27053">
        <ele>3522.0</ele>
      </trkpt>
      <trkpt lat="36.53465" lon="-118.27102">
        <ele>3522.0</ele>
      </trkpt>
      <trkpt lat="36.53479" lon="-118.27153">
        <ele>3522.0</ele>
      </trkpt>
      <trkpt lat="36.53483" lon="-118.27202">
        <ele>3526.3</ele>
      </trkpt>
      <trkpt lat="36.53453" lon="-118.27297">
        <ele>3522.14</ele>
      </trkpt>
      <trkpt lat="36.53427" lon="-118.27339">
        <ele>3522.0</ele>
      </trkpt>
      <trkpt lat="36.5343" lon="-118.2737">
        <ele>3521.0</ele>
      </trkpt>
      <trkpt lat="36.53465" lon="-118.27403">
        <ele>3521.8</ele>
      </trkpt>
      <trkpt lat="36.53475" lon="-118.27447">
        <ele>3521.3</ele>
      </trkpt>
      <trkpt lat="36.53484" lon="-118.27505">
        <ele>3521.27</ele>
      </trkpt>
      <trkpt lat="36.53488" lon="-118.27511">
        <ele>3521.57</ele>
      </trkpt>
      <trkpt lat="36.53488" lon="-118.27511">
        <ele>3521.57</ele>
      </trkpt>
      <trkpt lat="36.53689" lon="-118.2783">
        <ele>3587.46</ele>
      </trkpt>
      <trkpt lat="36.53689" lon="-118.2783">
        <ele>3587.46</ele>
      </trkpt>
      <trkpt lat="36.53653" lon="-118.2834">
        <ele>3644.44</ele>
      </trkpt>
      <trkpt lat="36.53653" lon="-118.2834">
        <ele>3644.44</ele>
      </trkpt>
      <trkpt lat="36.54071" lon="-118.27941">
        <ele>3728.75</ele>
      </trkpt>
      <trkpt lat="36.54071" lon="-118.27941">
        <ele>3728.75</ele>
      </trkpt>
      <trkpt lat="36.54277" lon="-118.28193">
        <ele>3743.7</ele>
      </trkpt>
      <trkpt lat="36.54277" lon="-118.28193">
        <ele>3743.7</ele>
      </trkpt>
      <trkpt lat="36.54691" lon="-118.28035">
        <ele>3778.41</ele>
      </trkpt>
      <trkpt lat="36.54691" lon="-118.28035">
        <ele>3778.41</ele>
      </trkpt>
      <trkpt lat="36.54778" lon="-118.28022">
        <ele>3800.73</ele>
      </trkpt>
      <trkpt lat="36.54778" lon="-118.28022">
        <ele>3800.73</ele>
      </trkpt>
      <trkpt lat="36.54778" lon="-118.28022">
        <ele>3800.73</ele>
      </trkpt>
      <trkpt lat="36.54778" lon="-118.28022">
        <ele>3800.73</ele>
      </trkpt>
      <trkpt lat="36.54897" lon="-118.28125">
        <ele>3840.44</ele>
      </trkpt>
      <trkpt lat="36.54897" lon="-118.28125">
        <ele>3840.44</ele>
      </trkpt>
      <trkpt lat="36.54893" lon="-118.28131">
        <ele>3839.85</ele>
      </trkpt>
      <trkpt lat="36.54961" lon="-118.28197">
        <ele>3805.83</ele>
      </trkpt>
      <trkpt lat="36.54951" lon="-118.2828">
        <ele>3753.04</ele>
      </trkpt>
      <trkpt lat="36.54949" lon="-118.28386">
        <ele>3717.95</ele>
      </trkpt>
      <trkpt lat="36.54976" lon="-118.28426">
        <ele>3700.18</ele>
      </trkpt>
      <trkpt lat="36.54991" lon="-118.28457">
        <ele>3696.0</ele>
      </trkpt>
      <trkpt lat="36.55027" lon="-118.2854">
        <ele>3696.21</ele>
      </trkpt>
      <trkpt lat="36.55026" lon="-118.28542">
        <ele>3696.24</ele>
      </trkpt>
      <trkpt lat="36.55026" lon="-118.28542">
        <ele>3696.24</ele>
      </trkpt>
      <trkpt lat="36.55007" lon="-118.28595">
        <ele>3699.79</ele>
      </trkpt>
      <trkpt lat="36.54981" lon="-118.28637">
        <ele>3698.69</ele>
      </trkpt>
      <trkpt lat="36.54962" lon="-118.28752">
        <ele>3699.79</ele>
      </trkpt>
      <trkpt lat="36.54923" lon="-118.28897">
        <ele>3699.24</ele>
      </trkpt>
      <trkpt lat="36.54902" lon="-118.28965">
        <ele>3697.96</ele>
      </trkpt>
      <trkpt lat="36.54873" lon="-118.29024">
        <ele>3697.88</ele>
      </trkpt>
      <trkpt lat="36.54825" lon="-118.29034">
        <ele>3697.67</ele>
      </trkpt>
      <trkpt lat="36.548" lon="-118.29071">
        <ele>3700.07</ele>
      </trkpt>
      <trkpt lat="36.5478" lon="-118.29063">
        <ele>3697.04</ele>
      </trkpt>
      <trkpt lat="36.54762" lon="-118.29072">
        <ele>3695.23</ele>
      </trkpt>
      <trkpt lat="36.54727" lon="-118.29179">
        <ele>3693.03</ele>
      </trkpt>
      <trkpt lat="36.54665" lon="-118.29259">
        <ele>3675.85</ele>
      </trkpt>
      <trkpt lat="36.54599" lon="-118.29267">
        <ele>3675.47</ele>
      </trkpt>
      <trkpt lat="36.54565" lon="-118.29354">
        <ele>3659.77</ele>
      </trkpt>
      <trkpt lat="36.54554" lon="-118.29419">
        <ele>3651.66</ele>
      </trkpt>
      <trkpt lat="36.54549" lon="-118.29452">
        <ele>3646.18</ele>
      </trkpt>
      <trkpt lat="36.54511" lon="-118.29568">
        <ele>3625.41</ele>
      </trkpt>
      <trkpt lat="36.54502" lon="-118.29648">
        <ele>3622.08</ele>
      </trkpt>
      <trkpt lat="36.54456" lon="-118.29785">
        <ele>3601.99</ele>
      </trkpt>
      <trkpt lat="36.54414" lon="-118.29928">
        <ele>3583.14</ele>
      </trkpt>
      <trkpt lat="36.544" lon="-118.29992">
        <ele>3578.4</ele>
      </trkpt>
      <trkpt lat="36.544" lon="-118.29992">
        <ele>3578.4</ele>
      </trkpt>
      <trkpt lat="36.54376" lon="-118.301">
        <ele>3572.22</ele>
      </trkpt>
      <trkpt lat="36.54328" lon="-118.30225">
        <ele>3552.14</ele>
      </trkpt>
      <trkpt lat="36.543" lon="-118.30293">
        <ele>3541.31</ele>
      </trkpt>
      <trkpt lat="36.54285" lon="-118.3034">
        <ele>3534.34</ele>
      </trkpt>
      <trkpt lat="36.54276" lon="-118.30358">
        <ele>3531.67</ele>
      </trkpt>
      <trkpt lat="36.54273" lon="-118.30403">
        <ele>3525.69</ele>
      </trkpt>
      <trkpt lat="36.54253" lon="-118.3042">
        <ele>3523.32</ele>
      </trkpt>
      <trkpt lat="36.54214" lon="-118.30481">
        <ele>3519.89</ele>
      </trkpt>
      <trkpt lat="36.54178" lon="-118.30526">
        <ele>3520.78</ele>
      </trkpt>
      <trkpt lat="36.54158" lon="-118.30577">
        <ele>3521.94</ele>
      </trkpt>
      <trkpt lat="36.54164" lon="-118.30607">
        <ele>3520.29</ele>
      </trkpt>
      <trkpt lat="36.54162" lon="-118.30618">
        <ele>3520.5</ele>
      </trkpt>
      <trkpt lat="36.54131" lon="-118.30667">
        <ele>3522.67</ele>
      </trkpt>
      <trkpt lat="36.54119" lon="-118.30682">
        <ele>3523.49</ele>
      </trkpt>
      <trkpt lat="36.54113" lon="-118.30707">
        <ele>3522.44</ele>
      </trkpt>
      <trkpt lat="36.54112" lon="-118.30735">
        <ele>3520.52</ele>
      </trkpt>
      <trkpt lat="36.54122" lon="-118.3076">
        <ele>3517.74</ele>
      </trkpt>
      <trkpt lat="36.54123" lon="-118.30785">
        <ele>3514.94</ele>
      </trkpt>
      <trkpt lat="36.54137" lon="-118.30791">
        <ele>3513.57</ele>
      </trkpt>
      <trkpt lat="36.54148" lon="-118.30783">
        <ele>3513.45</ele>
      </trkpt>
      <trkpt lat="36.54155" lon="-118.30805">
        <ele>3511.06</ele>
      </trkpt>
      <trkpt lat="36.54165" lon="-118.30829">
        <ele>3509.08</ele>
      </trkpt>
      <trkpt lat="36.54183" lon="-118.30839">
        <ele>3508.0</ele>
      </trkpt>
      <trkpt lat="36.54202" lon="-118.3084">
        <ele>3507.05</ele>
      </trkpt>
      <trkpt lat="36.54225" lon="-118.30848">
        <ele>3505.42</ele>
      </trkpt>
      <trkpt lat="36.54239" lon="-118.3085">
        <ele>3505.2</ele>
      </trkpt>
      <trkpt lat="36.54245" lon="-118.30848">
        <ele>3505.42</ele>
      </trkpt>
      <trkpt lat="36.54261" lon="-118.30872">
        <ele>3502.81</ele>
      </trkpt>
      <trkpt lat="36.54279" lon="-118.30877">
        <ele>3501.38</ele>
      </trkpt>
      <trkpt lat="36.54302" lon="-118.30876">
        <ele>3503.86</ele>
      </trkpt>
      <trkpt lat="36.54325" lon="-118.30913">
        <ele>3503.4</ele>
      </trkpt>
      <trkpt lat="36.54339" lon="-118.30921">
        <ele>3502.35</ele>
      </trkpt>
      <trkpt lat="36.54363" lon="-118.30928">
        <ele>3504.16</ele>
      </trkpt>
      <trkpt lat="36.54372" lon="-118.30964">
        <ele>3500.89</ele>
      </trkpt>
      <trkpt lat="36.54386" lon="-118.30967">
        <ele>3501.55</ele>
      </trkpt>
      <trkpt lat="36.54416" lon="-118.30957">
        <ele>3507.86</ele>
      </trkpt>
      <trkpt lat="36.5445" lon="-118.30964">
        <ele>3515.8</ele>
      </trkpt>
      <trkpt lat="36.5446" lon="-118.30999">
        <ele>3517.94</ele>
      </trkpt>
      <trkpt lat="36.54479" lon="-118.31048">
        <ele>3511.28</ele>
      </trkpt>
      <trkpt lat="36.54504" lon="-118.31102">
        <ele>3517.03</ele>
      </trkpt>
      <trkpt lat="36.54528" lon="-118.3117">
        <ele>3516.64</ele>
      </trkpt>
      <trkpt lat="36.54522" lon="-118.31196">
        <ele>3513.66</ele>
      </trkpt>
      <trkpt lat="36.54533" lon="-118.31231">
        <ele>3505.28</ele>
      </trkpt>
      <trkpt lat="36.54549" lon="-118.31235">
        <ele>3510.41</ele>
      </trkpt>
      <trkpt lat="36.54564" lon="-118.31282">
        <ele>3507.28</ele>
      </trkpt>
      <trkpt lat="36.54577" lon="-118.31315">
        <ele>3503.26</ele>
      </trkpt>
      <trkpt lat="36.54574" lon="-118.31336">
        <ele>3495.84</ele>
      </trkpt>
      <trkpt lat="36.54562" lon="-118.31344">
        <ele>3491.98</ele>
      </trkpt>
      <trkpt lat="36.54548" lon="-118.31357">
        <ele>3487.07</ele>
      </trkpt>
      <trkpt lat="36.54527" lon="-118.31373">
        <ele>3481.26</ele>
      </trkpt>
      <trkpt lat="36.54523" lon="-118.31392">
        <ele>3474.8</ele>
      </trkpt>
      <trkpt lat="36.54501" lon="-118.31414">
        <ele>3466.4</ele>
      </trkpt>
      <trkpt lat="36.54501" lon="-118.31425">
        <ele>3464.31</ele>
      </trkpt>
      <trkpt lat="36.54517" lon="-118.3144">
        <ele>3461.79</ele>
      </trkpt>
      <trkpt lat="36.54548" lon="-118.31428">
        <ele>3462.37</ele>
      </trkpt>
      <trkpt lat="36.54577" lon="-118.31435">
        <ele>3460.02</ele>
      </trkpt>
      <trkpt lat="36.54599" lon="-118.31475">
        <ele>3460.08</ele>
      </trkpt>
      <trkpt lat="36.5461" lon="-118.31526">
        <ele>3459.88</ele>
      </trkpt>
      <trkpt lat="36.54597" lon="-118.31634">
        <ele>3461.65</ele>
      </trkpt>
      <trkpt lat="36.54556" lon="-118.31701">
        <ele>3461.71</ele>
      </trkpt>
      <trkpt lat="36.54555" lon="-118.31713">
        <ele>3462.94</ele>
      </trkpt>
      <trkpt lat="36.54563" lon="-118.31735">
        <ele>3465.18</ele>
      </trkpt>
      <trkpt lat="36.54604" lon="-118.31719">
        <ele>3468.46</ele>
      </trkpt>
      <trkpt lat="36.54641" lon="-118.31808">
        <ele>3463.47</ele>
      </trkpt>
      <trkpt lat="36.54655" lon="-118.3186">
        <ele>3458.35</ele>
      </trkpt>
      <trkpt lat="36.54682" lon="-118.31891">
        <ele>3455.77</ele>
      </trkpt>
      <trkpt lat="36.54706" lon="-118.31948">
        <ele>3449.07</ele>
      </trkpt>
      <trkpt lat="36.54702" lon="-118.32033">
        <ele>3439.07</ele>
      </trkpt>
      <trkpt lat="36.54709" lon="-118.321">
        <ele>3435.92</ele>
      </trkpt>
      <trkpt lat="36.54704" lon="-118.32154">
        <ele>3428.4</ele>
      </trkpt>
      <trkpt lat="36.5471" lon="-118.32194">
        <ele>3422.1</ele>
      </trkpt>
      <trkpt lat="36.54733" lon="-118.32253">
        <ele>3411.57</ele>
      </trkpt>
      <trkpt lat="36.54746" lon="-118.32296">
        <ele>3404.65</ele>
      </trkpt>
      <trkpt lat="36.54733" lon="-118.32308">
        <ele>3401.12</ele>
      </trkpt>
      <trkpt lat="36.54716" lon="-118.32315">
        <ele>3400.32</ele>
      </trkpt>
      <trkpt lat="36.54682" lon="-118.32345">
        <ele>3399.0</ele>
      </trkpt>
      <trkpt lat="36.54666" lon="-118.32369">
        <ele>3397.94</ele>
      </trkpt>
      <trkpt lat="36.54647" lon="-118.32438">
        <ele>3395.88</ele>
      </trkpt>
      <trkpt lat="36.5465" lon="-118.32518">
        <ele>3395.2</ele>
      </trkpt>
      <trkpt lat="36.54673" lon="-118.3259">
        <ele>3396.88</ele>
      </trkpt>
      <trkpt lat="36.54683" lon="-118.32644">
        <ele>3393.76</ele>
      </trkpt>
      <trkpt lat="36.54694" lon="-118.32682">
        <ele>3392.95</ele>
      </trkpt>
      <trkpt lat="36.54689" lon="-118.32736">
        <ele>3387.82</ele>
      </trkpt>
      <trkpt lat="36.54679" lon="-118.32778">
        <ele>3385.66</ele>
      </trkpt>
      <trkpt lat="36.54676" lon="-118.32822">
        <ele>3385.01</ele>
      </trkpt>
      <trkpt lat="36.54686" lon="-118.32894">
        <ele>3382.18</ele>
      </trkpt>
      <trkpt lat="36.54684" lon="-118.32966">
        <ele>3371.83</ele>
      </trkpt>
      <trkpt lat="36.54704" lon="-118.33">
        <ele>3377.16</ele>
      </trkpt>
      <trkpt lat="36.54746" lon="-118.33088">
        <ele>3382.77</ele>
      </trkpt>
      <trkpt lat="36.54757" lon="-118.33116">
        <ele>3383.5</ele>
      </trkpt>
      <trkpt lat="36.54759" lon="-118.33134">
        <ele>3382.85</ele>
      </trkpt>
      <trkpt lat="36.54753" lon="-118.33212">
        <ele>3374.62</ele>
      </trkpt>
      <trkpt lat="36.5477" lon="-118.33266">
        <ele>3375.18</ele>
      </trkpt>
      <trkpt lat="36.54787" lon="-118.33291">
        <ele>3375.7</ele>
      </trkpt>
      <trkpt lat="36.54799" lon="-118.33304">
        <ele>3377.21</ele>
      </trkpt>
      <trkpt lat="36.54804" lon="-118.33314">
        <ele>3376.67</ele>
      </trkpt>
      <trkpt lat="36.54812" lon="-118.33319">
        <ele>3377.04</ele>
      </trkpt>
      <trkpt lat="36.54824" lon="-118.33319">
        <ele>3378.64</ele>
      </trkpt>
      <trkpt lat="36.54844" lon="-118.33317">
        <ele>3381.06</ele>
      </trkpt>
      <trkpt lat="36.54848" lon="-118.33315">
        <ele>3381.92</ele>
      </trkpt>
      <trkpt lat="36.54866" lon="-118.33318">
        <ele>3378.57</ele>
      </trkpt>
      <trkpt lat="36.54873" lon="-118.33316">
        <ele>3377.64</ele>
      </trkpt>
      <trkpt lat="36.54895" lon="-118.33318">
        <ele>3370.88</ele>
      </trkpt>
      <trkpt lat="36.54914" lon="-118.33315">
        <ele>3367.55</ele>
      </trkpt>
      <trkpt lat="36.54941" lon="-118.33337">
        <ele>3362.21</ele>
      </trkpt>
      <trkpt lat="36.54965" lon="-118.33363">
        <ele>3357.8</ele>
      </trkpt>
      <trkpt lat="36.54975" lon="-118.33377">
        <ele>3356.28</ele>
      </trkpt>
      <trkpt lat="36.54991" lon="-118.33395">
        <ele>3353.68</ele>
      </trkpt>
      <trkpt lat="36.54997" lon="-118.33403">
        <ele>3351.95</ele>
      </trkpt>
      <trkpt lat="36.55016" lon="-118.33405">
        <ele>3353.25</ele>
      </trkpt>
      <trkpt lat="36.5502" lon="-118.33413">
        <ele>3351.44</ele>
      </trkpt>
      <trkpt lat="36.55023" lon="-118.33426">
        <ele>3347.94</ele>
      </trkpt>
      <trkpt lat="36.5503" lon="-118.33439">
        <ele>3345.52</ele>
      </trkpt>
      <trkpt lat="36.5503" lon="-118.33471">
        <ele>3341.54</ele>
      </trkpt>
      <trkpt lat="36.55037" lon="-118.33511">
        <ele>3339.81</ele>
      </trkpt>
      <trkpt lat="36.55037" lon="-118.33526">
        <ele>3339.0</ele>
      </trkpt>
      <trkpt lat="36.55031" lon="-118.33543">
        <ele>3337.58</ele>
      </trkpt>
      <trkpt lat="36.55028" lon="-118.33575">
        <ele>3336.02</ele>
      </trkpt>
      <trkpt lat="36.55037" lon="-118.33592">
        <ele>3336.0</ele>
      </trkpt>
      <trkpt lat="36.55049" lon="-118.33606">
        <ele>3337.29</ele>
      </trkpt>
      <trkpt lat="36.55053" lon="-118.33621">
        <ele>3337.4</ele>
      </trkpt>
      <trkpt lat="36.55056" lon="-118.33647">
        <ele>3337.05</ele>
      </trkpt>
      <trkpt lat="36.55056" lon="-118.33661">
        <ele>3335.71</ele>
      </trkpt>
      <trkpt lat="36.55065" lon="-118.33679">
        <ele>3335.71</ele>
      </trkpt>
      <trkpt lat="36.55075" lon="-118.33692">
        <ele>3336.54</ele>
      </trkpt>
      <trkpt lat="36.55069" lon="-118.33732">
        <ele>3326.64</ele>
      </trkpt>
      <trkpt lat="36.55065" lon="-118.33749">
        <ele>3321.19</ele>
      </trkpt>
      <trkpt lat="36.55066" lon="-118.3377">
        <ele>3321.1</ele>
      </trkpt>
      <trkpt lat="36.55066" lon="-118.33784">
        <ele>3320.17</ele>
      </trkpt>
      <trkpt lat="36.55067" lon="-118.33797">
        <ele>3320.29</ele>
      </trkpt>
      <trkpt lat="36.55071" lon="-118.33816">
        <ele>3321.8</ele>
      </trkpt>
      <trkpt lat="36.55086" lon="-118.33839">
        <ele>3326.69</ele>
      </trkpt>
      <trkpt lat="36.55115" lon="-118.33843">
        <ele>3332.8</ele>
      </trkpt>
      <trkpt lat="36.55133" lon="-118.33862">
        <ele>3334.6</ele>
      </trkpt>
      <trkpt lat="36.55135" lon="-118.33866">
        <ele>3334.33</ele>
      </trkpt>
      <trkpt lat="36.55156" lon="-118.33873">
        <ele>3337.41</ele>
      </trkpt>
      <trkpt lat="36.55167" lon="-118.33882">
        <ele>3338.52</ele>
      </trkpt>
      <trkpt lat="36.55178" lon="-118.33888">
        <ele>3338.6</ele>
      </trkpt>
      <trkpt lat="36.55181" lon="-118.33895">
        <ele>3338.44</ele>
      </trkpt>
      <trkpt lat="36.55183" lon="-118.33914">
        <ele>3336.27</ele>
      </trkpt>
      <trkpt lat="36.55185" lon="-118.33921">
        <ele>3335.51</ele>
      </trkpt>
      <trkpt lat="36.55189" lon="-118.3393">
        <ele>3335.15</ele>
      </trkpt>
      <trkpt lat="36.55198" lon="-118.33935">
        <ele>3336.38</ele>
      </trkpt>
      <trkpt lat="36.55216" lon="-118.33941">
        <ele>3338.0</ele>
      </trkpt>
      <trkpt lat="36.55228" lon="-118.33943">
        <ele>3338.0</ele>
      </trkpt>
      <trkpt lat="36.55246" lon="-118.33932">
        <ele>3338.2</ele>
      </trkpt>
      <trkpt lat="36.55262" lon="-118.33938">
        <ele>3337.49</ele>
      </trkpt>
      <trkpt lat="36.55289" lon="-118.33937">
        <ele>3336.59</ele>
      </trkpt>
      <trkpt lat="36.55301" lon="-118.3393">
        <ele>3336.05</ele>
      </trkpt>
      <trkpt lat="36.55315" lon="-118.33914">
        <ele>3337.27</ele>
      </trkpt>
      <trkpt lat="36.55323" lon="-118.33903">
        <ele>3337.59</ele>
      </trkpt>
      <trkpt lat="36.55331" lon="-118.33903">
        <ele>3336.73</ele>
      </trkpt>
      <trkpt lat="36.55343" lon="-118.33896">
        <ele>3336.19</ele>
      </trkpt>
      <trkpt lat="36.55378" lon="-118.33864">
        <ele>3335.69</ele>
      </trkpt>
      <trkpt lat="36.55397" lon="-118.33864">
        <ele>3333.81</ele>
      </trkpt>
      <trkpt lat="36.55402" lon="-118.33867">
        <ele>3332.95</ele>
      </trkpt>
      <trkpt lat="36.5541" lon="-118.33866">
        <ele>3332.19</ele>
      </trkpt>
      <trkpt lat="36.55448" lon="-118.33876">
        <ele>3329.16</ele>
      </trkpt>
      <trkpt lat="36.55466" lon="-118.33886">
        <ele>3327.31</ele>
      </trkpt>
      <trkpt lat="36.55476" lon="-118.33913">
        <ele>3324.64</ele>
      </trkpt>
      <trkpt lat="36.55494" lon="-118.33921">
        <ele>3324.53</ele>
      </trkpt>
      <trkpt lat="36.55584" lon="-118.33934">
        <ele>3319.13</ele>
      </trkpt>
      <trkpt lat="36.55615" lon="-118.33988">
        <ele>3311.88</ele>
      </trkpt>
      <trkpt lat="36.55628" lon="-118.34">
        <ele>3308.18</ele>
      </trkpt>
      <trkpt lat="36.5564" lon="-118.34031">
        <ele>3301.65</ele>
      </trkpt>
      <trkpt lat="36.55645" lon="-118.3405">
        <ele>3299.6</ele>
      </trkpt>
      <trkpt lat="36.55661" lon="-118.34066">
        <ele>3298.26</ele>
      </trkpt>
      <trkpt lat="36.55682" lon="-118.34075">
        <ele>3298.87</ele>
      </trkpt>
      <trkpt lat="36.55704" lon="-118.34075">
        <ele>3299.96</ele>
      </trkpt>
      <trkpt lat="36.55727" lon="-118.34095">
        <ele>3301.0</ele>
      </trkpt>
      <trkpt lat="36.5574" lon="-118.34114">
        <ele>3298.32</ele>
      </trkpt>
      <trkpt lat="36.55754" lon="-118.3412">
        <ele>3297.12</ele>
      </trkpt>
      <trkpt lat="36.55765" lon="-118.34115">
        <ele>3298.38</ele>
      </trkpt>
      <trkpt lat="36.55769" lon="-118.34118">
        <ele>3297.55</ele>
      </trkpt>
      <trkpt lat="36.5577" lon="-118.34129">
        <ele>3296.23</ele>
      </trkpt>
      <trkpt lat="36.55784" lon="-118.34134">
        <ele>3296.73</ele>
      </trkpt>
      <trkpt lat="36.55791" lon="-118.34146">
        <ele>3295.76</ele>
      </trkpt>
      <trkpt lat="36.55786" lon="-118.34174">
        <ele>3291.12</ele>
      </trkpt>
      <trkpt lat="36.55789" lon="-118.34189">
        <ele>3289.8</ele>
      </trkpt>
      <trkpt lat="36.55789" lon="-118.34204">
        <ele>3287.97</ele>
      </trkpt>
      <trkpt lat="36.55788" lon="-118.3421">
        <ele>3287.32</ele>
      </trkpt>
      <trkpt lat="36.55797" lon="-118.34213">
        <ele>3287.07</ele>
      </trkpt>
      <trkpt lat="36.55812" lon="-118.34227">
        <ele>3285.66</ele>
      </trkpt>
      <trkpt lat="36.55818" lon="-118.34241">
        <ele>3284.29</ele>
      </trkpt>
      <trkpt lat="36.55805" lon="-118.34309">
        <ele>3272.63</ele>
      </trkpt>
      <trkpt lat="36.55792" lon="-118.34343">
        <ele>3267.96</ele>
      </trkpt>
      <trkpt lat="36.5579" lon="-118.3436">
        <ele>3266.12</ele>
      </trkpt>
      <trkpt lat="36.55782" lon="-118.34365">
        <ele>3265.04</ele>
      </trkpt>
      <trkpt lat="36.5576" lon="-118.34396">
        <ele>3260.37</ele>
      </trkpt>
      <trkpt lat="36.55745" lon="-118.34438">
        <ele>3254.68</ele>
      </trkpt>
      <trkpt lat="36.55736" lon="-118.34466">
        <ele>3248.14</ele>
      </trkpt>
      <trkpt lat="36.55715" lon="-118.34521">
        <ele>3238.72</ele>
      </trkpt>
      <trkpt lat="36.55688" lon="-118.34559">
        <ele>3227.22</ele>
      </trkpt>
      <trkpt lat="36.55679" lon="-118.34584">
        <ele>3223.33</ele>
      </trkpt>
      <trkpt lat="36.55666" lon="-118.34609">
        <ele>3219.08</ele>
      </trkpt>
      <trkpt lat="36.55664" lon="-118.34629">
        <ele>3217.49</ele>
      </trkpt>
      <trkpt lat="36.55667" lon="-118.3464">
        <ele>3217.92</ele>
      </trkpt>
      <trkpt lat="36.55669" lon="-118.34673">
        <ele>3214.74</ele>
      </trkpt>
      <trkpt lat="36.55676" lon="-118.34704">
        <ele>3213.98</ele>
      </trkpt>
      <trkpt lat="36.55684" lon="-118.34716">
        <ele>3214.46</ele>
      </trkpt>
      <trkpt lat="36.55692" lon="-118.34736">
        <ele>3213.98</ele>
      </trkpt>
      <trkpt lat="36.557" lon="-118.34747">
        <ele>3213.65</ele>
      </trkpt>
      <trkpt lat="36.55706" lon="-118.34761">
        <ele>3212.01</ele>
      </trkpt>
      <trkpt lat="36.55706" lon="-118.34787">
        <ele>3207.01</ele>
      </trkpt>
      <trkpt lat="36.55699" lon="-118.34798">
        <ele>3204.63</ele>
      </trkpt>
      <trkpt lat="36.55699" lon="-118.34809">
        <ele>3202.63</ele>
      </trkpt>
      <trkpt lat="36.55692" lon="-118.34824">
        <ele>3201.27</ele>
      </trkpt>
      <trkpt lat="36.55711" lon="-118.34912">
        <ele>3198.5</ele>
      </trkpt>
      <trkpt lat="36.5571" lon="-118.35">
        <ele>3189.0</ele>
      </trkpt>
      <trkpt lat="36.55705" lon="-118.35057">
        <ele>3186.84</ele>
      </trkpt>
      <trkpt lat="36.55707" lon="-118.35089">
        <ele>3185.39</ele>
      </trkpt>
      <trkpt lat="36.55695" lon="-118.35121">
        <ele>3185.0</ele>
      </trkpt>
      <trkpt lat="36.55678" lon="-118.35217">
        <ele>3183.78</ele>
      </trkpt>
      <trkpt lat="36.55677" lon="-118.35252">
        <ele>3183.0</ele>
      </trkpt>
      <trkpt lat="36.55665" lon="-118.35297">
        <ele>3184.24</ele>
      </trkpt>
      <trkpt lat="36.55689" lon="-118.35336">
        <ele>3183.17</ele>
      </trkpt>
      <trkpt lat="36.55716" lon="-118.35346">
        <ele>3179.34</ele>
      </trkpt>
      <trkpt lat="36.55736" lon="-118.35356">
        <ele>3177.77</ele>
      </trkpt>
      <trkpt lat="36.55757" lon="-118.35372">
        <ele>3179.71</ele>
      </trkpt>
      <trkpt lat="36.55756" lon="-118.35388">
        <ele>3178.71</ele>
      </trkpt>
      <trkpt lat="36.55756" lon="-118.35388">
        <ele>3178.71</ele>
      </trkpt>
      <trkpt lat="36.55754" lon="-118.35408">
        <ele>3178.4</ele>
      </trkpt>
      <trkpt lat="36.55757" lon="-118.35422">
        <ele>3178.65</ele>
      </trkpt>
      <trkpt lat="36.55757" lon="-118.35434">
        <ele>3178.76</ele>
      </trkpt>
      <trkpt lat="36.55757" lon="-118.35444">
        <ele>3178.76</ele>
      </trkpt>
      <trkpt lat="36.5575" lon="-118.35458">
        <ele>3178.46</ele>
      </trkpt>
      <trkpt lat="36.55743" lon="-118.35469">
        <ele>3178.4</ele>
      </trkpt>
      <trkpt lat="36.55726" lon="-118.35497">
        <ele>3178.49</ele>
      </trkpt>
      <trkpt lat="36.55712" lon="-118.35517">
        <ele>3177.73</ele>
      </trkpt>
      <trkpt lat="36.55704" lon="-118.3552">
        <ele>3177.19</ele>
      </trkpt>
      <trkpt lat="36.55684" lon="-118.35535">
        <ele>3175.55</ele>
      </trkpt>
      <trkpt lat="36.55668" lon="-118.35552">
        <ele>3174.23</ele>
      </trkpt>
      <trkpt lat="36.55659" lon="-118.35572">
        <ele>3174.95</ele>
      </trkpt>
      <trkpt lat="36.55625" lon="-118.35628">
        <ele>3172.82</ele>
      </trkpt>
      <trkpt lat="36.55612" lon="-118.35652">
        <ele>3171.7</ele>
      </trkpt>
      <trkpt lat="36.55593" lon="-118.35691">
        <ele>3171.39</ele>
      </trkpt>
      <trkpt lat="36.55573" lon="-118.35716">
        <ele>3168.98</ele>
      </trkpt>
      <trkpt lat="36.55567" lon="-118.35732">
        <ele>3169.04</ele>
      </trkpt>
      <trkpt lat="36.55557" lon="-118.35747">
        <ele>3168.82</ele>
      </trkpt>
      <trkpt lat="36.55546" lon="-118.35758">
        <ele>3168.66</ele>
      </trkpt>
      <trkpt lat="36.55518" lon="-118.35771">
        <ele>3166.52</ele>
      </trkpt>
      <trkpt lat="36.55508" lon="-118.35774">
        <ele>3166.54</ele>
      </trkpt>
      <trkpt lat="36.55496" lon="-118.35775">
        <ele>3166.1</ele>
      </trkpt>
      <trkpt lat="36.55488" lon="-118.35773">
        <ele>3165.19</ele>
      </trkpt>
      <trkpt lat="36.55479" lon="-118.35763">
        <ele>3163.14</ele>
      </trkpt>
      <trkpt lat="36.55461" lon="-118.35757">
        <ele>3161.6</ele>
      </trkpt>
      <trkpt lat="36.55416" lon="-118.35759">
        <ele>3159.9</ele>
      </trkpt>
      <trkpt lat="36.55408" lon="-118.35763">
        <ele>3159.06</ele>
      </trkpt>
      <trkpt lat="36.554" lon="-118.35772">
        <ele>3159.08</ele>
      </trkpt>
      <trkpt lat="36.55392" lon="-118.35773">
        <ele>3158.66</ele>
      </trkpt>
      <trkpt lat="36.55386" lon="-118.35772">
        <ele>3158.26</ele>
      </trkpt>
      <trkpt lat="36.5538" lon="-118.35775">
        <ele>3158.03</ele>
      </trkpt>
      <trkpt lat="36.55375" lon="-118.35783">
        <ele>3157.78</ele>
      </trkpt>
      <trkpt lat="36.55367" lon="-118.3579">
        <ele>3157.75</ele>
      </trkpt>
      <trkpt lat="36.55338" lon="-118.358">
        <ele>3156.5</ele>
      </trkpt>
      <trkpt lat="36.55325" lon="-118.35807">
        <ele>3156.02</ele>
      </trkpt>
      <trkpt lat="36.55312" lon="-118.35817">
        <ele>3155.16</ele>
      </trkpt>
      <trkpt lat="36.55304" lon="-118.35823">
        <ele>3154.83</ele>
      </trkpt>
      <trkpt lat="36.55296" lon="-118.35828">
        <ele>3154.39</ele>
      </trkpt>
      <trkpt lat="36.55287" lon="-118.35828">
        <ele>3153.42</ele>
      </trkpt>
      <trkpt lat="36.55281" lon="-118.35831">
        <ele>3152.61</ele>
      </trkpt>
      <trkpt lat="36.55252" lon="-118.35863">
        <ele>3149.59</ele>
      </trkpt>
      <trkpt lat="36.55235" lon="-118.3588">
        <ele>3146.8</ele>
      </trkpt>
      <trkpt lat="36.55234" lon="-118.35886">
        <ele>3147.23</ele>
      </trkpt>
      <trkpt lat="36.55231" lon="-118.35891">
        <ele>3147.11</ele>
      </trkpt>
      <trkpt lat="36.55223" lon="-118.35885">
        <ele>3144.75</ele>
      </trkpt>
      <trkpt lat="36.55212" lon="-118.35871">
        <ele>3144.1</ele>
      </trkpt>
      <trkpt lat="36.55209" lon="-118.35858">
        <ele>3145.0</ele>
      </trkpt>
      <trkpt lat="36.55206" lon="-118.35852">
        <ele>3145.0</ele>
      </trkpt>
      <trkpt lat="36.55199" lon="-118.35834">
        <ele>3146.0</ele>
      </trkpt>
      <trkpt lat="36.55197" lon="-118.35805">
        <ele>3147.0</ele>
      </trkpt>
      <trkpt lat="36.55194" lon="-118.3579">
        <ele>3147.7</ele>
      </trkpt>
      <trkpt lat="36.55191" lon="-118.3578">
        <ele>3148.0</ele>
      </trkpt>
      <trkpt lat="36.55188" lon="-118.35754">
        <ele>3149.0</ele>
      </trkpt>
      <trkpt lat="36.55183" lon="-118.35748">
        <ele>3149.22</ele>
      </trkpt>
      <trkpt lat="36.55172" lon="-118.3574">
        <ele>3150.0</ele>
      </trkpt>
      <trkpt lat="36.55163" lon="-118.35739">
        <ele>3150.4</ele>
      </trkpt>
      <trkpt lat="36.55146" lon="-118.35744">
        <ele>3151.15</ele>
      </trkpt>
      <trkpt lat="36.55113" lon="-118.35742">
        <ele>3153.69</ele>
      </trkpt>
      <trkpt lat="36.55091" lon="-118.35739">
        <ele>3156.17</ele>
      </trkpt>
      <trkpt lat="36.55083" lon="-118.35739">
        <ele>3157.04</ele>
      </trkpt>
      <trkpt lat="36.55075" lon="-118.35745">
        <ele>3157.44</ele>
      </trkpt>
      <trkpt lat="36.55057" lon="-118.35755">
        <ele>3159.76</ele>
      </trkpt>
      <trkpt lat="36.55047" lon="-118.35765">
        <ele>3160.3</ele>
      </trkpt>
      <trkpt lat="36.5504" lon="-118.35767">
        <ele>3160.73</ele>
      </trkpt>
      <trkpt lat="36.55034" lon="-118.35779">
        <ele>3160.91</ele>
      </trkpt>
      <trkpt lat="36.55032" lon="-118.35787">
        <ele>3160.55</ele>
      </trkpt>
      <trkpt lat="36.55023" lon="-118.358">
        <ele>3160.12</ele>
      </trkpt>
      <trkpt lat="36.55012" lon="-118.35831">
        <ele>3155.5</ele>
      </trkpt>
      <trkpt lat="36.55005" lon="-118.35854">
        <ele>3150.08</ele>
      </trkpt>
      <trkpt lat="36.55002" lon="-118.35864">
        <ele>3147.28</ele>
      </trkpt>
      <trkpt lat="36.54995" lon="-118.35875">
        <ele>3143.19</ele>
      </trkpt>
      <trkpt lat="36.54982" lon="-118.35905">
        <ele>3142.0</ele>
      </trkpt>
      <trkpt lat="36.5497" lon="-118.35921">
        <ele>3142.0</ele>
      </trkpt>
      <trkpt lat="36.54964" lon="-118.35933">
        <ele>3142.0</ele>
      </trkpt>
      <trkpt lat="36.5496" lon="-118.35936">
        <ele>3142.0</ele>
      </trkpt>
      <trkpt lat="36.54954" lon="-118.35943">
        <ele>3142.0</ele>
      </trkpt>
      <trkpt lat="36.54949" lon="-118.35952">
        <ele>3142.11</ele>
      </trkpt>
      <trkpt lat="36.54936" lon="-118.35969">
        <ele>3143.17</ele>
      </trkpt>
      <trkpt lat="36.54933" lon="-118.3597">
        <ele>3143.89</ele>
      </trkpt>
      <trkpt lat="36.54934" lon="-118.35965">
        <ele>3144.06</ele>
      </trkpt>
      <trkpt lat="36.54933" lon="-118.35952">
        <ele>3145.7</ele>
      </trkpt>
      <trkpt lat="36.54931" lon="-118.3595">
        <ele>3146.48</ele>
      </trkpt>
      <trkpt lat="36.54928" lon="-118.3595">
        <ele>3147.26</ele>
      </trkpt>
      <trkpt lat="36.54925" lon="-118.35945">
        <ele>3149.19</ele>
      </trkpt>
      <trkpt lat="36.54924" lon="-118.35937">
        <ele>3150.26</ele>
      </trkpt>
      <trkpt lat="36.54917" lon="-118.35935">
        <ele>3151.95</ele>
      </trkpt>
      <trkpt lat="36.54915" lon="-118.35936">
        <ele>3152.7</ele>
      </trkpt>
      <trkpt lat="36.54914" lon="-118.35938">
        <ele>3153.06</ele>
      </trkpt>
      <trkpt lat="36.54916" lon="-118.35941">
        <ele>3152.24</ele>
      </trkpt>
      <trkpt lat="36.54913" lon="-118.35951">
        <ele>3152.48</ele>
      </trkpt>
      <trkpt lat="36.54909" lon="-118.35952">
        <ele>3153.67</ele>
      </trkpt>
      <trkpt lat="36.54896" lon="-118.35966">
        <ele>3157.44</ele>
      </trkpt>
      <trkpt lat="36.54894" lon="-118.35966">
        <ele>3158.16</ele>
      </trkpt>
      <trkpt lat="36.54893" lon="-118.35964">
        <ele>3158.62</ele>
      </trkpt>
      <trkpt lat="36.54894" lon="-118.35962">
        <ele>3158.39</ele>
      </trkpt>
      <trkpt lat="36.54893" lon="-118.3596">
        <ele>3158.85</ele>
      </trkpt>
      <trkpt lat="36.5489" lon="-118.35954">
        <ele>3160.49</ele>
      </trkpt>
      <trkpt lat="36.54886" lon="-118.35951">
        <ele>3162.34</ele>
      </trkpt>
      <trkpt lat="36.54884" lon="-118.35949">
        <ele>3163.38</ele>
      </trkpt>
      <trkpt lat="36.54883" lon="-118.35951">
        <ele>3163.73</ele>
      </trkpt>
      <trkpt lat="36.54883" lon="-118.35954">
        <ele>3163.53</ele>
      </trkpt>
      <trkpt lat="36.5488" lon="-118.3596">
        <ele>3164.81</ele>
      </trkpt>
      <trkpt lat="36.54879" lon="-118.3596">
        <ele>3165.36</ele>
      </trkpt>
      <trkpt lat="36.54876" lon="-118.35943">
        <ele>3168.51</ele>
      </trkpt>
      <trkpt lat="36.54875" lon="-118.35939">
        <ele>3169.59</ele>
      </trkpt>
      <trkpt lat="36.54873" lon="-118.3594">
        <ele>3170.78</ele>
      </trkpt>
      <trkpt lat="36.5487" lon="-118.35958">
        <ele>3170.78</ele>
      </trkpt>
      <trkpt lat="36.54868" lon="-118.35961">
        <ele>3171.75</ele>
      </trkpt>
      <trkpt lat="36.54868" lon="-118.35961">
        <ele>3171.75</ele>
      </trkpt>
      <trkpt lat="36.54867" lon="-118.35957">
        <ele>3172.83</ele>
      </trkpt>
      <trkpt lat="36.54866" lon="-118.35947">
        <ele>3174.56</ele>
      </trkpt>
      <trkpt lat="36.54865" lon="-118.35947">
        <ele>3175.2</ele>
      </trkpt>
      <trkpt lat="36.54859" lon="-118.35978">
        <ele>3174.74</ele>
      </trkpt>
      <trkpt lat="36.54856" lon="-118.35988">
        <ele>3175.61</ele>
      </trkpt>
      <trkpt lat="36.54851" lon="-118.35998">
        <ele>3177.68</ele>
      </trkpt>
      <trkpt lat="36.54847" lon="-118.36">
        <ele>3179.62</ele>
      </trkpt>
      <trkpt lat="36.54847" lon="-118.36006">
        <ele>3178.66</ele>
      </trkpt>
      <trkpt lat="36.54846" lon="-118.36009">
        <ele>3178.83</ele>
      </trkpt>
      <trkpt lat="36.54843" lon="-118.3601">
        <ele>3180.66</ele>
      </trkpt>
      <trkpt lat="36.54836" lon="-118.36023">
        <ele>3183.08</ele>
      </trkpt>
      <trkpt lat="36.54835" lon="-118.36035">
        <ele>3182.32</ele>
      </trkpt>
      <trkpt lat="36.54835" lon="-118.36037">
        <ele>3182.1</ele>
      </trkpt>
      <trkpt lat="36.54833" lon="-118.36037">
        <ele>3183.15</ele>
      </trkpt>
      <trkpt lat="36.5483" lon="-118.36035">
        <ele>3184.66</ele>
      </trkpt>
      <trkpt lat="36.54828" lon="-118.36036">
        <ele>3185.42</ele>
      </trkpt>
      <trkpt lat="36.54823" lon="-118.36034">
        <ele>3187.79</ele>
      </trkpt>
      <trkpt lat="36.54816" lon="-118.36039">
        <ele>3190.28</ele>
      </trkpt>
      <trkpt lat="36.54803" lon="-118.36043">
        <ele>3195.18</ele>
      </trkpt>
      <trkpt lat="36.54798" lon="-118.36047">
        <ele>3196.37</ele>
      </trkpt>
      <trkpt lat="36.54793" lon="-118.36056">
        <ele>3197.02</ele>
      </trkpt>
      <trkpt lat="36.54792" lon="-118.3606">
        <ele>3196.91</ele>
      </trkpt>
      <trkpt lat="36.54793" lon="-118.36065">
        <ele>3196.06</ele>
      </trkpt>
      <trkpt lat="36.54793" lon="-118.36069">
        <ele>3195.91</ele>
      </trkpt>
      <trkpt lat="36.54786" lon="-118.36076">
        <ele>3197.34</ele>
      </trkpt>
      <trkpt lat="36.54787" lon="-118.36078">
        <ele>3197.01</ele>
      </trkpt>
      <trkpt lat="36.54792" lon="-118.36083">
        <ele>3195.93</ele>
      </trkpt>
      <trkpt lat="36.54791" lon="-118.36086">
        <ele>3196.31</ele>
      </trkpt>
      <trkpt lat="36.54785" lon="-118.3609">
        <ele>3198.38</ele>
      </trkpt>
      <trkpt lat="36.54783" lon="-118.36096">
        <ele>3199.68</ele>
      </trkpt>
      <trkpt lat="36.54782" lon="-118.36097">
        <ele>3200.11</ele>
      </trkpt>
      <trkpt lat="36.54778" lon="-118.36098">
        <ele>3201.51</ele>
      </trkpt>
      <trkpt lat="36.54776" lon="-118.36103">
        <ele>3202.89</ele>
      </trkpt>
      <trkpt lat="36.54773" lon="-118.36107">
        <ele>3204.62</ele>
      </trkpt>
      <trkpt lat="36.54767" lon="-118.36112">
        <ele>3207.74</ele>
      </trkpt>
      <trkpt lat="36.54761" lon="-118.36123">
        <ele>3210.44</ele>
      </trkpt>
      <trkpt lat="36.54758" lon="-118.36123">
        <ele>3211.41</ele>
      </trkpt>
      <trkpt lat="36.54753" lon="-118.3612">
        <ele>3213.06</ele>
      </trkpt>
      <trkpt lat="36.54752" lon="-118.36123">
        <ele>3213.35</ele>
      </trkpt>
      <trkpt lat="36.5475" lon="-118.36126">
        <ele>3214.0</ele>
      </trkpt>
      <trkpt lat="36.54748" lon="-118.36127">
        <ele>3214.65</ele>
      </trkpt>
      <trkpt lat="36.54747" lon="-118.36129">
        <ele>3214.97</ele>
      </trkpt>
      <trkpt lat="36.54747" lon="-118.36132">
        <ele>3214.89</ele>
      </trkpt>
      <trkpt lat="36.54746" lon="-118.36133">
        <ele>3215.14</ele>
      </trkpt>
      <trkpt lat="36.54743" lon="-118.36133">
        <ele>3215.99</ele>
      </trkpt>
      <trkpt lat="36.54741" lon="-118.36139">
        <ele>3215.94</ele>
      </trkpt>
      <trkpt lat="36.54742" lon="-118.36144">
        <ele>3215.65</ele>
      </trkpt>
      <trkpt lat="36.54734" lon="-118.36148">
        <ele>3217.46</ele>
      </trkpt>
      <trkpt lat="36.54734" lon="-118.3615">
        <ele>3217.46</ele>
      </trkpt>
      <trkpt lat="36.54733" lon="-118.36152">
        <ele>3217.67</ele>
      </trkpt>
      <trkpt lat="36.54731" lon="-118.36152">
        <ele>3218.1</ele>
      </trkpt>
      <trkpt lat="36.54728" lon="-118.36149">
        <ele>3218.75</ele>
      </trkpt>
      <trkpt lat="36.54727" lon="-118.36151">
        <ele>3218.97</ele>
      </trkpt>
      <trkpt lat="36.54726" lon="-118.3616">
        <ele>3219.35</ele>
      </trkpt>
      <trkpt lat="36.54724" lon="-118.36162">
        <ele>3220.02</ele>
      </trkpt>
      <trkpt lat="36.54721" lon="-118.3616">
        <ele>3220.81</ele>
      </trkpt>
      <trkpt lat="36.54721" lon="-118.36152">
        <ele>3220.53</ele>
      </trkpt>
      <trkpt lat="36.5472" lon="-118.36149">
        <ele>3220.96</ele>
      </trkpt>
      <trkpt lat="36.54718" lon="-118.3615">
        <ele>3221.82</ele>
      </trkpt>
      <trkpt lat="36.54705" lon="-118.3616">
        <ele>3230.06</ele>
      </trkpt>
      <trkpt lat="36.54703" lon="-118.36165">
        <ele>3231.55</ele>
      </trkpt>
      <trkpt lat="36.54701" lon="-118.36174">
        <ele>3232.81</ele>
      </trkpt>
      <trkpt lat="36.54699" lon="-118.36178">
        <ele>3233.93</ele>
      </trkpt>
      <trkpt lat="36.54697" lon="-118.3618">
        <ele>3235.03</ele>
      </trkpt>
      <trkpt lat="36.54696" lon="-118.36177">
        <ele>3235.9</ele>
      </trkpt>
      <trkpt lat="36.54693" lon="-118.36177">
        <ele>3237.51</ele>
      </trkpt>
      <trkpt lat="36.5469" lon="-118.36181">
        <ele>3238.37</ele>
      </trkpt>
      <trkpt lat="36.54689" lon="-118.36189">
        <ele>3237.94</ele>
      </trkpt>
      <trkpt lat="36.54685" lon="-118.36194">
        <ele>3239.11</ele>
      </trkpt>
      <trkpt lat="36.54685" lon="-118.36198">
        <ele>3238.67</ele>
      </trkpt>
      <trkpt lat="36.54681" lon="-118.36205">
        <ele>3238.76</ele>
      </trkpt>
      <trkpt lat="36.54677" lon="-118.36212">
        <ele>3238.87</ele>
      </trkpt>
      <trkpt lat="36.54674" lon="-118.36215">
        <ele>3239.53</ele>
      </trkpt>
      <trkpt lat="36.54672" lon="-118.36215">
        <ele>3240.09</ele>
      </trkpt>
      <trkpt lat="36.54669" lon="-118.36219">
        <ele>3240.27</ele>
      </trkpt>
      <trkpt lat="36.54663" lon="-118.36238">
        <ele>3239.51</ele>
      </trkpt>
      <trkpt lat="36.5466" lon="-118.3624">
        <ele>3239.78</ele>
      </trkpt>
      <trkpt lat="36.54657" lon="-118.36242">
        <ele>3239.99</ele>
      </trkpt>
      <trkpt lat="36.54656" lon="-118.36248">
        <ele>3239.55</ele>
      </trkpt>
      <trkpt lat="36.54657" lon="-118.36252">
        <ele>3238.87</ele>
      </trkpt>
      <trkpt lat="36.54657" lon="-118.36257">
        <ele>3238.33</ele>
      </trkpt>
      <trkpt lat="36.54652" lon="-118.36269">
        <ele>3238.53</ele>
      </trkpt>
      <trkpt lat="36.54643" lon="-118.3628">
        <ele>3238.87</ele>
      </trkpt>
      <trkpt lat="36.54645" lon="-118.36293">
        <ele>3237.04</ele>
      </trkpt>
      <trkpt lat="36.54645" lon="-118.36297">
        <ele>3236.65</ele>
      </trkpt>
      <trkpt lat="36.54644" lon="-118.36308">
        <ele>3236.18</ele>
      </trkpt>
      <trkpt lat="36.54644" lon="-118.36316">
        <ele>3235.32</ele>
      </trkpt>
      <trkpt lat="36.54643" lon="-118.36319">
        <ele>3235.1</ele>
      </trkpt>
      <trkpt lat="36.5464" lon="-118.36319">
        <ele>3235.43</ele>
      </trkpt>
      <trkpt lat="36.54637" lon="-118.36321">
        <ele>3235.54</ele>
      </trkpt>
      <trkpt lat="36.54636" lon="-118.36324">
        <ele>3235.32</ele>
      </trkpt>
      <trkpt lat="36.54631" lon="-118.36329">
        <ele>3235.32</ele>
      </trkpt>
      <trkpt lat="36.54626" lon="-118.36339">
        <ele>3235.17</ele>
      </trkpt>
      <trkpt lat="36.54621" lon="-118.36344">
        <ele>3235.57</ele>
      </trkpt>
      <trkpt lat="36.5462" lon="-118.36349">
        <ele>3234.68</ele>
      </trkpt>
      <trkpt lat="36.54616" lon="-118.36355">
        <ele>3234.44</ele>
      </trkpt>
      <trkpt lat="36.54611" lon="-118.36361">
        <ele>3234.05</ele>
      </trkpt>
      <trkpt lat="36.54608" lon="-118.36368">
        <ele>3233.68</ele>
      </trkpt>
      <trkpt lat="36.546" lon="-118.36379">
        <ele>3232.54</ele>
      </trkpt>
      <trkpt lat="36.54597" lon="-118.3638">
        <ele>3232.95</ele>
      </trkpt>
      <trkpt lat="36.54593" lon="-118.36385">
        <ele>3232.2</ele>
      </trkpt>
      <trkpt lat="36.54591" lon="-118.36395">
        <ele>3229.91</ele>
      </trkpt>
      <trkpt lat="36.54585" lon="-118.364">
        <ele>3229.22</ele>
      </trkpt>
      <trkpt lat="36.54583" lon="-118.36402">
        <ele>3228.85</ele>
      </trkpt>
      <trkpt lat="36.54584" lon="-118.36406">
        <ele>3227.38</ele>
      </trkpt>
      <trkpt lat="36.54575" lon="-118.3642">
        <ele>3224.4</ele>
      </trkpt>
      <trkpt lat="36.5457" lon="-118.36421">
        <ele>3225.45</ele>
      </trkpt>
      <trkpt lat="36.54551" lon="-118.36438">
        <ele>3227.36</ele>
      </trkpt>
      <trkpt lat="36.5454" lon="-118.36443">
        <ele>3231.03</ele>
      </trkpt>
      <trkpt lat="36.54533" lon="-118.36449">
        <ele>3232.05</ele>
      </trkpt>
      <trkpt lat="36.5453" lon="-118.36453">
        <ele>3232.21</ele>
      </trkpt>
      <trkpt lat="36.54527" lon="-118.36455">
        <ele>3232.92</ele>
      </trkpt>
      <trkpt lat="36.54523" lon="-118.36449">
        <ele>3236.08</ele>
      </trkpt>
      <trkpt lat="36.54513" lon="-118.36452">
        <ele>3239.16</ele>
      </trkpt>
      <trkpt lat="36.54509" lon="-118.36452">
        <ele>3240.45</ele>
      </trkpt>
      <trkpt lat="36.54498" lon="-118.36446">
        <ele>3245.1</ele>
      </trkpt>
      <trkpt lat="36.54491" lon="-118.36447">
        <ele>3246.39</ele>
      </trkpt>
      <trkpt lat="36.54486" lon="-118.36449">
        <ele>3247.04</ele>
      </trkpt>
      <trkpt lat="36.54475" lon="-118.3646">
        <ele>3247.04</ele>
      </trkpt>
      <trkpt lat="36.54467" lon="-118.36461">
        <ele>3248.55</ele>
      </trkpt>
      <trkpt lat="36.54458" lon="-118.36463">
        <ele>3250.06</ele>
      </trkpt>
      <trkpt lat="36.54455" lon="-118.36465">
        <ele>3250.28</ele>
      </trkpt>
      <trkpt lat="36.54447" lon="-118.36477">
        <ele>3249.93</ele>
      </trkpt>
      <trkpt lat="36.54443" lon="-118.36476">
        <ele>3251.0</ele>
      </trkpt>
      <trkpt lat="36.54439" lon="-118.36474">
        <ele>3252.46</ele>
      </trkpt>
      <trkpt lat="36.54422" lon="-118.36476">
        <ele>3255.44</ele>
      </trkpt>
      <trkpt lat="36.54415" lon="-118.36482">
        <ele>3256.29</ele>
      </trkpt>
      <trkpt lat="36.54407" lon="-118.36489">
        <ele>3256.46</ele>
      </trkpt>
      <trkpt lat="36.544" lon="-118.36494">
        <ele>3257.25</ele>
      </trkpt>
      <trkpt lat="36.54389" lon="-118.36505">
        <ele>3257.98</ele>
      </trkpt>
      <trkpt lat="36.54384" lon="-118.36512">
        <ele>3258.23</ele>
      </trkpt>
      <trkpt lat="36.54381" lon="-118.36514">
        <ele>3258.34</ele>
      </trkpt>
      <trkpt lat="36.54374" lon="-118.36514">
        <ele>3259.7</ele>
      </trkpt>
      <trkpt lat="36.54367" lon="-118.3652">
        <ele>3260.73</ele>
      </trkpt>
      <trkpt lat="36.54352" lon="-118.3652">
        <ele>3263.97</ele>
      </trkpt>
      <trkpt lat="36.5435" lon="-118.36522">
        <ele>3264.32</ele>
      </trkpt>
      <trkpt lat="36.54348" lon="-118.36527">
        <ele>3264.45</ele>
      </trkpt>
      <trkpt lat="36.54339" lon="-118.36544">
        <ele>3263.71</ele>
      </trkpt>
      <trkpt lat="36.54337" lon="-118.3655">
        <ele>3263.0</ele>
      </trkpt>
      <trkpt lat="36.54332" lon="-118.3656">
        <ele>3262.0</ele>
      </trkpt>
      <trkpt lat="36.54324" lon="-118.36571">
        <ele>3262.0</ele>
      </trkpt>
      <trkpt lat="36.54317" lon="-118.36574">
        <ele>3262.0</ele>
      </trkpt>
      <trkpt lat="36.54306" lon="-118.36579">
        <ele>3261.02</ele>
      </trkpt>
      <trkpt lat="36.54294" lon="-118.36583">
        <ele>3261.01</ele>
      </trkpt>
      <trkpt lat="36.54286" lon="-118.36588">
        <ele>3261.0</ele>
      </trkpt>
      <trkpt lat="36.54278" lon="-118.36592">
        <ele>3261.0</ele>
      </trkpt>
      <trkpt lat="36.54268" lon="-118.36594">
        <ele>3261.05</ele>
      </trkpt>
      <trkpt lat="36.54261" lon="-118.36594">
        <ele>3261.69</ele>
      </trkpt>
      <trkpt lat="36.54256" lon="-118.36596">
        <ele>3261.63</ele>
      </trkpt>
      <trkpt lat="36.54242" lon="-118.36605">
        <ele>3261.0</ele>
      </trkpt>
      <trkpt lat="36.54238" lon="-118.36607">
        <ele>3261.13</ele>
      </trkpt>
      <trkpt lat="36.5422" lon="-118.36604">
        <ele>3261.53</ele>
      </trkpt>
      <trkpt lat="36.5421" lon="-118.36605">
        <ele>3260.34</ele>
      </trkpt>
      <trkpt lat="36.54202" lon="-118.3661">
        <ele>3258.91</ele>
      </trkpt>
      <trkpt lat="36.54199" lon="-118.36615">
        <ele>3258.49</ele>
      </trkpt>
      <trkpt lat="36.54195" lon="-118.36617">
        <ele>3258.06</ele>
      </trkpt>
      <trkpt lat="36.54181" lon="-118.36621">
        <ele>3255.55</ele>
      </trkpt>
      <trkpt lat="36.54162" lon="-118.36618">
        <ele>3251.99</ele>
      </trkpt>
      <trkpt lat="36.54154" lon="-118.36614">
        <ele>3250.26</ele>
      </trkpt>
      <trkpt lat="36.54151" lon="-118.36608">
        <ele>3249.62</ele>
      </trkpt>
      <trkpt lat="36.54143" lon="-118.36609">
        <ele>3247.76</ele>
      </trkpt>
      <trkpt lat="36.54137" lon="-118.36606">
        <ele>3246.04</ele>
      </trkpt>
      <trkpt lat="36.54134" lon="-118.36606">
        <ele>3245.39</ele>
      </trkpt>
      <trkpt lat="36.54131" lon="-118.36603">
        <ele>3244.42</ele>
      </trkpt>
      <trkpt lat="36.54125" lon="-118.36603">
        <ele>3243.56</ele>
      </trkpt>
      <trkpt lat="36.54118" lon="-118.36608">
        <ele>3242.66</ele>
      </trkpt>
      <trkpt lat="36.54114" lon="-118.36607">
        <ele>3242.01</ele>
      </trkpt>
      <trkpt lat="36.54113" lon="-118.36599">
        <ele>3241.35</ele>
      </trkpt>
      <trkpt lat="36.54111" lon="-118.36594">
        <ele>3240.98</ele>
      </trkpt>
      <trkpt lat="36.5411" lon="-118.36584">
        <ele>3239.94</ele>
      </trkpt>
      <trkpt lat="36.54108" lon="-118.3658">
        <ele>3239.66</ele>
      </trkpt>
      <trkpt lat="36.54105" lon="-118.36579">
        <ele>3239.34</ele>
      </trkpt>
      <trkpt lat="36.54102" lon="-118.3658">
        <ele>3239.02</ele>
      </trkpt>
      <trkpt lat="36.54097" lon="-118.36586">
        <ele>3238.48</ele>
      </trkpt>
      <trkpt lat="36.54095" lon="-118.36588">
        <ele>3238.26</ele>
      </trkpt>
      <trkpt lat="36.54093" lon="-118.36588">
        <ele>3238.04</ele>
      </trkpt>
      <trkpt lat="36.54091" lon="-118.36584">
        <ele>3237.83</ele>
      </trkpt>
      <trkpt lat="36.54091" lon="-118.3658">
        <ele>3237.47</ele>
      </trkpt>
      <trkpt lat="36.54085" lon="-118.3656">
        <ele>3235.75</ele>
      </trkpt>
      <trkpt lat="36.54083" lon="-118.36549">
        <ele>3234.96</ele>
      </trkpt>
      <trkpt lat="36.54082" lon="-118.36545">
        <ele>3234.84</ele>
      </trkpt>
      <trkpt lat="36.54074" lon="-118.3654">
        <ele>3233.31</ele>
      </trkpt>
      <trkpt lat="36.54071" lon="-118.36539">
        <ele>3232.81</ele>
      </trkpt>
      <trkpt lat="36.54063" lon="-118.36536">
        <ele>3231.61</ele>
      </trkpt>
      <trkpt lat="36.54051" lon="-118.36528">
        <ele>3229.03</ele>
      </trkpt>
      <trkpt lat="36.54038" lon="-118.36522">
        <ele>3226.54</ele>
      </trkpt>
      <trkpt lat="36.54027" lon="-118.36517">
        <ele>3224.83</ele>
      </trkpt>
      <trkpt lat="36.54021" lon="-118.36513">
        <ele>3223.54</ele>
      </trkpt>
      <trkpt lat="36.54003" lon="-118.36502">
        <ele>3220.39</ele>
      </trkpt>
      <trkpt lat="36.5398" lon="-118.36493">
        <ele>3217.96</ele>
      </trkpt>
      <trkpt lat="36.53961" lon="-118.36488">
        <ele>3217.3</ele>
      </trkpt>
      <trkpt lat="36.5395" lon="-118.36481">
        <ele>3217.62</ele>
      </trkpt>
      <trkpt lat="36.53938" lon="-118.3648">
        <ele>3217.16</ele>
      </trkpt>
      <trkpt lat="36.53905" lon="-118.36471">
        <ele>3216.77</ele>
      </trkpt>
      <trkpt lat="36.5389" lon="-118.36466">
        <ele>3216.67</ele>
      </trkpt>
      <trkpt lat="36.53884" lon="-118.36463">
        <ele>3217.0</ele>
      </trkpt>
      <trkpt lat="36.53877" lon="-118.36455">
        <ele>3217.0</ele>
      </trkpt>
      <trkpt lat="36.53864" lon="-118.36451">
        <ele>3217.29</ele>
      </trkpt>
      <trkpt lat="36.5386" lon="-118.36453">
        <ele>3217.08</ele>
      </trkpt>
      <trkpt lat="36.53859" lon="-118.36455">
        <ele>3216.86</ele>
      </trkpt>
      <trkpt lat="36.53855" lon="-118.36458">
        <ele>3216.54</ele>
      </trkpt>
      <trkpt lat="36.53851" lon="-118.36458">
        <ele>3216.54</ele>
      </trkpt>
      <trkpt lat="36.53837" lon="-118.36453">
        <ele>3217.63</ele>
      </trkpt>
      <trkpt lat="36.53828" lon="-118.36452">
        <ele>3218.11</ele>
      </trkpt>
      <trkpt lat="36.53823" lon="-118.3645">
        <ele>3218.4</ele>
      </trkpt>
      <trkpt lat="36.5382" lon="-118.36446">
        <ele>3218.83</ele>
      </trkpt>
      <trkpt lat="36.53816" lon="-118.36443">
        <ele>3219.16</ele>
      </trkpt>
      <trkpt lat="36.53806" lon="-118.36444">
        <ele>3219.05</ele>
      </trkpt>
      <trkpt lat="36.538" lon="-118.36443">
        <ele>3219.76</ele>
      </trkpt>
      <trkpt lat="36.53795" lon="-118.36441">
        <ele>3220.37</ele>
      </trkpt>
      <trkpt lat="36.53788" lon="-118.36441">
        <ele>3220.37</ele>
      </trkpt>
      <trkpt lat="36.53783" lon="-118.36442">
        <ele>3220.26</ele>
      </trkpt>
      <trkpt lat="36.53779" lon="-118.36441">
        <ele>3220.37</ele>
      </trkpt>
      <trkpt lat="36.53768" lon="-118.36435">
        <ele>3222.02</ele>
      </trkpt>
      <trkpt lat="36.5376" lon="-118.36438">
        <ele>3221.7</ele>
      </trkpt>
      <trkpt lat="36.53754" lon="-118.36438">
        <ele>3222.26</ele>
      </trkpt>
      <trkpt lat="36.5375" lon="-118.36436">
        <ele>3222.91</ele>
      </trkpt>
      <trkpt lat="36.53748" lon="-118.36434">
        <ele>3223.13</ele>
      </trkpt>
      <trkpt lat="36.53741" lon="-118.36432">
        <ele>3223.34</ele>
      </trkpt>
      <trkpt lat="36.53736" lon="-118.36429">
        <ele>3224.18</ele>
      </trkpt>
      <trkpt lat="36.53719" lon="-118.36423">
        <ele>3225.66</ele>
      </trkpt>
      <trkpt lat="36.53713" lon="-118.36416">
        <ele>3227.07</ele>
      </trkpt>
      <trkpt lat="36.53708" lon="-118.36412">
        <ele>3227.5</ele>
      </trkpt>
      <trkpt lat="36.53692" lon="-118.36413">
        <ele>3228.4</ele>
      </trkpt>
      <trkpt lat="36.53687" lon="-118.36412">
        <ele>3228.5</ele>
      </trkpt>
      <trkpt lat="36.5368" lon="-118.3641">
        <ele>3229.28</ele>
      </trkpt>
      <trkpt lat="36.53676" lon="-118.36408">
        <ele>3229.93</ele>
      </trkpt>
      <trkpt lat="36.53664" lon="-118.36395">
        <ele>3231.87</ele>
      </trkpt>
      <trkpt lat="36.53656" lon="-118.36395">
        <ele>3232.39</ele>
      </trkpt>
      <trkpt lat="36.53653" lon="-118.36393">
        <ele>3232.82</ele>
      </trkpt>
      <trkpt lat="36.53647" lon="-118.36394">
        <ele>3232.96</ele>
      </trkpt>
      <trkpt lat="36.53641" lon="-118.36391">
        <ele>3233.72</ele>
      </trkpt>
      <trkpt lat="36.53635" lon="-118.36389">
        <ele>3233.99</ele>
      </trkpt>
      <trkpt lat="36.53624" lon="-118.3638">
        <ele>3235.54</ele>
      </trkpt>
      <trkpt lat="36.53619" lon="-118.36379">
        <ele>3236.07</ele>
      </trkpt>
      <trkpt lat="36.53616" lon="-118.36376">
        <ele>3236.39</ele>
      </trkpt>
      <trkpt lat="36.53607" lon="-118.36376">
        <ele>3236.39</ele>
      </trkpt>
      <trkpt lat="36.53598" lon="-118.36371">
        <ele>3236.93</ele>
      </trkpt>
      <trkpt lat="36.53594" lon="-118.36369">
        <ele>3237.3</ele>
      </trkpt>
      <trkpt lat="36.53592" lon="-118.36365">
        <ele>3238.16</ele>
      </trkpt>
      <trkpt lat="36.53587" lon="-118.36362">
        <ele>3238.81</ele>
      </trkpt>
      <trkpt lat="36.53578" lon="-118.3636">
        <ele>3238.61</ele>
      </trkpt>
      <trkpt lat="36.53571" lon="-118.3636">
        <ele>3238.2</ele>
      </trkpt>
      <trkpt lat="36.53558" lon="-118.36355">
        <ele>3238.66</ele>
      </trkpt>
      <trkpt lat="36.53551" lon="-118.36354">
        <ele>3238.77</ele>
      </trkpt>
      <trkpt lat="36.53527" lon="-118.36344">
        <ele>3238.76</ele>
      </trkpt>
      <trkpt lat="36.53519" lon="-118.36343">
        <ele>3238.01</ele>
      </trkpt>
      <trkpt lat="36.53514" lon="-118.3634">
        <ele>3237.79</ele>
      </trkpt>
      <trkpt lat="36.53508" lon="-118.36339">
        <ele>3237.39</ele>
      </trkpt>
      <trkpt lat="36.53489" lon="-118.3633">
        <ele>3237.29</ele>
      </trkpt>
      <trkpt lat="36.53476" lon="-118.3633">
        <ele>3236.62</ele>
      </trkpt>
      <trkpt lat="36.53467" lon="-118.36327">
        <ele>3236.12</ele>
      </trkpt>
      <trkpt lat="36.53457" lon="-118.36327">
        <ele>3235.68</ele>
      </trkpt>
      <trkpt lat="36.53452" lon="-118.36325">
        <ele>3235.73</ele>
      </trkpt>
      <trkpt lat="36.53444" lon="-118.36322">
        <ele>3235.22</ele>
      </trkpt>
      <trkpt lat="36.53439" lon="-118.36321">
        <ele>3235.33</ele>
      </trkpt>
      <trkpt lat="36.53421" lon="-118.3632">
        <ele>3234.91</ele>
      </trkpt>
      <trkpt lat="36.53416" lon="-118.36321">
        <ele>3234.33</ele>
      </trkpt>
      <trkpt lat="36.53407" lon="-118.36326">
        <ele>3233.79</ele>
      </trkpt>
      <trkpt lat="36.53395" lon="-118.36331">
        <ele>3232.91</ele>
      </trkpt>
      <trkpt lat="36.53377" lon="-118.36333">
        <ele>3231.76</ele>
      </trkpt>
      <trkpt lat="36.53364" lon="-118.36331">
        <ele>3231.33</ele>
      </trkpt>
      <trkpt lat="36.53344" lon="-118.36335">
        <ele>3229.82</ele>
      </trkpt>
      <trkpt lat="36.53323" lon="-118.36333">
        <ele>3229.04</ele>
      </trkpt>
      <trkpt lat="36.53313" lon="-118.36331">
        <ele>3229.11</ele>
      </trkpt>
      <trkpt lat="36.53304" lon="-118.36327">
        <ele>3229.25</ele>
      </trkpt>
      <trkpt lat="36.53296" lon="-118.36323">
        <ele>3229.23</ele>
      </trkpt>
      <trkpt lat="36.53289" lon="-118.36317">
        <ele>3229.93</ele>
      </trkpt>
      <trkpt lat="36.53278" lon="-118.36314">
        <ele>3230.18</ele>
      </trkpt>
      <trkpt lat="36.53272" lon="-118.36313">
        <ele>3230.27</ele>
      </trkpt>
      <trkpt lat="36.53265" lon="-118.36309">
        <ele>3230.49</ele>
      </trkpt>
      <trkpt lat="36.53263" lon="-118.36306">
        <ele>3230.92</ele>
      </trkpt>
      <trkpt lat="36.53255" lon="-118.36304">
        <ele>3230.79</ele>
      </trkpt>
      <trkpt lat="36.53249" lon="-118.36303">
        <ele>3230.52</ele>
      </trkpt>
      <trkpt lat="36.53243" lon="-118.36301">
        <ele>3230.61</ele>
      </trkpt>
      <trkpt lat="36.53236" lon="-118.36296">
        <ele>3231.06</ele>
      </trkpt>
      <trkpt lat="36.53218" lon="-118.36297">
        <ele>3230.43</ele>
      </trkpt>
      <trkpt lat="36.53197" lon="-118.36293">
        <ele>3229.89</ele>
      </trkpt>
      <trkpt lat="36.53168" lon="-118.36293">
        <ele>3228.41</ele>
      </trkpt>
      <trkpt lat="36.53158" lon="-118.3629">
        <ele>3227.74</ele>
      </trkpt>
      <trkpt lat="36.53151" lon="-118.36286">
        <ele>3228.15</ele>
      </trkpt>
      <trkpt lat="36.53143" lon="-118.36284">
        <ele>3227.95</ele>
      </trkpt>
      <trkpt lat="36.53143" lon="-118.36284">
        <ele>3227.95</ele>
      </trkpt>
      <trkpt lat="36.5314" lon="-118.36284">
        <ele>3227.74</ele>
      </trkpt>
      <trkpt lat="36.53106" lon="-118.36268">
        <ele>3227.5</ele>
      </trkpt>
      <trkpt lat="36.53099" lon="-118.36264">
        <ele>3227.33</ele>
      </trkpt>
      <trkpt lat="36.5309" lon="-118.36263">
        <ele>3226.91</ele>
      </trkpt>
      <trkpt lat="36.53086" lon="-118.36261">
        <ele>3226.91</ele>
      </trkpt>
      <trkpt lat="36.53083" lon="-118.36261">
        <ele>3226.59</ele>
      </trkpt>
      <trkpt lat="36.53079" lon="-118.3626">
        <ele>3226.37</ele>
      </trkpt>
      <trkpt lat="36.5307" lon="-118.3626">
        <ele>3225.44</ele>
      </trkpt>
      <trkpt lat="36.53059" lon="-118.36256">
        <ele>3225.08</ele>
      </trkpt>
      <trkpt lat="36.53048" lon="-118.3625">
        <ele>3225.18</ele>
      </trkpt>
      <trkpt lat="36.53042" lon="-118.36249">
        <ele>3224.75</ele>
      </trkpt>
      <trkpt lat="36.53038" lon="-118.36248">
        <ele>3224.54</ele>
      </trkpt>
      <trkpt lat="36.53027" lon="-118.3624">
        <ele>3224.92</ele>
      </trkpt>
      <trkpt lat="36.53019" lon="-118.3624">
        <ele>3223.26</ele>
      </trkpt>
      <trkpt lat="36.53007" lon="-118.36236">
        <ele>3222.66</ele>
      </trkpt>
      <trkpt lat="36.52994" lon="-118.36236">
        <ele>3220.86</ele>
      </trkpt>
      <trkpt lat="36.52985" lon="-118.36229">
        <ele>3220.65</ele>
      </trkpt>
      <trkpt lat="36.52982" lon="-118.36223">
        <ele>3220.97</ele>
      </trkpt>
      <trkpt lat="36.52963" lon="-118.36216">
        <ele>3219.68</ele>
      </trkpt>
      <trkpt lat="36.52953" lon="-118.36209">
        <ele>3219.35</ele>
      </trkpt>
      <trkpt lat="36.52943" lon="-118.36204">
        <ele>3218.81</ele>
      </trkpt>
      <trkpt lat="36.5293" lon="-118.36193">
        <ele>3218.6</ele>
      </trkpt>
      <trkpt lat="36.52914" lon="-118.36177">
        <ele>3218.31</ele>
      </trkpt>
      <trkpt lat="36.52909" lon="-118.36175">
        <ele>3217.53</ele>
      </trkpt>
      <trkpt lat="36.529" lon="-118.36165">
        <ele>3217.58</ele>
      </trkpt>
      <trkpt lat="36.52894" lon="-118.36162">
        <ele>3217.06</ele>
      </trkpt>
      <trkpt lat="36.5289" lon="-118.36154">
        <ele>3217.53</ele>
      </trkpt>
      <trkpt lat="36.52879" lon="-118.36141">
        <ele>3217.64</ele>
      </trkpt>
      <trkpt lat="36.52875" lon="-118.36134">
        <ele>3217.79</ele>
      </trkpt>
      <trkpt lat="36.52862" lon="-118.36104">
        <ele>3219.96</ele>
      </trkpt>
      <trkpt lat="36.52857" lon="-118.361">
        <ele>3219.51</ele>
      </trkpt>
      <trkpt lat="36.52852" lon="-118.36089">
        <ele>3220.43</ele>
      </trkpt>
      <trkpt lat="36.52847" lon="-118.36082">
        <ele>3220.24</ele>
      </trkpt>
      <trkpt lat="36.52844" lon="-118.3608">
        <ele>3220.02</ele>
      </trkpt>
      <trkpt lat="36.52829" lon="-118.36062">
        <ele>3219.67</ele>
      </trkpt>
      <trkpt lat="36.52827" lon="-118.36057">
        <ele>3220.32</ele>
      </trkpt>
      <trkpt lat="36.52824" lon="-118.36053">
        <ele>3220.25</ele>
      </trkpt>
      <trkpt lat="36.52824" lon="-118.36042">
        <ele>3221.45</ele>
      </trkpt>
      <trkpt lat="36.52822" lon="-118.36037">
        <ele>3221.56</ele>
      </trkpt>
      <trkpt lat="36.52809" lon="-118.36015">
        <ele>3221.88</ele>
      </trkpt>
      <trkpt lat="36.52801" lon="-118.36004">
        <ele>3221.37</ele>
      </trkpt>
      <trkpt lat="36.52799" lon="-118.35999">
        <ele>3221.72</ele>
      </trkpt>
      <trkpt lat="36.52793" lon="-118.35991">
        <ele>3221.25</ele>
      </trkpt>
      <trkpt lat="36.52788" lon="-118.35979">
        <ele>3221.85</ele>
      </trkpt>
      <trkpt lat="36.52786" lon="-118.3597">
        <ele>3223.14</ele>
      </trkpt>
      <trkpt lat="36.52782" lon="-118.35961">
        <ele>3223.79</ele>
      </trkpt>
      <trkpt lat="36.52778" lon="-118.35942">
        <ele>3226.6</ele>
      </trkpt>
      <trkpt lat="36.52776" lon="-118.35938">
        <ele>3227.01</ele>
      </trkpt>
      <trkpt lat="36.52774" lon="-118.35923">
        <ele>3229.82</ele>
      </trkpt>
      <trkpt lat="36.52772" lon="-118.35916">
        <ele>3230.85</ele>
      </trkpt>
      <trkpt lat="36.52768" lon="-118.35911">
        <ele>3230.48</ele>
      </trkpt>
      <trkpt lat="36.52759" lon="-118.35892">
        <ele>3232.24</ele>
      </trkpt>
      <trkpt lat="36.52758" lon="-118.35883">
        <ele>3233.31</ele>
      </trkpt>
      <trkpt lat="36.52758" lon="-118.35874">
        <ele>3234.94</ele>
      </trkpt>
      <trkpt lat="36.52756" lon="-118.35867">
        <ele>3235.9</ele>
      </trkpt>
      <trkpt lat="36.52749" lon="-118.35855">
        <ele>3236.03</ele>
      </trkpt>
      <trkpt lat="36.52748" lon="-118.35851">
        <ele>3236.46</ele>
      </trkpt>
      <trkpt lat="36.52732" lon="-118.35826">
        <ele>3235.95</ele>
      </trkpt>
      <trkpt lat="36.52727" lon="-118.35813">
        <ele>3236.84</ele>
      </trkpt>
      <trkpt lat="36.52724" lon="-118.35807">
        <ele>3237.1</ele>
      </trkpt>
      <trkpt lat="36.52715" lon="-118.35789">
        <ele>3237.23</ele>
      </trkpt>
      <trkpt lat="36.52709" lon="-118.35779">
        <ele>3237.01</ele>
      </trkpt>
      <trkpt lat="36.52704" lon="-118.35769">
        <ele>3237.01</ele>
      </trkpt>
      <trkpt lat="36.52699" lon="-118.3576">
        <ele>3236.9</ele>
      </trkpt>
      <trkpt lat="36.52696" lon="-118.35753">
        <ele>3237.01</ele>
      </trkpt>
      <trkpt lat="36.52688" lon="-118.35737">
        <ele>3236.89</ele>
      </trkpt>
      <trkpt lat="36.5268" lon="-118.35728">
        <ele>3236.82</ele>
      </trkpt>
      <trkpt lat="36.52674" lon="-118.35719">
        <ele>3236.86</ele>
      </trkpt>
      <trkpt lat="36.52668" lon="-118.35712">
        <ele>3237.01</ele>
      </trkpt>
      <trkpt lat="36.52661" lon="-118.35708">
        <ele>3236.72</ele>
      </trkpt>
      <trkpt lat="36.52653" lon="-118.35697">
        <ele>3236.87</ele>
      </trkpt>
      <trkpt lat="36.52648" lon="-118.3569">
        <ele>3236.99</ele>
      </trkpt>
      <trkpt lat="36.52639" lon="-118.35671">
        <ele>3238.01</ele>
      </trkpt>
      <trkpt lat="36.52635" lon="-118.35659">
        <ele>3238.41</ele>
      </trkpt>
      <trkpt lat="36.52631" lon="-118.35642">
        <ele>3239.15</ele>
      </trkpt>
      <trkpt lat="36.52629" lon="-118.35616">
        <ele>3240.9</ele>
      </trkpt>
      <trkpt lat="36.52624" lon="-118.35596">
        <ele>3241.17</ele>
      </trkpt>
      <trkpt lat="36.5262" lon="-118.35554">
        <ele>3243.13</ele>
      </trkpt>
      <trkpt lat="36.52617" lon="-118.35543">
        <ele>3243.86</ele>
      </trkpt>
      <trkpt lat="36.52617" lon="-118.35535">
        <ele>3244.35</ele>
      </trkpt>
      <trkpt lat="36.52614" lon="-118.35525">
        <ele>3244.41</ele>
      </trkpt>
      <trkpt lat="36.52611" lon="-118.35519">
        <ele>3243.99</ele>
      </trkpt>
      <trkpt lat="36.52609" lon="-118.35509">
        <ele>3244.79</ele>
      </trkpt>
      <trkpt lat="36.52609" lon="-118.355">
        <ele>3245.54</ele>
      </trkpt>
      <trkpt lat="36.52602" lon="-118.35478">
        <ele>3246.02</ele>
      </trkpt>
      <trkpt lat="36.52595" lon="-118.35436">
        <ele>3247.5</ele>
      </trkpt>
      <trkpt lat="36.52576" lon="-118.35368">
        <ele>3249.26</ele>
      </trkpt>
      <trkpt lat="36.52573" lon="-118.35357">
        <ele>3249.33</ele>
      </trkpt>
      <trkpt lat="36.5257" lon="-118.35343">
        <ele>3250.52</ele>
      </trkpt>
      <trkpt lat="36.5257" lon="-118.35337">
        <ele>3250.56</ele>
      </trkpt>
      <trkpt lat="36.52568" lon="-118.35328">
        <ele>3250.92</ele>
      </trkpt>
      <trkpt lat="36.52563" lon="-118.35317">
        <ele>3251.42</ele>
      </trkpt>
      <trkpt lat="36.52557" lon="-118.35292">
        <ele>3252.62</ele>
      </trkpt>
      <trkpt lat="36.52553" lon="-118.3528">
        <ele>3252.66</ele>
      </trkpt>
      <trkpt lat="36.52547" lon="-118.3525">
        <ele>3254.08</ele>
      </trkpt>
      <trkpt lat="36.52543" lon="-118.35236">
        <ele>3254.64</ele>
      </trkpt>
      <trkpt lat="36.52531" lon="-118.35202">
        <ele>3255.53</ele>
      </trkpt>
      <trkpt lat="36.52528" lon="-118.35188">
        <ele>3256.02</ele>
      </trkpt>
      <trkpt lat="36.52522" lon="-118.35172">
        <ele>3256.38</ele>
      </trkpt>
      <trkpt lat="36.52518" lon="-118.35157">
        <ele>3256.94</ele>
      </trkpt>
      <trkpt lat="36.52514" lon="-118.35134">
        <ele>3257.51</ele>
      </trkpt>
      <trkpt lat="36.52505" lon="-118.35113">
        <ele>3257.54</ele>
      </trkpt>
      <trkpt lat="36.525" lon="-118.351">
        <ele>3258.0</ele>
      </trkpt>
      <trkpt lat="36.52491" lon="-118.35081">
        <ele>3258.01</ele>
      </trkpt>
      <trkpt lat="36.52485" lon="-118.35062">
        <ele>3258.12</ele>
      </trkpt>
      <trkpt lat="36.52472" lon="-118.35034">
        <ele>3257.98</ele>
      </trkpt>
      <trkpt lat="36.52467" lon="-118.35028">
        <ele>3257.44</ele>
      </trkpt>
      <trkpt lat="36.52461" lon="-118.35019">
        <ele>3257.75</ele>
      </trkpt>
      <trkpt lat="36.52442" lon="-118.34976">
        <ele>3257.89</ele>
      </trkpt>
      <trkpt lat="36.52429" lon="-118.34952">
        <ele>3258.0</ele>
      </trkpt>
      <trkpt lat="36.52406" lon="-118.34921">
        <ele>3258.6</ele>
      </trkpt>
      <trkpt lat="36.52389" lon="-118.34903">
        <ele>3259.48</ele>
      </trkpt>
      <trkpt lat="36.52383" lon="-118.34898">
        <ele>3260.02</ele>
      </trkpt>
      <trkpt lat="36.5235" lon="-118.3488">
        <ele>3264.15</ele>
      </trkpt>
      <trkpt lat="36.52344" lon="-118.34881">
        <ele>3264.57</ele>
      </trkpt>
      <trkpt lat="36.52337" lon="-118.34879">
        <ele>3265.14</ele>
      </trkpt>
      <trkpt lat="36.52332" lon="-118.34877">
        <ele>3265.71</ele>
      </trkpt>
      <trkpt lat="36.52314" lon="-118.34875">
        <ele>3267.09</ele>
      </trkpt>
      <trkpt lat="36.52291" lon="-118.34867">
        <ele>3270.46</ele>
      </trkpt>
      <trkpt lat="36.52277" lon="-118.34865">
        <ele>3272.16</ele>
      </trkpt>
      <trkpt lat="36.5227" lon="-118.34867">
        <ele>3271.73</ele>
      </trkpt>
      <trkpt lat="36.52259" lon="-118.34865">
        <ele>3273.19</ele>
      </trkpt>
      <trkpt lat="36.52251" lon="-118.3486">
        <ele>3275.13</ele>
      </trkpt>
      <trkpt lat="36.52228" lon="-118.34857">
        <ele>3278.43</ele>
      </trkpt>
      <trkpt lat="36.52205" lon="-118.34854">
        <ele>3282.16</ele>
      </trkpt>
      <trkpt lat="36.52197" lon="-118.34854">
        <ele>3283.2</ele>
      </trkpt>
      <trkpt lat="36.52187" lon="-118.34853">
        <ele>3284.46</ele>
      </trkpt>
      <trkpt lat="36.52182" lon="-118.34856">
        <ele>3284.0</ele>
      </trkpt>
      <trkpt lat="36.52175" lon="-118.34857">
        <ele>3284.49</ele>
      </trkpt>
      <trkpt lat="36.5217" lon="-118.34855">
        <ele>3285.84</ele>
      </trkpt>
      <trkpt lat="36.52163" lon="-118.34854">
        <ele>3286.93</ele>
      </trkpt>
      <trkpt lat="36.52145" lon="-118.34857">
        <ele>3288.86</ele>
      </trkpt>
      <trkpt lat="36.52136" lon="-118.3486">
        <ele>3289.86</ele>
      </trkpt>
      <trkpt lat="36.52123" lon="-118.34859">
        <ele>3292.17</ele>
      </trkpt>
      <trkpt lat="36.52068" lon="-118.34862">
        <ele>3301.43</ele>
      </trkpt>
      <trkpt lat="36.52047" lon="-118.34876">
        <ele>3302.63</ele>
      </trkpt>
      <trkpt lat="36.52043" lon="-118.3488">
        <ele>3302.63</ele>
      </trkpt>
      <trkpt lat="36.52039" lon="-118.34882">
        <ele>3303.06</ele>
      </trkpt>
      <trkpt lat="36.52033" lon="-118.34883">
        <ele>3304.14</ele>
      </trkpt>
      <trkpt lat="36.52015" lon="-118.34892">
        <ele>3305.88</ele>
      </trkpt>
      <trkpt lat="36.52011" lon="-118.3489">
        <ele>3307.36</ele>
      </trkpt>
      <trkpt lat="36.52014" lon="-118.34883">
        <ele>3308.25</ele>
      </trkpt>
      <trkpt lat="36.52029" lon="-118.34857">
        <ele>3311.07</ele>
      </trkpt>
      <trkpt lat="36.52029" lon="-118.34852">
        <ele>3312.69</ele>
      </trkpt>
      <trkpt lat="36.52023" lon="-118.34851">
        <ele>3314.22</ele>
      </trkpt>
      <trkpt lat="36.52017" lon="-118.34855">
        <ele>3314.36</ele>
      </trkpt>
      <trkpt lat="36.52006" lon="-118.3486">
        <ele>3315.94</ele>
      </trkpt>
      <trkpt lat="36.51976" lon="-118.34868">
        <ele>3320.7</ele>
      </trkpt>
      <trkpt lat="36.51958" lon="-118.34871">
        <ele>3323.94</ele>
      </trkpt>
      <trkpt lat="36.51948" lon="-118.34876">
        <ele>3325.02</ele>
      </trkpt>
      <trkpt lat="36.51937" lon="-118.34882">
        <ele>3326.1</ele>
      </trkpt>
      <trkpt lat="36.51926" lon="-118.34886">
        <ele>3327.61</ele>
      </trkpt>
      <trkpt lat="36.51917" lon="-118.34892">
        <ele>3328.26</ele>
      </trkpt>
      <trkpt lat="36.51907" lon="-118.34899">
        <ele>3328.91</ele>
      </trkpt>
      <trkpt lat="36.51904" lon="-118.34906">
        <ele>3328.35</ele>
      </trkpt>
      <trkpt lat="36.51899" lon="-118.34907">
        <ele>3329.77</ele>
      </trkpt>
      <trkpt lat="36.51894" lon="-118.34906">
        <ele>3330.67</ele>
      </trkpt>
      <trkpt lat="36.51894" lon="-118.349">
        <ele>3331.61</ele>
      </trkpt>
      <trkpt lat="36.51895" lon="-118.34897">
        <ele>3331.93</ele>
      </trkpt>
      <trkpt lat="36.51892" lon="-118.34893">
        <ele>3333.44</ele>
      </trkpt>
      <trkpt lat="36.51891" lon="-118.34887">
        <ele>3334.95</ele>
      </trkpt>
      <trkpt lat="36.51889" lon="-118.34887">
        <ele>3335.38</ele>
      </trkpt>
      <trkpt lat="36.51888" lon="-118.3489">
        <ele>3334.86</ele>
      </trkpt>
      <trkpt lat="36.51878" lon="-118.34893">
        <ele>3335.19</ele>
      </trkpt>
      <trkpt lat="36.5187" lon="-118.34894">
        <ele>3335.45</ele>
      </trkpt>
      <trkpt lat="36.51852" lon="-118.34898">
        <ele>3334.05</ele>
      </trkpt>
      <trkpt lat="36.51845" lon="-118.34913">
        <ele>3331.66</ele>
      </trkpt>
      <trkpt lat="36.51835" lon="-118.34919">
        <ele>3329.31</ele>
      </trkpt>
      <trkpt lat="36.51827" lon="-118.3493">
        <ele>3327.63</ele>
      </trkpt>
      <trkpt lat="36.51825" lon="-118.34931">
        <ele>3327.2</ele>
      </trkpt>
      <trkpt lat="36.51824" lon="-118.3493">
        <ele>3326.98</ele>
      </trkpt>
      <trkpt lat="36.51822" lon="-118.34922">
        <ele>3326.55</ele>
      </trkpt>
      <trkpt lat="36.51823" lon="-118.34917">
        <ele>3326.77</ele>
      </trkpt>
      <trkpt lat="36.5182" lon="-118.34905">
        <ele>3326.94</ele>
      </trkpt>
      <trkpt lat="36.51815" lon="-118.34875">
        <ele>3328.56</ele>
      </trkpt>
      <trkpt lat="36.51815" lon="-118.34869">
        <ele>3329.21</ele>
      </trkpt>
      <trkpt lat="36.51807" lon="-118.34849">
        <ele>3329.19</ele>
      </trkpt>
      <trkpt lat="36.51806" lon="-118.34857">
        <ele>3327.61</ele>
      </trkpt>
      <trkpt lat="36.51807" lon="-118.34866">
        <ele>3326.49</ele>
      </trkpt>
      <trkpt lat="36.51805" lon="-118.34891">
        <ele>3322.82</ele>
      </trkpt>
      <trkpt lat="36.51799" lon="-118.34914">
        <ele>3319.88</ele>
      </trkpt>
      <trkpt lat="36.51797" lon="-118.34925">
        <ele>3319.23</ele>
      </trkpt>
      <trkpt lat="36.51797" lon="-118.34928">
        <ele>3319.43</ele>
      </trkpt>
      <trkpt lat="36.51796" lon="-118.34929">
        <ele>3319.24</ele>
      </trkpt>
      <trkpt lat="36.51793" lon="-118.34917">
        <ele>3317.93</ele>
      </trkpt>
      <trkpt lat="36.51793" lon="-118.34911">
        <ele>3317.93</ele>
      </trkpt>
      <trkpt lat="36.51791" lon="-118.34905">
        <ele>3317.54</ele>
      </trkpt>
      <trkpt lat="36.51789" lon="-118.34902">
        <ele>3317.22</ele>
      </trkpt>
      <trkpt lat="36.51786" lon="-118.34892">
        <ele>3316.66</ele>
      </trkpt>
      <trkpt lat="36.51784" lon="-118.3489">
        <ele>3316.02</ele>
      </trkpt>
      <trkpt lat="36.51781" lon="-118.34891">
        <ele>3315.04</ele>
      </trkpt>
      <trkpt lat="36.5178" lon="-118.34895">
        <ele>3314.72</ele>
      </trkpt>
      <trkpt lat="36.51777" lon="-118.34915">
        <ele>3312.75</ele>
      </trkpt>
      <trkpt lat="36.51774" lon="-118.34924">
        <ele>3311.78</ele>
      </trkpt>
      <trkpt lat="36.51772" lon="-118.34934">
        <ele>3311.46</ele>
      </trkpt>
      <trkpt lat="36.51769" lon="-118.34943">
        <ele>3310.21</ele>
      </trkpt>
      <trkpt lat="36.51767" lon="-118.34945">
        <ele>3309.56</ele>
      </trkpt>
      <trkpt lat="36.51756" lon="-118.34963">
        <ele>3306.24</ele>
      </trkpt>
      <trkpt lat="36.51751" lon="-118.34973">
        <ele>3303.71</ele>
      </trkpt>
      <trkpt lat="36.51747" lon="-118.34984">
        <ele>3304.84</ele>
      </trkpt>
      <trkpt lat="36.51745" lon="-118.34987">
        <ele>3305.17</ele>
      </trkpt>
      <trkpt lat="36.51743" lon="-118.34984">
        <ele>3303.55</ele>
      </trkpt>
      <trkpt lat="36.51745" lon="-118.34978">
        <ele>3302.63</ele>
      </trkpt>
      <trkpt lat="36.51745" lon="-118.3497">
        <ele>3301.38</ele>
      </trkpt>
      <trkpt lat="36.51741" lon="-118.34936">
        <ele>3300.08</ele>
      </trkpt>
      <trkpt lat="36.51738" lon="-118.34936">
        <ele>3298.84</ele>
      </trkpt>
      <trkpt lat="36.51732" lon="-118.34949">
        <ele>3297.17</ele>
      </trkpt>
      <trkpt lat="36.51729" lon="-118.34955">
        <ele>3296.5</ele>
      </trkpt>
      <trkpt lat="36.5172" lon="-118.34962">
        <ele>3295.39</ele>
      </trkpt>
      <trkpt lat="36.51718" lon="-118.34962">
        <ele>3294.94</ele>
      </trkpt>
      <trkpt lat="36.51719" lon="-118.34954">
        <ele>3294.0</ele>
      </trkpt>
      <trkpt lat="36.51718" lon="-118.34948">
        <ele>3293.02</ele>
      </trkpt>
      <trkpt lat="36.51716" lon="-118.34942">
        <ele>3291.72</ele>
      </trkpt>
      <trkpt lat="36.51713" lon="-118.34937">
        <ele>3290.21</ele>
      </trkpt>
      <trkpt lat="36.51714" lon="-118.34927">
        <ele>3290.34</ele>
      </trkpt>
      <trkpt lat="36.51713" lon="-118.34925">
        <ele>3289.91</ele>
      </trkpt>
      <trkpt lat="36.51711" lon="-118.34925">
        <ele>3289.07</ele>
      </trkpt>
      <trkpt lat="36.51711" lon="-118.34929">
        <ele>3289.22</ele>
      </trkpt>
      <trkpt lat="36.51709" lon="-118.34935">
        <ele>3288.71</ele>
      </trkpt>
      <trkpt lat="36.51706" lon="-118.34939">
        <ele>3288.16</ele>
      </trkpt>
      <trkpt lat="36.51703" lon="-118.34943">
        <ele>3287.68</ele>
      </trkpt>
      <trkpt lat="36.51699" lon="-118.34943">
        <ele>3286.75</ele>
      </trkpt>
      <trkpt lat="36.51696" lon="-118.34945">
        <ele>3286.46</ele>
      </trkpt>
      <trkpt lat="36.51687" lon="-118.3496">
        <ele>3288.3</ele>
      </trkpt>
      <trkpt lat="36.51684" lon="-118.3496">
        <ele>3287.82</ele>
      </trkpt>
      <trkpt lat="36.51682" lon="-118.3496">
        <ele>3287.46</ele>
      </trkpt>
      <trkpt lat="36.51682" lon="-118.34955">
        <ele>3286.03</ele>
      </trkpt>
      <trkpt lat="36.51683" lon="-118.34952">
        <ele>3285.4</ele>
      </trkpt>
      <trkpt lat="36.51687" lon="-118.34934">
        <ele>3282.16</ele>
      </trkpt>
      <trkpt lat="36.51687" lon="-118.34927">
        <ele>3280.8</ele>
      </trkpt>
      <trkpt lat="36.51689" lon="-118.34919">
        <ele>3281.24</ele>
      </trkpt>
      <trkpt lat="36.51691" lon="-118.34915">
        <ele>3281.88</ele>
      </trkpt>
      <trkpt lat="36.51694" lon="-118.34904">
        <ele>3282.84</ele>
      </trkpt>
      <trkpt lat="36.51692" lon="-118.34884">
        <ele>3281.94</ele>
      </trkpt>
      <trkpt lat="36.51692" lon="-118.3487">
        <ele>3281.98</ele>
      </trkpt>
      <trkpt lat="36.51689" lon="-118.34866">
        <ele>3281.12</ele>
      </trkpt>
      <trkpt lat="36.51689" lon="-118.34859">
        <ele>3281.65</ele>
      </trkpt>
      <trkpt lat="36.51684" lon="-118.34843">
        <ele>3280.32</ele>
      </trkpt>
      <trkpt lat="36.51671" lon="-118.34823">
        <ele>3274.99</ele>
      </trkpt>
      <trkpt lat="36.51665" lon="-118.3482">
        <ele>3272.72</ele>
      </trkpt>
      <trkpt lat="36.51648" lon="-118.34803">
        <ele>3266.21</ele>
      </trkpt>
      <trkpt lat="36.51631" lon="-118.34785">
        <ele>3260.81</ele>
      </trkpt>
      <trkpt lat="36.51619" lon="-118.34769">
        <ele>3257.55</ele>
      </trkpt>
      <trkpt lat="36.5161" lon="-118.3475">
        <ele>3255.64</ele>
      </trkpt>
      <trkpt lat="36.51601" lon="-118.34738">
        <ele>3253.99</ele>
      </trkpt>
      <trkpt lat="36.51589" lon="-118.34728">
        <ele>3250.21</ele>
      </trkpt>
      <trkpt lat="36.51584" lon="-118.34726">
        <ele>3248.81</ele>
      </trkpt>
      <trkpt lat="36.51574" lon="-118.34721">
        <ele>3246.11</ele>
      </trkpt>
      <trkpt lat="36.51562" lon="-118.34707">
        <ele>3243.09</ele>
      </trkpt>
      <trkpt lat="36.51557" lon="-118.34704">
        <ele>3241.47</ele>
      </trkpt>
      <trkpt lat="36.51554" lon="-118.34698">
        <ele>3241.11</ele>
      </trkpt>
      <trkpt lat="36.5155" lon="-118.34697">
        <ele>3239.92</ele>
      </trkpt>
      <trkpt lat="36.51546" lon="-118.34699">
        <ele>3238.41</ele>
      </trkpt>
      <trkpt lat="36.51542" lon="-118.34697">
        <ele>3237.33</ele>
      </trkpt>
      <trkpt lat="36.51537" lon="-118.3469">
        <ele>3236.47</ele>
      </trkpt>
      <trkpt lat="36.51528" lon="-118.3468">
        <ele>3234.63</ele>
      </trkpt>
      <trkpt lat="36.51517" lon="-118.34675">
        <ele>3231.61</ele>
      </trkpt>
      <trkpt lat="36.51512" lon="-118.34669">
        <ele>3230.64</ele>
      </trkpt>
      <trkpt lat="36.5149" lon="-118.34656">
        <ele>3224.91</ele>
      </trkpt>
      <trkpt lat="36.5148" lon="-118.34648">
        <ele>3222.7</ele>
      </trkpt>
      <trkpt lat="36.51466" lon="-118.34641">
        <ele>3221.1</ele>
      </trkpt>
      <trkpt lat="36.51455" lon="-118.34642">
        <ele>3219.8</ele>
      </trkpt>
      <trkpt lat="36.51445" lon="-118.34648">
        <ele>3218.08</ele>
      </trkpt>
      <trkpt lat="36.51437" lon="-118.34644">
        <ele>3217.64</ele>
      </trkpt>
      <trkpt lat="36.51432" lon="-118.34646">
        <ele>3216.89</ele>
      </trkpt>
      <trkpt lat="36.51417" lon="-118.34647">
        <ele>3215.16</ele>
      </trkpt>
      <trkpt lat="36.51406" lon="-118.34645">
        <ele>3214.19</ele>
      </trkpt>
      <trkpt lat="36.5137" lon="-118.34642">
        <ele>3210.96</ele>
      </trkpt>
      <trkpt lat="36.51364" lon="-118.3464">
        <ele>3210.31</ele>
      </trkpt>
      <trkpt lat="36.51348" lon="-118.34633">
        <ele>3209.58</ele>
      </trkpt>
      <trkpt lat="36.51333" lon="-118.34624">
        <ele>3209.57</ele>
      </trkpt>
      <trkpt lat="36.51322" lon="-118.34621">
        <ele>3208.71</ele>
      </trkpt>
      <trkpt lat="36.51313" lon="-118.34619">
        <ele>3207.95</ele>
      </trkpt>
      <trkpt lat="36.51304" lon="-118.34614">
        <ele>3207.69</ele>
      </trkpt>
      <trkpt lat="36.51299" lon="-118.34615">
        <ele>3207.58</ele>
      </trkpt>
      <trkpt lat="36.51294" lon="-118.34615">
        <ele>3207.33</ele>
      </trkpt>
      <trkpt lat="36.51288" lon="-118.34612">
        <ele>3207.01</ele>
      </trkpt>
      <trkpt lat="36.51285" lon="-118.34608">
        <ele>3207.26</ele>
      </trkpt>
      <trkpt lat="36.5128" lon="-118.34602">
        <ele>3207.24</ele>
      </trkpt>
      <trkpt lat="36.51274" lon="-118.34598">
        <ele>3207.42</ele>
      </trkpt>
      <trkpt lat="36.5127" lon="-118.34596">
        <ele>3207.63</ele>
      </trkpt>
      <trkpt lat="36.51266" lon="-118.34596">
        <ele>3207.36</ele>
      </trkpt>
      <trkpt lat="36.51259" lon="-118.34598">
        <ele>3206.42</ele>
      </trkpt>
      <trkpt lat="36.51252" lon="-118.34595">
        <ele>3206.74</ele>
      </trkpt>
      <trkpt lat="36.51245" lon="-118.34593">
        <ele>3206.44</ele>
      </trkpt>
      <trkpt lat="36.51241" lon="-118.34594">
        <ele>3206.02</ele>
      </trkpt>
      <trkpt lat="36.51219" lon="-118.34589">
        <ele>3205.79</ele>
      </trkpt>
      <trkpt lat="36.51212" lon="-118.3459">
        <ele>3205.25</ele>
      </trkpt>
      <trkpt lat="36.51206" lon="-118.34591">
        <ele>3205.04</ele>
      </trkpt>
      <trkpt lat="36.51195" lon="-118.34587">
        <ele>3204.63</ele>
      </trkpt>
      <trkpt lat="36.51181" lon="-118.34586">
        <ele>3203.87</ele>
      </trkpt>
      <trkpt lat="36.5117" lon="-118.34578">
        <ele>3203.36</ele>
      </trkpt>
      <trkpt lat="36.51152" lon="-118.34581">
        <ele>3201.67</ele>
      </trkpt>
      <trkpt lat="36.51134" lon="-118.3458">
        <ele>3199.83</ele>
      </trkpt>
      <trkpt lat="36.51126" lon="-118.34577">
        <ele>3199.42</ele>
      </trkpt>
      <trkpt lat="36.51118" lon="-118.34572">
        <ele>3198.97</ele>
      </trkpt>
      <trkpt lat="36.51073" lon="-118.34529">
        <ele>3196.75</ele>
      </trkpt>
      <trkpt lat="36.51067" lon="-118.34526">
        <ele>3196.24</ele>
      </trkpt>
      <trkpt lat="36.51061" lon="-118.3452">
        <ele>3195.59</ele>
      </trkpt>
      <trkpt lat="36.51059" lon="-118.34515">
        <ele>3195.61</ele>
      </trkpt>
      <trkpt lat="36.51054" lon="-118.34509">
        <ele>3195.83</ele>
      </trkpt>
      <trkpt lat="36.51044" lon="-118.34499">
        <ele>3194.86</ele>
      </trkpt>
      <trkpt lat="36.51035" lon="-118.34481">
        <ele>3194.78</ele>
      </trkpt>
      <trkpt lat="36.51033" lon="-118.34474">
        <ele>3194.56</ele>
      </trkpt>
      <trkpt lat="36.51031" lon="-118.3447">
        <ele>3194.59</ele>
      </trkpt>
      <trkpt lat="36.51026" lon="-118.34466">
        <ele>3194.48</ele>
      </trkpt>
      <trkpt lat="36.51021" lon="-118.34463">
        <ele>3194.26</ele>
      </trkpt>
      <trkpt lat="36.51009" lon="-118.34451">
        <ele>3192.97</ele>
      </trkpt>
      <trkpt lat="36.50998" lon="-118.34448">
        <ele>3191.78</ele>
      </trkpt>
      <trkpt lat="36.50991" lon="-118.3444">
        <ele>3191.04</ele>
      </trkpt>
      <trkpt lat="36.50985" lon="-118.34436">
        <ele>3190.38</ele>
      </trkpt>
      <trkpt lat="36.50967" lon="-118.34421">
        <ele>3189.17</ele>
      </trkpt>
      <trkpt lat="36.50961" lon="-118.3442">
        <ele>3188.29</ele>
      </trkpt>
      <trkpt lat="36.50955" lon="-118.34423">
        <ele>3187.18</ele>
      </trkpt>
      <trkpt lat="36.50949" lon="-118.34422">
        <ele>3186.49</ele>
      </trkpt>
      <trkpt lat="36.50943" lon="-118.34421">
        <ele>3185.77</ele>
      </trkpt>
      <trkpt lat="36.50926" lon="-118.34413">
        <ele>3183.41</ele>
      </trkpt>
      <trkpt lat="36.50923" lon="-118.34412">
        <ele>3183.19</ele>
      </trkpt>
      <trkpt lat="36.5092" lon="-118.34412">
        <ele>3182.86</ele>
      </trkpt>
      <trkpt lat="36.50917" lon="-118.34411">
        <ele>3182.65</ele>
      </trkpt>
      <trkpt lat="36.50913" lon="-118.34411">
        <ele>3182.22</ele>
      </trkpt>
      <trkpt lat="36.50904" lon="-118.34407">
        <ele>3181.68</ele>
      </trkpt>
      <trkpt lat="36.50878" lon="-118.34406">
        <ele>3179.82</ele>
      </trkpt>
      <trkpt lat="36.50853" lon="-118.34403">
        <ele>3177.54</ele>
      </trkpt>
      <trkpt lat="36.50844" lon="-118.34399">
        <ele>3177.06</ele>
      </trkpt>
      <trkpt lat="36.50841" lon="-118.34402">
        <ele>3176.41</ele>
      </trkpt>
      <trkpt lat="36.50835" lon="-118.34404">
        <ele>3175.55</ele>
      </trkpt>
      <trkpt lat="36.50827" lon="-118.3441">
        <ele>3174.32</ele>
      </trkpt>
      <trkpt lat="36.50823" lon="-118.34409">
        <ele>3173.88</ele>
      </trkpt>
      <trkpt lat="36.50816" lon="-118.34403">
        <ele>3173.6</ele>
      </trkpt>
      <trkpt lat="36.50809" lon="-118.344">
        <ele>3173.17</ele>
      </trkpt>
      <trkpt lat="36.50797" lon="-118.34398">
        <ele>3171.17</ele>
      </trkpt>
      <trkpt lat="36.50792" lon="-118.34392">
        <ele>3171.2</ele>
      </trkpt>
      <trkpt lat="36.50785" lon="-118.34387">
        <ele>3170.6</ele>
      </trkpt>
      <trkpt lat="36.50777" lon="-118.34378">
        <ele>3169.85</ele>
      </trkpt>
      <trkpt lat="36.50774" lon="-118.34375">
        <ele>3169.39</ele>
      </trkpt>
      <trkpt lat="36.50765" lon="-118.34359">
        <ele>3168.85</ele>
      </trkpt>
      <trkpt lat="36.50762" lon="-118.34356">
        <ele>3168.85</ele>
      </trkpt>
      <trkpt lat="36.50752" lon="-118.34357">
        <ele>3166.88</ele>
      </trkpt>
      <trkpt lat="36.50747" lon="-118.34356">
        <ele>3166.05</ele>
      </trkpt>
      <trkpt lat="36.50743" lon="-118.34353">
        <ele>3165.46</ele>
      </trkpt>
      <trkpt lat="36.50737" lon="-118.34342">
        <ele>3165.26</ele>
      </trkpt>
      <trkpt lat="36.50733" lon="-118.34339">
        <ele>3164.72</ele>
      </trkpt>
      <trkpt lat="36.50727" lon="-118.34339">
        <ele>3163.9</ele>
      </trkpt>
      <trkpt lat="36.50715" lon="-118.34332">
        <ele>3163.36</ele>
      </trkpt>
      <trkpt lat="36.50703" lon="-118.34323">
        <ele>3162.92</ele>
      </trkpt>
      <trkpt lat="36.50677" lon="-118.34317">
        <ele>3158.11</ele>
      </trkpt>
      <trkpt lat="36.50662" lon="-118.34319">
        <ele>3158.83</ele>
      </trkpt>
      <trkpt lat="36.50653" lon="-118.34313">
        <ele>3162.05</ele>
      </trkpt>
      <trkpt lat="36.50648" lon="-118.34312">
        <ele>3163.0</ele>
      </trkpt>
      <trkpt lat="36.50641" lon="-118.34316">
        <ele>3162.97</ele>
      </trkpt>
      <trkpt lat="36.50635" lon="-118.3432">
        <ele>3163.0</ele>
      </trkpt>
      <trkpt lat="36.50624" lon="-118.34334">
        <ele>3163.61</ele>
      </trkpt>
      <trkpt lat="36.50619" lon="-118.34337">
        <ele>3164.0</ele>
      </trkpt>
      <trkpt lat="36.50613" lon="-118.34336">
        <ele>3164.0</ele>
      </trkpt>
      <trkpt lat="36.50607" lon="-118.34338">
        <ele>3164.0</ele>
      </trkpt>
      <trkpt lat="36.50594" lon="-118.34336">
        <ele>3164.0</ele>
      </trkpt>
      <trkpt lat="36.50587" lon="-118.34338">
        <ele>3164.0</ele>
      </trkpt>
      <trkpt lat="36.50582" lon="-118.34339">
        <ele>3164.0</ele>
      </trkpt>
      <trkpt lat="36.50552" lon="-118.34332">
        <ele>3164.0</ele>
      </trkpt>
      <trkpt lat="36.50543" lon="-118.34328">
        <ele>3164.0</ele>
      </trkpt>
      <trkpt lat="36.50527" lon="-118.34328">
        <ele>3164.0</ele>
      </trkpt>
      <trkpt lat="36.5052" lon="-118.34332">
        <ele>3164.0</ele>
      </trkpt>
      <trkpt lat="36.50509" lon="-118.3433">
        <ele>3164.0</ele>
      </trkpt>
      <trkpt lat="36.50501" lon="-118.34332">
        <ele>3164.0</ele>
      </trkpt>
      <trkpt lat="36.50497" lon="-118.34337">
        <ele>3164.0</ele>
      </trkpt>
      <trkpt lat="36.50474" lon="-118.34348">
        <ele>3163.19</ele>
      </trkpt>
      <trkpt lat="36.50455" lon="-118.34355">
        <ele>3163.0</ele>
      </trkpt>
      <trkpt lat="36.50439" lon="-118.34353">
        <ele>3162.41</ele>
      </trkpt>
      <trkpt lat="36.50434" lon="-118.34354">
        <ele>3162.0</ele>
      </trkpt>
      <trkpt lat="36.50424" lon="-118.34363">
        <ele>3161.79</ele>
      </trkpt>
      <trkpt lat="36.50419" lon="-118.34363">
        <ele>3161.25</ele>
      </trkpt>
      <trkpt lat="36.50411" lon="-118.34365">
        <ele>3160.39</ele>
      </trkpt>
      <trkpt lat="36.50403" lon="-118.34364">
        <ele>3159.52</ele>
      </trkpt>
      <trkpt lat="36.50399" lon="-118.3436">
        <ele>3159.09</ele>
      </trkpt>
      <trkpt lat="36.50393" lon="-118.3436">
        <ele>3158.44</ele>
      </trkpt>
      <trkpt lat="36.50388" lon="-118.34361">
        <ele>3158.0</ele>
      </trkpt>
      <trkpt lat="36.50383" lon="-118.3436">
        <ele>3158.0</ele>
      </trkpt>
      <trkpt lat="36.50378" lon="-118.3436">
        <ele>3157.82</ele>
      </trkpt>
      <trkpt lat="36.50372" lon="-118.34363">
        <ele>3157.18</ele>
      </trkpt>
      <trkpt lat="36.50348" lon="-118.34367">
        <ele>3154.58</ele>
      </trkpt>
      <trkpt lat="36.5033" lon="-118.34364">
        <ele>3152.64</ele>
      </trkpt>
      <trkpt lat="36.50323" lon="-118.34369">
        <ele>3151.87</ele>
      </trkpt>
      <trkpt lat="36.50316" lon="-118.34371">
        <ele>3151.13</ele>
      </trkpt>
      <trkpt lat="36.50306" lon="-118.34376">
        <ele>3149.1</ele>
      </trkpt>
      <trkpt lat="36.50301" lon="-118.34378">
        <ele>3148.51</ele>
      </trkpt>
      <trkpt lat="36.50293" lon="-118.34375">
        <ele>3147.64</ele>
      </trkpt>
      <trkpt lat="36.50278" lon="-118.34376">
        <ele>3146.02</ele>
      </trkpt>
      <trkpt lat="36.50264" lon="-118.34374">
        <ele>3143.71</ele>
      </trkpt>
      <trkpt lat="36.50255" lon="-118.34371">
        <ele>3142.54</ele>
      </trkpt>
      <trkpt lat="36.50249" lon="-118.3437">
        <ele>3141.89</ele>
      </trkpt>
      <trkpt lat="36.50238" lon="-118.34373">
        <ele>3140.7</ele>
      </trkpt>
      <trkpt lat="36.50231" lon="-118.34372">
        <ele>3139.91</ele>
      </trkpt>
      <trkpt lat="36.50226" lon="-118.34369">
        <ele>3138.76</ele>
      </trkpt>
      <trkpt lat="36.50205" lon="-118.34369">
        <ele>3136.14</ele>
      </trkpt>
      <trkpt lat="36.50196" lon="-118.3437">
        <ele>3134.34</ele>
      </trkpt>
      <trkpt lat="36.5019" lon="-118.34368">
        <ele>3133.52</ele>
      </trkpt>
      <trkpt lat="36.50171" lon="-118.34367">
        <ele>3130.77</ele>
      </trkpt>
      <trkpt lat="36.50156" lon="-118.34361">
        <ele>3127.7</ele>
      </trkpt>
      <trkpt lat="36.50147" lon="-118.3436">
        <ele>3125.98</ele>
      </trkpt>
      <trkpt lat="36.50144" lon="-118.34361">
        <ele>3125.56</ele>
      </trkpt>
      <trkpt lat="36.50134" lon="-118.34369">
        <ele>3123.94</ele>
      </trkpt>
      <trkpt lat="36.50122" lon="-118.34373">
        <ele>3121.35</ele>
      </trkpt>
      <trkpt lat="36.50119" lon="-118.34377">
        <ele>3120.56</ele>
      </trkpt>
      <trkpt lat="36.50108" lon="-118.34394">
        <ele>3117.99</ele>
      </trkpt>
      <trkpt lat="36.50102" lon="-118.344">
        <ele>3116.25</ele>
      </trkpt>
      <trkpt lat="36.50097" lon="-118.34406">
        <ele>3115.36</ele>
      </trkpt>
      <trkpt lat="36.50087" lon="-118.34411">
        <ele>3112.58</ele>
      </trkpt>
      <trkpt lat="36.50081" lon="-118.34411">
        <ele>3110.48</ele>
      </trkpt>
      <trkpt lat="36.50076" lon="-118.34413">
        <ele>3108.91</ele>
      </trkpt>
      <trkpt lat="36.50069" lon="-118.3442">
        <ele>3107.17</ele>
      </trkpt>
      <trkpt lat="36.50054" lon="-118.34442">
        <ele>3104.06</ele>
      </trkpt>
      <trkpt lat="36.50049" lon="-118.34448">
        <ele>3102.55</ele>
      </trkpt>
      <trkpt lat="36.50041" lon="-118.34463">
        <ele>3101.72</ele>
      </trkpt>
      <trkpt lat="36.50031" lon="-118.34475">
        <ele>3099.34</ele>
      </trkpt>
      <trkpt lat="36.50021" lon="-118.34485">
        <ele>3096.45</ele>
      </trkpt>
      <trkpt lat="36.50009" lon="-118.34501">
        <ele>3093.0</ele>
      </trkpt>
      <trkpt lat="36.49993" lon="-118.34517">
        <ele>3087.81</ele>
      </trkpt>
      <trkpt lat="36.49989" lon="-118.34526">
        <ele>3087.24</ele>
      </trkpt>
      <trkpt lat="36.49987" lon="-118.34528">
        <ele>3086.81</ele>
      </trkpt>
      <trkpt lat="36.49983" lon="-118.34511">
        <ele>3084.36</ele>
      </trkpt>
      <trkpt lat="36.49983" lon="-118.34505">
        <ele>3083.87</ele>
      </trkpt>
      <trkpt lat="36.49977" lon="-118.34477">
        <ele>3080.55</ele>
      </trkpt>
      <trkpt lat="36.49973" lon="-118.344">
        <ele>3065.74</ele>
      </trkpt>
      <trkpt lat="36.49975" lon="-118.3439">
        <ele>3064.7</ele>
      </trkpt>
      <trkpt lat="36.49973" lon="-118.34377">
        <ele>3062.7</ele>
      </trkpt>
      <trkpt lat="36.49972" lon="-118.34359">
        <ele>3064.11</ele>
      </trkpt>
      <trkpt lat="36.49971" lon="-118.34355">
        <ele>3064.0</ele>
      </trkpt>
      <trkpt lat="36.49961" lon="-118.34346">
        <ele>3058.94</ele>
      </trkpt>
      <trkpt lat="36.49955" lon="-118.34336">
        <ele>3055.7</ele>
      </trkpt>
      <trkpt lat="36.4995" lon="-118.34295">
        <ele>3049.72</ele>
      </trkpt>
      <trkpt lat="36.49947" lon="-118.34293">
        <ele>3047.67</ele>
      </trkpt>
      <trkpt lat="36.49944" lon="-118.34296">
        <ele>3046.7</ele>
      </trkpt>
      <trkpt lat="36.49943" lon="-118.34309">
        <ele>3048.59</ele>
      </trkpt>
      <trkpt lat="36.4994" lon="-118.34317">
        <ele>3047.6</ele>
      </trkpt>
      <trkpt lat="36.49936" lon="-118.34324">
        <ele>3045.44</ele>
      </trkpt>
      <trkpt lat="36.49933" lon="-118.34338">
        <ele>3043.7</ele>
      </trkpt>
      <trkpt lat="36.49931" lon="-118.34337">
        <ele>3042.56</ele>
      </trkpt>
      <trkpt lat="36.4993" lon="-118.34329">
        <ele>3042.2</ele>
      </trkpt>
      <trkpt lat="36.49927" lon="-118.3432">
        <ele>3040.58</ele>
      </trkpt>
      <trkpt lat="36.49925" lon="-118.34312">
        <ele>3039.1</ele>
      </trkpt>
      <trkpt lat="36.49925" lon="-118.34306">
        <ele>3038.45</ele>
      </trkpt>
      <trkpt lat="36.49923" lon="-118.34298">
        <ele>3035.47</ele>
      </trkpt>
      <trkpt lat="36.49924" lon="-118.34288">
        <ele>3034.15</ele>
      </trkpt>
      <trkpt lat="36.49923" lon="-118.34278">
        <ele>3031.47</ele>
      </trkpt>
      <trkpt lat="36.49928" lon="-118.34266">
        <ele>3030.85</ele>
      </trkpt>
      <trkpt lat="36.49924" lon="-118.34268">
        <ele>3029.1</ele>
      </trkpt>
      <trkpt lat="36.49913" lon="-118.34277">
        <ele>3025.85</ele>
      </trkpt>
      <trkpt lat="36.4991" lon="-118.34284">
        <ele>3025.74</ele>
      </trkpt>
      <trkpt lat="36.49904" lon="-118.3429">
        <ele>3023.48</ele>
      </trkpt>
      <trkpt lat="36.49899" lon="-118.34298">
        <ele>3021.64</ele>
      </trkpt>
      <trkpt lat="36.49888" lon="-118.34325">
        <ele>3019.62</ele>
      </trkpt>
      <trkpt lat="36.49885" lon="-118.34323">
        <ele>3018.25</ele>
      </trkpt>
      <trkpt lat="36.49886" lon="-118.34316">
        <ele>3018.15</ele>
      </trkpt>
      <trkpt lat="36.49884" lon="-118.34307">
        <ele>3016.57</ele>
      </trkpt>
      <trkpt lat="36.4988" lon="-118.34302">
        <ele>3014.37</ele>
      </trkpt>
      <trkpt lat="36.49879" lon="-118.34292">
        <ele>3011.66</ele>
      </trkpt>
      <trkpt lat="36.49877" lon="-118.34274">
        <ele>3005.76</ele>
      </trkpt>
      <trkpt lat="36.49878" lon="-118.34264">
        <ele>3003.74</ele>
      </trkpt>
      <trkpt lat="36.49877" lon="-118.3426">
        <ele>3002.08</ele>
      </trkpt>
      <trkpt lat="36.49858" lon="-118.34287">
        <ele>2998.31</ele>
      </trkpt>
      <trkpt lat="36.49854" lon="-118.34296">
        <ele>2997.87</ele>
      </trkpt>
      <trkpt lat="36.49853" lon="-118.34302">
        <ele>2998.19</ele>
      </trkpt>
      <trkpt lat="36.49851" lon="-118.34305">
        <ele>2997.57</ele>
      </trkpt>
      <trkpt lat="36.49848" lon="-118.34305">
        <ele>2996.28</ele>
      </trkpt>
      <trkpt lat="36.49847" lon="-118.34302">
        <ele>2995.52</ele>
      </trkpt>
      <trkpt lat="36.49848" lon="-118.34297">
        <ele>2995.41</ele>
      </trkpt>
      <trkpt lat="36.4985" lon="-118.34293">
        <ele>2995.49</ele>
      </trkpt>
      <trkpt lat="36.4985" lon="-118.3429">
        <ele>2994.84</ele>
      </trkpt>
      <trkpt lat="36.49848" lon="-118.34285">
        <ele>2993.12</ele>
      </trkpt>
      <trkpt lat="36.49847" lon="-118.3428">
        <ele>2992.14</ele>
      </trkpt>
      <trkpt lat="36.49846" lon="-118.34268">
        <ele>2989.38</ele>
      </trkpt>
      <trkpt lat="36.49847" lon="-118.3426">
        <ele>2988.5</ele>
      </trkpt>
      <trkpt lat="36.49836" lon="-118.34207">
        <ele>2975.69</ele>
      </trkpt>
      <trkpt lat="36.49832" lon="-118.34183">
        <ele>2971.08</ele>
      </trkpt>
      <trkpt lat="36.49833" lon="-118.34124">
        <ele>2969.27</ele>
      </trkpt>
      <trkpt lat="36.4982" lon="-118.34061">
        <ele>2957.83</ele>
      </trkpt>
      <trkpt lat="36.4982" lon="-118.34028">
        <ele>2954.26</ele>
      </trkpt>
      <trkpt lat="36.49816" lon="-118.33995">
        <ele>2952.04</ele>
      </trkpt>
      <trkpt lat="36.49817" lon="-118.33976">
        <ele>2951.94</ele>
      </trkpt>
      <trkpt lat="36.49817" lon="-118.33961">
        <ele>2950.73</ele>
      </trkpt>
      <trkpt lat="36.49818" lon="-118.33948">
        <ele>2949.76</ele>
      </trkpt>
      <trkpt lat="36.49815" lon="-118.33918">
        <ele>2945.22</ele>
      </trkpt>
      <trkpt lat="36.49809" lon="-118.33902">
        <ele>2940.9</ele>
      </trkpt>
      <trkpt lat="36.49807" lon="-118.33886">
        <ele>2939.78</ele>
      </trkpt>
      <trkpt lat="36.49795" lon="-118.33855">
        <ele>2938.24</ele>
      </trkpt>
      <trkpt lat="36.49788" lon="-118.33848">
        <ele>2936.68</ele>
      </trkpt>
      <trkpt lat="36.49783" lon="-118.33839">
        <ele>2935.69</ele>
      </trkpt>
      <trkpt lat="36.49781" lon="-118.33829">
        <ele>2935.04</ele>
      </trkpt>
      <trkpt lat="36.49768" lon="-118.33808">
        <ele>2931.89</ele>
      </trkpt>
      <trkpt lat="36.49764" lon="-118.33804">
        <ele>2931.02</ele>
      </trkpt>
      <trkpt lat="36.49756" lon="-118.33799">
        <ele>2929.3</ele>
      </trkpt>
      <trkpt lat="36.49751" lon="-118.33793">
        <ele>2927.9</ele>
      </trkpt>
      <trkpt lat="36.49739" lon="-118.33757">
        <ele>2923.62</ele>
      </trkpt>
      <trkpt lat="36.49735" lon="-118.33754">
        <ele>2922.76</ele>
      </trkpt>
      <trkpt lat="36.4973" lon="-118.33754">
        <ele>2921.68</ele>
      </trkpt>
      <trkpt lat="36.49725" lon="-118.33756">
        <ele>2920.6</ele>
      </trkpt>
      <trkpt lat="36.49717" lon="-118.33764">
        <ele>2918.87</ele>
      </trkpt>
      <trkpt lat="36.49696" lon="-118.33779">
        <ele>2915.2</ele>
      </trkpt>
      <trkpt lat="36.49686" lon="-118.33782">
        <ele>2912.22</ele>
      </trkpt>
      <trkpt lat="36.49682" lon="-118.33783">
        <ele>2911.31</ele>
      </trkpt>
      <trkpt lat="36.49677" lon="-118.33786">
        <ele>2910.23</ele>
      </trkpt>
      <trkpt lat="36.4967" lon="-118.33795">
        <ele>2908.72</ele>
      </trkpt>
      <trkpt lat="36.49665" lon="-118.33799">
        <ele>2907.64</ele>
      </trkpt>
      <trkpt lat="36.49661" lon="-118.33797">
        <ele>2906.78</ele>
      </trkpt>
      <trkpt lat="36.49644" lon="-118.33754">
        <ele>2901.79</ele>
      </trkpt>
      <trkpt lat="36.49639" lon="-118.33749">
        <ele>2901.01</ele>
      </trkpt>
      <trkpt lat="36.49627" lon="-118.33741">
        <ele>2901.0</ele>
      </trkpt>
      <trkpt lat="36.49624" lon="-118.33729">
        <ele>2902.0</ele>
      </trkpt>
      <trkpt lat="36.49634" lon="-118.33703">
        <ele>2903.08</ele>
      </trkpt>
      <trkpt lat="36.49638" lon="-118.33674">
        <ele>2905.0</ele>
      </trkpt>
      <trkpt lat="36.49649" lon="-118.33659">
        <ele>2906.83</ele>
      </trkpt>
      <trkpt lat="36.49657" lon="-118.33641">
        <ele>2908.77</ele>
      </trkpt>
      <trkpt lat="36.49657" lon="-118.33636">
        <ele>2909.31</ele>
      </trkpt>
      <trkpt lat="36.4965" lon="-118.33617">
        <ele>2911.73</ele>
      </trkpt>
      <trkpt lat="36.49645" lon="-118.33597">
        <ele>2914.18</ele>
      </trkpt>
      <trkpt lat="36.49642" lon="-118.33574">
        <ele>2915.0</ele>
      </trkpt>
      <trkpt lat="36.49641" lon="-118.33553">
        <ele>2915.23</ele>
      </trkpt>
      <trkpt lat="36.49643" lon="-118.33536">
        <ele>2915.0</ele>
      </trkpt>
      <trkpt lat="36.49645" lon="-118.33525">
        <ele>2915.0</ele>
      </trkpt>
      <trkpt lat="36.49647" lon="-118.33506">
        <ele>2915.0</ele>
      </trkpt>
      <trkpt lat="36.49652" lon="-118.33489">
        <ele>2915.53</ele>
      </trkpt>
      <trkpt lat="36.49653" lon="-118.33476">
        <ele>2916.0</ele>
      </trkpt>
      <trkpt lat="36.49664" lon="-118.33428">
        <ele>2917.29</ele>
      </trkpt>
      <trkpt lat="36.49665" lon="-118.33414">
        <ele>2918.0</ele>
      </trkpt>
      <trkpt lat="36.49664" lon="-118.33403">
        <ele>2918.0</ele>
      </trkpt>
      <trkpt lat="36.49666" lon="-118.33391">
        <ele>2918.06</ele>
      </trkpt>
      <trkpt lat="36.49667" lon="-118.33367">
        <ele>2918.96</ele>
      </trkpt>
      <trkpt lat="36.49665" lon="-118.33358">
        <ele>2919.18</ele>
      </trkpt>
      <trkpt lat="36.49663" lon="-118.33329">
        <ele>2920.4</ele>
      </trkpt>
      <trkpt lat="36.49662" lon="-118.33315">
        <ele>2920.99</ele>
      </trkpt>
      <trkpt lat="36.49661" lon="-118.33291">
        <ele>2921.83</ele>
      </trkpt>
      <trkpt lat="36.49655" lon="-118.33282">
        <ele>2922.8</ele>
      </trkpt>
      <trkpt lat="36.49652" lon="-118.33269">
        <ele>2923.58</ele>
      </trkpt>
      <trkpt lat="36.49652" lon="-118.33233">
        <ele>2924.58</ele>
      </trkpt>
      <trkpt lat="36.4965" lon="-118.33219">
        <ele>2924.87</ele>
      </trkpt>
      <trkpt lat="36.49652" lon="-118.33207">
        <ele>2925.38</ele>
      </trkpt>
      <trkpt lat="36.49652" lon="-118.33194">
        <ele>2925.6</ele>
      </trkpt>
      <trkpt lat="36.49651" lon="-118.33184">
        <ele>2926.0</ele>
      </trkpt>
      <trkpt lat="36.49656" lon="-118.33172">
        <ele>2926.42</ele>
      </trkpt>
      <trkpt lat="36.49656" lon="-118.33167">
        <ele>2926.96</ele>
      </trkpt>
      <trkpt lat="36.49659" lon="-118.33158">
        <ele>2926.99</ele>
      </trkpt>
      <trkpt lat="36.49664" lon="-118.33125">
        <ele>2929.14</ele>
      </trkpt>
      <trkpt lat="36.49665" lon="-118.33111">
        <ele>2930.18</ele>
      </trkpt>
      <trkpt lat="36.49676" lon="-118.33091">
        <ele>2930.16</ele>
      </trkpt>
      <trkpt lat="36.49682" lon="-118.33079">
        <ele>2930.34</ele>
      </trkpt>
      <trkpt lat="36.49684" lon="-118.33067">
        <ele>2930.89</ele>
      </trkpt>
      <trkpt lat="36.49682" lon="-118.33056">
        <ele>2932.3</ele>
      </trkpt>
      <trkpt lat="36.4968" lon="-118.33045">
        <ele>2933.14</ele>
      </trkpt>
      <trkpt lat="36.49665" lon="-118.33008">
        <ele>2935.02</ele>
      </trkpt>
      <trkpt lat="36.49657" lon="-118.33001">
        <ele>2935.9</ele>
      </trkpt>
      <trkpt lat="36.49642" lon="-118.32991">
        <ele>2936.0</ele>
      </trkpt>
      <trkpt lat="36.4963" lon="-118.3298">
        <ele>2936.97</ele>
      </trkpt>
      <trkpt lat="36.49623" lon="-118.32975">
        <ele>2937.0</ele>
      </trkpt>
      <trkpt lat="36.49571" lon="-118.32967">
        <ele>2939.19</ele>
      </trkpt>
      <trkpt lat="36.49563" lon="-118.32961">
        <ele>2940.04</ele>
      </trkpt>
      <trkpt lat="36.49559" lon="-118.32956">
        <ele>2940.47</ele>
      </trkpt>
      <trkpt lat="36.49555" lon="-118.32949">
        <ele>2941.57</ele>
      </trkpt>
      <trkpt lat="36.49552" lon="-118.32942">
        <ele>2942.38</ele>
      </trkpt>
      <trkpt lat="36.49545" lon="-118.32933">
        <ele>2943.38</ele>
      </trkpt>
      <trkpt lat="36.49533" lon="-118.32918">
        <ele>2945.44</ele>
      </trkpt>
      <trkpt lat="36.49519" lon="-118.32903">
        <ele>2947.95</ele>
      </trkpt>
      <trkpt lat="36.49513" lon="-118.32895">
        <ele>2949.33</ele>
      </trkpt>
      <trkpt lat="36.49512" lon="-118.3289">
        <ele>2949.67</ele>
      </trkpt>
      <trkpt lat="36.49513" lon="-118.32885">
        <ele>2950.02</ele>
      </trkpt>
      <trkpt lat="36.49511" lon="-118.32879">
        <ele>2950.81</ele>
      </trkpt>
      <trkpt lat="36.4951" lon="-118.32875">
        <ele>2950.92</ele>
      </trkpt>
      <trkpt lat="36.49506" lon="-118.32873">
        <ele>2951.35</ele>
      </trkpt>
      <trkpt lat="36.49497" lon="-118.32872">
        <ele>2952.59</ele>
      </trkpt>
      <trkpt lat="36.49494" lon="-118.3287">
        <ele>2953.31</ele>
      </trkpt>
      <trkpt lat="36.49482" lon="-118.32857">
        <ele>2955.39</ele>
      </trkpt>
      <trkpt lat="36.49474" lon="-118.32843">
        <ele>2956.81</ele>
      </trkpt>
      <trkpt lat="36.49465" lon="-118.32816">
        <ele>2959.65</ele>
      </trkpt>
      <trkpt lat="36.49465" lon="-118.328">
        <ele>2960.69</ele>
      </trkpt>
      <trkpt lat="36.49463" lon="-118.32788">
        <ele>2961.89</ele>
      </trkpt>
      <trkpt lat="36.49458" lon="-118.3278">
        <ele>2962.94</ele>
      </trkpt>
      <trkpt lat="36.49449" lon="-118.3277">
        <ele>2964.51</ele>
      </trkpt>
      <trkpt lat="36.49443" lon="-118.32762">
        <ele>2965.16</ele>
      </trkpt>
      <trkpt lat="36.49441" lon="-118.32751">
        <ele>2965.37</ele>
      </trkpt>
      <trkpt lat="36.49438" lon="-118.32745">
        <ele>2965.7</ele>
      </trkpt>
      <trkpt lat="36.49435" lon="-118.32739">
        <ele>2966.02</ele>
      </trkpt>
      <trkpt lat="36.49429" lon="-118.32731">
        <ele>2966.67</ele>
      </trkpt>
      <trkpt lat="36.4942" lon="-118.32721">
        <ele>2967.64</ele>
      </trkpt>
      <trkpt lat="36.49406" lon="-118.32702">
        <ele>2969.28</ele>
      </trkpt>
      <trkpt lat="36.49399" lon="-118.32693">
        <ele>2969.91</ele>
      </trkpt>
      <trkpt lat="36.49396" lon="-118.32687">
        <ele>2970.46</ele>
      </trkpt>
      <trkpt lat="36.49396" lon="-118.32681">
        <ele>2970.46</ele>
      </trkpt>
      <trkpt lat="36.49398" lon="-118.32675">
        <ele>2970.03</ele>
      </trkpt>
      <trkpt lat="36.49398" lon="-118.32659">
        <ele>2970.03</ele>
      </trkpt>
      <trkpt lat="36.494" lon="-118.3265">
        <ele>2969.6</ele>
      </trkpt>
      <trkpt lat="36.49402" lon="-118.32638">
        <ele>2969.17</ele>
      </trkpt>
      <trkpt lat="36.49401" lon="-118.3263">
        <ele>2969.38</ele>
      </trkpt>
      <trkpt lat="36.49397" lon="-118.32616">
        <ele>2970.25</ele>
      </trkpt>
      <trkpt lat="36.49397" lon="-118.3261">
        <ele>2970.25</ele>
      </trkpt>
      <trkpt lat="36.49393" lon="-118.32597">
        <ele>2970.88</ele>
      </trkpt>
      <trkpt lat="36.49393" lon="-118.32586">
        <ele>2970.67</ele>
      </trkpt>
      <trkpt lat="36.49391" lon="-118.32576">
        <ele>2971.32</ele>
      </trkpt>
      <trkpt lat="36.49388" lon="-118.32564">
        <ele>2972.19</ele>
      </trkpt>
      <trkpt lat="36.49388" lon="-118.32559">
        <ele>2972.19</ele>
      </trkpt>
      <trkpt lat="36.49387" lon="-118.32554">
        <ele>2972.41</ele>
      </trkpt>
      <trkpt lat="36.49374" lon="-118.32536">
        <ele>2975.56</ele>
      </trkpt>
      <trkpt lat="36.49369" lon="-118.32526">
        <ele>2976.1</ele>
      </trkpt>
      <trkpt lat="36.49361" lon="-118.32504">
        <ele>2978.6</ele>
      </trkpt>
      <trkpt lat="36.49358" lon="-118.32492">
        <ele>2980.54</ele>
      </trkpt>
      <trkpt lat="36.49356" lon="-118.3247">
        <ele>2982.1</ele>
      </trkpt>
      <trkpt lat="36.49358" lon="-118.32455">
        <ele>2981.96</ele>
      </trkpt>
      <trkpt lat="36.49362" lon="-118.32434">
        <ele>2982.85</ele>
      </trkpt>
      <trkpt lat="36.49363" lon="-118.3242">
        <ele>2984.36</ele>
      </trkpt>
      <trkpt lat="36.49363" lon="-118.32413">
        <ele>2985.19</ele>
      </trkpt>
      <trkpt lat="36.4937" lon="-118.32396">
        <ele>2986.27</ele>
      </trkpt>
      <trkpt lat="36.49374" lon="-118.32389">
        <ele>2986.21</ele>
      </trkpt>
      <trkpt lat="36.49378" lon="-118.32373">
        <ele>2986.89</ele>
      </trkpt>
      <trkpt lat="36.49382" lon="-118.32347">
        <ele>2988.27</ele>
      </trkpt>
      <trkpt lat="36.49379" lon="-118.32335">
        <ele>2989.96</ele>
      </trkpt>
      <trkpt lat="36.49377" lon="-118.3233">
        <ele>2991.55</ele>
      </trkpt>
      <trkpt lat="36.49376" lon="-118.32326">
        <ele>2992.85</ele>
      </trkpt>
      <trkpt lat="36.49378" lon="-118.32317">
        <ele>2994.07</ele>
      </trkpt>
      <trkpt lat="36.4938" lon="-118.32314">
        <ele>2994.14</ele>
      </trkpt>
      <trkpt lat="36.49389" lon="-118.32309">
        <ele>2994.25</ele>
      </trkpt>
      <trkpt lat="36.49395" lon="-118.32303">
        <ele>2994.62</ele>
      </trkpt>
      <trkpt lat="36.494" lon="-118.32292">
        <ele>2994.69</ele>
      </trkpt>
      <trkpt lat="36.49405" lon="-118.32273">
        <ele>2995.78</ele>
      </trkpt>
      <trkpt lat="36.49409" lon="-118.32266">
        <ele>2995.7</ele>
      </trkpt>
      <trkpt lat="36.49424" lon="-118.3225">
        <ele>2995.21</ele>
      </trkpt>
      <trkpt lat="36.4943" lon="-118.32247">
        <ele>2994.88</ele>
      </trkpt>
      <trkpt lat="36.49435" lon="-118.32241">
        <ele>2994.99</ele>
      </trkpt>
      <trkpt lat="36.49442" lon="-118.32236">
        <ele>2995.15</ele>
      </trkpt>
      <trkpt lat="36.49447" lon="-118.32226">
        <ele>2997.18</ele>
      </trkpt>
      <trkpt lat="36.49452" lon="-118.32219">
        <ele>2998.41</ele>
      </trkpt>
      <trkpt lat="36.49463" lon="-118.32196">
        <ele>2999.83</ele>
      </trkpt>
      <trkpt lat="36.49471" lon="-118.32191">
        <ele>2999.5</ele>
      </trkpt>
      <trkpt lat="36.49472" lon="-118.32187">
        <ele>2999.83</ele>
      </trkpt>
      <trkpt lat="36.49471" lon="-118.32179">
        <ele>3000.89</ele>
      </trkpt>
      <trkpt lat="36.49473" lon="-118.32166">
        <ele>3003.14</ele>
      </trkpt>
      <trkpt lat="36.49472" lon="-118.32159">
        <ele>3004.68</ele>
      </trkpt>
      <trkpt lat="36.49469" lon="-118.32148">
        <ele>3007.36</ele>
      </trkpt>
      <trkpt lat="36.49467" lon="-118.32143">
        <ele>3008.12</ele>
      </trkpt>
      <trkpt lat="36.49463" lon="-118.32141">
        <ele>3008.77</ele>
      </trkpt>
      <trkpt lat="36.49459" lon="-118.3214">
        <ele>3009.31</ele>
      </trkpt>
      <trkpt lat="36.49452" lon="-118.32143">
        <ele>3009.92</ele>
      </trkpt>
      <trkpt lat="36.49447" lon="-118.32143">
        <ele>3011.0</ele>
      </trkpt>
      <trkpt lat="36.49442" lon="-118.3214">
        <ele>3012.38</ele>
      </trkpt>
      <trkpt lat="36.49439" lon="-118.32136">
        <ele>3013.3</ele>
      </trkpt>
      <trkpt lat="36.49437" lon="-118.32131">
        <ele>3013.77</ele>
      </trkpt>
      <trkpt lat="36.49438" lon="-118.32124">
        <ele>3014.3</ele>
      </trkpt>
      <trkpt lat="36.49438" lon="-118.3211">
        <ele>3016.55</ele>
      </trkpt>
      <trkpt lat="36.49437" lon="-118.32106">
        <ele>3017.27</ele>
      </trkpt>
      <trkpt lat="36.49434" lon="-118.32106">
        <ele>3017.75</ele>
      </trkpt>
      <trkpt lat="36.4943" lon="-118.32107">
        <ele>3018.25</ele>
      </trkpt>
      <trkpt lat="36.49426" lon="-118.3211">
        <ele>3018.23</ele>
      </trkpt>
      <trkpt lat="36.49423" lon="-118.3211">
        <ele>3018.87</ele>
      </trkpt>
      <trkpt lat="36.49417" lon="-118.3211">
        <ele>3020.17</ele>
      </trkpt>
      <trkpt lat="36.4941" lon="-118.32106">
        <ele>3022.15</ele>
      </trkpt>
      <trkpt lat="36.49403" lon="-118.32098">
        <ele>3024.37</ele>
      </trkpt>
      <trkpt lat="36.49401" lon="-118.32087">
        <ele>3025.57</ele>
      </trkpt>
      <trkpt lat="36.49402" lon="-118.32076">
        <ele>3026.05</ele>
      </trkpt>
      <trkpt lat="36.49402" lon="-118.32062">
        <ele>3026.89</ele>
      </trkpt>
      <trkpt lat="36.494" lon="-118.32052">
        <ele>3028.18</ele>
      </trkpt>
      <trkpt lat="36.49397" lon="-118.32046">
        <ele>3029.15</ele>
      </trkpt>
      <trkpt lat="36.4941" lon="-118.32019">
        <ele>3029.67</ele>
      </trkpt>
      <trkpt lat="36.4941" lon="-118.32019">
        <ele>3029.67</ele>
      </trkpt>
      <trkpt lat="36.49397" lon="-118.32046">
        <ele>3029.15</ele>
      </trkpt>
      <trkpt lat="36.4939" lon="-118.32036">
        <ele>3030.21</ele>
      </trkpt>
      <trkpt lat="36.49383" lon="-118.32022">
        <ele>3033.26</ele>
      </trkpt>
      <trkpt lat="36.49377" lon="-118.32012">
        <ele>3034.9</ele>
      </trkpt>
      <trkpt lat="36.49366" lon="-118.32002">
        <ele>3036.78</ele>
      </trkpt>
      <trkpt lat="36.49351" lon="-118.31993">
        <ele>3038.76</ele>
      </trkpt>
      <trkpt lat="36.49343" lon="-118.31985">
        <ele>3039.62</ele>
      </trkpt>
      <trkpt lat="36.49334" lon="-118.31973">
        <ele>3040.84</ele>
      </trkpt>
      <trkpt lat="36.49327" lon="-118.31965">
        <ele>3040.95</ele>
      </trkpt>
      <trkpt lat="36.49312" lon="-118.31953">
        <ele>3040.54</ele>
      </trkpt>
      <trkpt lat="36.49294" lon="-118.31936">
        <ele>3039.82</ele>
      </trkpt>
      <trkpt lat="36.49291" lon="-118.31934">
        <ele>3040.38</ele>
      </trkpt>
      <trkpt lat="36.49287" lon="-118.31934">
        <ele>3040.39</ele>
      </trkpt>
      <trkpt lat="36.49273" lon="-118.31939">
        <ele>3040.39</ele>
      </trkpt>
      <trkpt lat="36.49268" lon="-118.31939">
        <ele>3040.62</ele>
      </trkpt>
      <trkpt lat="36.49264" lon="-118.31938">
        <ele>3041.04</ele>
      </trkpt>
      <trkpt lat="36.4926" lon="-118.31932">
        <ele>3042.29</ele>
      </trkpt>
      <trkpt lat="36.49243" lon="-118.31918">
        <ele>3044.86</ele>
      </trkpt>
      <trkpt lat="36.49233" lon="-118.31908">
        <ele>3046.09</ele>
      </trkpt>
      <trkpt lat="36.49219" lon="-118.31902">
        <ele>3046.58</ele>
      </trkpt>
      <trkpt lat="36.49202" lon="-118.31902">
        <ele>3046.77</ele>
      </trkpt>
      <trkpt lat="36.49194" lon="-118.31906">
        <ele>3047.25</ele>
      </trkpt>
      <trkpt lat="36.49182" lon="-118.31916">
        <ele>3048.44</ele>
      </trkpt>
      <trkpt lat="36.49163" lon="-118.31919">
        <ele>3052.14</ele>
      </trkpt>
      <trkpt lat="36.49162" lon="-118.31915">
        <ele>3053.55</ele>
      </trkpt>
      <trkpt lat="36.49166" lon="-118.31908">
        <ele>3054.15</ele>
      </trkpt>
      <trkpt lat="36.49168" lon="-118.31901">
        <ele>3055.54</ele>
      </trkpt>
      <trkpt lat="36.49175" lon="-118.31888">
        <ele>3055.69</ele>
      </trkpt>
      <trkpt lat="36.49175" lon="-118.31885">
        <ele>3056.66</ele>
      </trkpt>
      <trkpt lat="36.49174" lon="-118.31884">
        <ele>3057.42</ele>
      </trkpt>
      <trkpt lat="36.49171" lon="-118.31886">
        <ele>3058.06</ele>
      </trkpt>
      <trkpt lat="36.49171" lon="-118.31889">
        <ele>3057.1</ele>
      </trkpt>
      <trkpt lat="36.49141" lon="-118.31907">
        <ele>3063.45</ele>
      </trkpt>
      <trkpt lat="36.49131" lon="-118.31915">
        <ele>3064.25</ele>
      </trkpt>
      <trkpt lat="36.49124" lon="-118.31923">
        <ele>3064.38</ele>
      </trkpt>
      <trkpt lat="36.49103" lon="-118.31951">
        <ele>3066.21</ele>
      </trkpt>
      <trkpt lat="36.4909" lon="-118.31973">
        <ele>3063.05</ele>
      </trkpt>
      <trkpt lat="36.49084" lon="-118.31985">
        <ele>3061.86</ele>
      </trkpt>
      <trkpt lat="36.49077" lon="-118.31994">
        <ele>3064.4</ele>
      </trkpt>
      <trkpt lat="36.49059" lon="-118.32024">
        <ele>3072.22</ele>
      </trkpt>
      <trkpt lat="36.49043" lon="-118.32047">
        <ele>3078.79</ele>
      </trkpt>
      <trkpt lat="36.4903" lon="-118.32066">
        <ele>3083.62</ele>
      </trkpt>
      <trkpt lat="36.4903" lon="-118.32071">
        <ele>3084.03</ele>
      </trkpt>
      <trkpt lat="36.49025" lon="-118.32085">
        <ele>3086.08</ele>
      </trkpt>
      <trkpt lat="36.49025" lon="-118.32092">
        <ele>3086.84</ele>
      </trkpt>
      <trkpt lat="36.49028" lon="-118.321">
        <ele>3085.93</ele>
      </trkpt>
      <trkpt lat="36.49029" lon="-118.32105">
        <ele>3085.6</ele>
      </trkpt>
      <trkpt lat="36.49027" lon="-118.32121">
        <ele>3085.25</ele>
      </trkpt>
      <trkpt lat="36.49028" lon="-118.32135">
        <ele>3084.95</ele>
      </trkpt>
      <trkpt lat="36.49026" lon="-118.32144">
        <ele>3086.23</ele>
      </trkpt>
      <trkpt lat="36.49028" lon="-118.32149">
        <ele>3086.13</ele>
      </trkpt>
      <trkpt lat="36.49028" lon="-118.32158">
        <ele>3088.05</ele>
      </trkpt>
      <trkpt lat="36.49029" lon="-118.32166">
        <ele>3089.34</ele>
      </trkpt>
      <trkpt lat="36.49031" lon="-118.32217">
        <ele>3088.76</ele>
      </trkpt>
      <trkpt lat="36.49029" lon="-118.32221">
        <ele>3089.59</ele>
      </trkpt>
      <trkpt lat="36.49025" lon="-118.32221">
        <ele>3091.28</ele>
      </trkpt>
      <trkpt lat="36.49019" lon="-118.32217">
        <ele>3094.86</ele>
      </trkpt>
      <trkpt lat="36.49011" lon="-118.32197">
        <ele>3099.35</ele>
      </trkpt>
      <trkpt lat="36.49005" lon="-118.32178">
        <ele>3100.92</ele>
      </trkpt>
      <trkpt lat="36.48997" lon="-118.32171">
        <ele>3101.96</ele>
      </trkpt>
      <trkpt lat="36.48991" lon="-118.32161">
        <ele>3102.33</ele>
      </trkpt>
      <trkpt lat="36.48989" lon="-118.32152">
        <ele>3102.75</ele>
      </trkpt>
      <trkpt lat="36.48983" lon="-118.32142">
        <ele>3105.24</ele>
      </trkpt>
      <trkpt lat="36.48973" lon="-118.3214">
        <ele>3108.75</ele>
      </trkpt>
      <trkpt lat="36.48969" lon="-118.32144">
        <ele>3110.04</ele>
      </trkpt>
      <trkpt lat="36.48965" lon="-118.32146">
        <ele>3111.34</ele>
      </trkpt>
      <trkpt lat="36.48962" lon="-118.32146">
        <ele>3112.21</ele>
      </trkpt>
      <trkpt lat="36.48965" lon="-118.32115">
        <ele>3111.34</ele>
      </trkpt>
      <trkpt lat="36.48965" lon="-118.32112">
        <ele>3111.34</ele>
      </trkpt>
      <trkpt lat="36.48964" lon="-118.3211">
        <ele>3111.54</ele>
      </trkpt>
      <trkpt lat="36.48953" lon="-118.32103">
        <ele>3113.09</ele>
      </trkpt>
      <trkpt lat="36.48944" lon="-118.32099">
        <ele>3113.73</ele>
      </trkpt>
      <trkpt lat="36.48937" lon="-118.32099">
        <ele>3114.25</ele>
      </trkpt>
      <trkpt lat="36.48933" lon="-118.32103">
        <ele>3115.15</ele>
      </trkpt>
      <trkpt lat="36.48923" lon="-118.32104">
        <ele>3115.85</ele>
      </trkpt>
      <trkpt lat="36.48912" lon="-118.32107">
        <ele>3118.17</ele>
      </trkpt>
      <trkpt lat="36.48903" lon="-118.32114">
        <ele>3119.84</ele>
      </trkpt>
      <trkpt lat="36.48893" lon="-118.32117">
        <ele>3119.84</ele>
      </trkpt>
      <trkpt lat="36.4888" lon="-118.32128">
        <ele>3121.78</ele>
      </trkpt>
      <trkpt lat="36.48874" lon="-118.32129">
        <ele>3123.15</ele>
      </trkpt>
      <trkpt lat="36.48871" lon="-118.32127">
        <ele>3123.58</ele>
      </trkpt>
      <trkpt lat="36.48869" lon="-118.32126">
        <ele>3123.81</ele>
      </trkpt>
      <trkpt lat="36.48866" lon="-118.32127">
        <ele>3124.32</ele>
      </trkpt>
      <trkpt lat="36.48862" lon="-118.32134">
        <ele>3125.33</ele>
      </trkpt>
      <trkpt lat="36.48862" lon="-118.32138">
        <ele>3125.72</ele>
      </trkpt>
      <trkpt lat="36.48864" lon="-118.32146">
        <ele>3125.9</ele>
      </trkpt>
      <trkpt lat="36.48866" lon="-118.32154">
        <ele>3125.75</ele>
      </trkpt>
      <trkpt lat="36.48866" lon="-118.32162">
        <ele>3126.41</ele>
      </trkpt>
      <trkpt lat="36.48866" lon="-118.32176">
        <ele>3127.95</ele>
      </trkpt>
      <trkpt lat="36.48864" lon="-118.32183">
        <ele>3129.14</ele>
      </trkpt>
      <trkpt lat="36.48863" lon="-118.32186">
        <ele>3129.68</ele>
      </trkpt>
      <trkpt lat="36.48861" lon="-118.32189">
        <ele>3130.43</ele>
      </trkpt>
      <trkpt lat="36.48859" lon="-118.32189">
        <ele>3130.77</ele>
      </trkpt>
      <trkpt lat="36.48854" lon="-118.32183">
        <ele>3131.48</ele>
      </trkpt>
      <trkpt lat="36.48852" lon="-118.32177">
        <ele>3131.95</ele>
      </trkpt>
      <trkpt lat="36.48846" lon="-118.32168">
        <ele>3132.41</ele>
      </trkpt>
      <trkpt lat="36.48841" lon="-118.32158">
        <ele>3132.41</ele>
      </trkpt>
      <trkpt lat="36.48836" lon="-118.32143">
        <ele>3131.87</ele>
      </trkpt>
      <trkpt lat="36.48835" lon="-118.32141">
        <ele>3131.87</ele>
      </trkpt>
      <trkpt lat="36.4883" lon="-118.32139">
        <ele>3132.73</ele>
      </trkpt>
      <trkpt lat="36.48828" lon="-118.32141">
        <ele>3133.38</ele>
      </trkpt>
      <trkpt lat="36.48824" lon="-118.32149">
        <ele>3135.11</ele>
      </trkpt>
      <trkpt lat="36.48822" lon="-118.32149">
        <ele>3135.54</ele>
      </trkpt>
      <trkpt lat="36.48813" lon="-118.3214">
        <ele>3136.34</ele>
      </trkpt>
      <trkpt lat="36.48796" lon="-118.32127">
        <ele>3135.53</ele>
      </trkpt>
      <trkpt lat="36.4879" lon="-118.32125">
        <ele>3137.04</ele>
      </trkpt>
      <trkpt lat="36.48789" lon="-118.32127">
        <ele>3137.8</ele>
      </trkpt>
      <trkpt lat="36.4879" lon="-118.32134">
        <ele>3138.98</ele>
      </trkpt>
      <trkpt lat="36.48789" lon="-118.32138">
        <ele>3140.17</ele>
      </trkpt>
      <trkpt lat="36.4879" lon="-118.32145">
        <ele>3141.36</ele>
      </trkpt>
      <trkpt lat="36.4879" lon="-118.32158">
        <ele>3143.1</ele>
      </trkpt>
      <trkpt lat="36.48788" lon="-118.32164">
        <ele>3144.4</ele>
      </trkpt>
      <trkpt lat="36.48784" lon="-118.32167">
        <ele>3145.36</ele>
      </trkpt>
      <trkpt lat="36.48781" lon="-118.3217">
        <ele>3146.01</ele>
      </trkpt>
      <trkpt lat="36.4878" lon="-118.32176">
        <ele>3146.77</ele>
      </trkpt>
      <trkpt lat="36.48784" lon="-118.32189">
        <ele>3147.66</ele>
      </trkpt>
      <trkpt lat="36.48788" lon="-118.32199">
        <ele>3146.74</ele>
      </trkpt>
      <trkpt lat="36.48789" lon="-118.32205">
        <ele>3146.58</ele>
      </trkpt>
      <trkpt lat="36.4879" lon="-118.32232">
        <ele>3147.74</ele>
      </trkpt>
      <trkpt lat="36.48788" lon="-118.32235">
        <ele>3148.28</ele>
      </trkpt>
      <trkpt lat="36.48786" lon="-118.32248">
        <ele>3149.02</ele>
      </trkpt>
      <trkpt lat="36.48781" lon="-118.32259">
        <ele>3147.39</ele>
      </trkpt>
      <trkpt lat="36.48774" lon="-118.32266">
        <ele>3147.93</ele>
      </trkpt>
      <trkpt lat="36.48758" lon="-118.32277">
        <ele>3152.62</ele>
      </trkpt>
      <trkpt lat="36.48742" lon="-118.32286">
        <ele>3157.7</ele>
      </trkpt>
      <trkpt lat="36.48733" lon="-118.32289">
        <ele>3159.43</ele>
      </trkpt>
      <trkpt lat="36.48731" lon="-118.32291">
        <ele>3159.62</ele>
      </trkpt>
      <trkpt lat="36.48726" lon="-118.32292">
        <ele>3160.06</ele>
      </trkpt>
      <trkpt lat="36.48725" lon="-118.32282">
        <ele>3161.08</ele>
      </trkpt>
      <trkpt lat="36.48728" lon="-118.32278">
        <ele>3160.74</ele>
      </trkpt>
      <trkpt lat="36.4873" lon="-118.32264">
        <ele>3161.24</ele>
      </trkpt>
      <trkpt lat="36.48733" lon="-118.32257">
        <ele>3161.04</ele>
      </trkpt>
      <trkpt lat="36.48735" lon="-118.32248">
        <ele>3161.32</ele>
      </trkpt>
      <trkpt lat="36.48734" lon="-118.32243">
        <ele>3161.66</ele>
      </trkpt>
      <trkpt lat="36.48732" lon="-118.32238">
        <ele>3161.94</ele>
      </trkpt>
      <trkpt lat="36.48728" lon="-118.32235">
        <ele>3162.61</ele>
      </trkpt>
      <trkpt lat="36.48721" lon="-118.32235">
        <ele>3163.8</ele>
      </trkpt>
      <trkpt lat="36.48713" lon="-118.32232">
        <ele>3165.0</ele>
      </trkpt>
      <trkpt lat="36.48705" lon="-118.32227">
        <ele>3166.28</ele>
      </trkpt>
      <trkpt lat="36.48702" lon="-118.32223">
        <ele>3167.12</ele>
      </trkpt>
      <trkpt lat="36.48699" lon="-118.3222">
        <ele>3167.39</ele>
      </trkpt>
      <trkpt lat="36.48691" lon="-118.32216">
        <ele>3168.37</ele>
      </trkpt>
      <trkpt lat="36.48685" lon="-118.32211">
        <ele>3169.04</ele>
      </trkpt>
      <trkpt lat="36.48679" lon="-118.32202">
        <ele>3170.21</ele>
      </trkpt>
      <trkpt lat="36.48673" lon="-118.32191">
        <ele>3170.63</ele>
      </trkpt>
      <trkpt lat="36.48669" lon="-118.32189">
        <ele>3171.5</ele>
      </trkpt>
      <trkpt lat="36.48656" lon="-118.32187">
        <ele>3173.0</ele>
      </trkpt>
      <trkpt lat="36.48652" lon="-118.32184">
        <ele>3173.0</ele>
      </trkpt>
      <trkpt lat="36.48642" lon="-118.32172">
        <ele>3173.81</ele>
      </trkpt>
      <trkpt lat="36.48633" lon="-118.32164">
        <ele>3174.64</ele>
      </trkpt>
      <trkpt lat="36.48627" lon="-118.3216">
        <ele>3175.0</ele>
      </trkpt>
      <trkpt lat="36.48611" lon="-118.32156">
        <ele>3176.0</ele>
      </trkpt>
      <trkpt lat="36.48608" lon="-118.32152">
        <ele>3176.0</ele>
      </trkpt>
      <trkpt lat="36.48607" lon="-118.32148">
        <ele>3176.0</ele>
      </trkpt>
      <trkpt lat="36.48605" lon="-118.32145">
        <ele>3176.0</ele>
      </trkpt>
      <trkpt lat="36.48603" lon="-118.32144">
        <ele>3176.0</ele>
      </trkpt>
      <trkpt lat="36.48595" lon="-118.32143">
        <ele>3176.41</ele>
      </trkpt>
      <trkpt lat="36.4859" lon="-118.3214">
        <ele>3176.88</ele>
      </trkpt>
      <trkpt lat="36.48589" lon="-118.32138">
        <ele>3177.0</ele>
      </trkpt>
      <trkpt lat="36.48589" lon="-118.32131">
        <ele>3177.0</ele>
      </trkpt>
      <trkpt lat="36.48588" lon="-118.32129">
        <ele>3177.07</ele>
      </trkpt>
      <trkpt lat="36.48585" lon="-118.32124">
        <ele>3177.61</ele>
      </trkpt>
      <trkpt lat="36.48577" lon="-118.32119">
        <ele>3178.15</ele>
      </trkpt>
      <trkpt lat="36.48573" lon="-118.32116">
        <ele>3178.36</ele>
      </trkpt>
      <trkpt lat="36.48568" lon="-118.32106">
        <ele>3178.9</ele>
      </trkpt>
      <trkpt lat="36.4856" lon="-118.32086">
        <ele>3179.67</ele>
      </trkpt>
      <trkpt lat="36.48556" lon="-118.32064">
        <ele>3181.1</ele>
      </trkpt>
      <trkpt lat="36.48554" lon="-118.32059">
        <ele>3180.66</ele>
      </trkpt>
      <trkpt lat="36.48547" lon="-118.3205">
        <ele>3179.71</ele>
      </trkpt>
      <trkpt lat="36.48542" lon="-118.32033">
        <ele>3179.54</ele>
      </trkpt>
      <trkpt lat="36.48543" lon="-118.32024">
        <ele>3179.91</ele>
      </trkpt>
      <trkpt lat="36.48542" lon="-118.3202">
        <ele>3179.99</ele>
      </trkpt>
      <trkpt lat="36.48538" lon="-118.32014">
        <ele>3179.65</ele>
      </trkpt>
      <trkpt lat="36.48538" lon="-118.32005">
        <ele>3180.1</ele>
      </trkpt>
      <trkpt lat="36.48536" lon="-118.31996">
        <ele>3180.32</ele>
      </trkpt>
      <trkpt lat="36.48525" lon="-118.31957">
        <ele>3180.4</ele>
      </trkpt>
      <trkpt lat="36.48522" lon="-118.31953">
        <ele>3179.75</ele>
      </trkpt>
      <trkpt lat="36.48514" lon="-118.3195">
        <ele>3178.51</ele>
      </trkpt>
      <trkpt lat="36.48511" lon="-118.31947">
        <ele>3178.19</ele>
      </trkpt>
      <trkpt lat="36.4851" lon="-118.31944">
        <ele>3178.13</ele>
      </trkpt>
      <trkpt lat="36.48509" lon="-118.31931">
        <ele>3178.96</ele>
      </trkpt>
      <trkpt lat="36.48508" lon="-118.31925">
        <ele>3178.86</ele>
      </trkpt>
      <trkpt lat="36.48503" lon="-118.31913">
        <ele>3178.72</ele>
      </trkpt>
      <trkpt lat="36.48498" lon="-118.31894">
        <ele>3179.14</ele>
      </trkpt>
      <trkpt lat="36.48493" lon="-118.31888">
        <ele>3178.56</ele>
      </trkpt>
      <trkpt lat="36.48484" lon="-118.31882">
        <ele>3178.02</ele>
      </trkpt>
      <trkpt lat="36.48481" lon="-118.31879">
        <ele>3177.9</ele>
      </trkpt>
      <trkpt lat="36.48474" lon="-118.31877">
        <ele>3176.61</ele>
      </trkpt>
      <trkpt lat="36.48468" lon="-118.31873">
        <ele>3176.26</ele>
      </trkpt>
      <trkpt lat="36.48465" lon="-118.3187">
        <ele>3176.26</ele>
      </trkpt>
      <trkpt lat="36.48464" lon="-118.31866">
        <ele>3176.58</ele>
      </trkpt>
      <trkpt lat="36.48465" lon="-118.31856">
        <ele>3177.77</ele>
      </trkpt>
      <trkpt lat="36.48461" lon="-118.31839">
        <ele>3179.31</ele>
      </trkpt>
      <trkpt lat="36.48459" lon="-118.31823">
        <ele>3180.69</ele>
      </trkpt>
      <trkpt lat="36.48458" lon="-118.31818">
        <ele>3181.12</ele>
      </trkpt>
      <trkpt lat="36.48455" lon="-118.31814">
        <ele>3181.22</ele>
      </trkpt>
      <trkpt lat="36.48454" lon="-118.3181">
        <ele>3181.54</ele>
      </trkpt>
      <trkpt lat="36.48455" lon="-118.31807">
        <ele>3181.87</ele>
      </trkpt>
      <trkpt lat="36.48457" lon="-118.31803">
        <ele>3182.28</ele>
      </trkpt>
      <trkpt lat="36.48465" lon="-118.31796">
        <ele>3183.04</ele>
      </trkpt>
      <trkpt lat="36.48467" lon="-118.31792">
        <ele>3183.67</ele>
      </trkpt>
      <trkpt lat="36.48466" lon="-118.31788">
        <ele>3184.19</ele>
      </trkpt>
      <trkpt lat="36.48464" lon="-118.31786">
        <ele>3184.32</ele>
      </trkpt>
      <trkpt lat="36.4846" lon="-118.31787">
        <ele>3184.01</ele>
      </trkpt>
      <trkpt lat="36.48456" lon="-118.31782">
        <ele>3184.68</ele>
      </trkpt>
      <trkpt lat="36.48452" lon="-118.31779">
        <ele>3184.68</ele>
      </trkpt>
      <trkpt lat="36.48447" lon="-118.31777">
        <ele>3184.44</ele>
      </trkpt>
      <trkpt lat="36.48441" lon="-118.31776">
        <ele>3183.94</ele>
      </trkpt>
      <trkpt lat="36.48435" lon="-118.3177">
        <ele>3183.84</ele>
      </trkpt>
      <trkpt lat="36.48432" lon="-118.31759">
        <ele>3186.05</ele>
      </trkpt>
      <trkpt lat="36.4843" lon="-118.31753">
        <ele>3186.97</ele>
      </trkpt>
      <trkpt lat="36.48426" lon="-118.31736">
        <ele>3190.03</ele>
      </trkpt>
      <trkpt lat="36.4842" lon="-118.31727">
        <ele>3192.61</ele>
      </trkpt>
      <trkpt lat="36.48418" lon="-118.31707">
        <ele>3196.14</ele>
      </trkpt>
      <trkpt lat="36.48413" lon="-118.31696">
        <ele>3199.06</ele>
      </trkpt>
      <trkpt lat="36.4841" lon="-118.31693">
        <ele>3200.19</ele>
      </trkpt>
      <trkpt lat="36.48407" lon="-118.31693">
        <ele>3200.47</ele>
      </trkpt>
      <trkpt lat="36.48404" lon="-118.31694">
        <ele>3200.14</ele>
      </trkpt>
      <trkpt lat="36.48399" lon="-118.31692">
        <ele>3200.79</ele>
      </trkpt>
      <trkpt lat="36.48393" lon="-118.31688">
        <ele>3202.26</ele>
      </trkpt>
      <trkpt lat="36.4839" lon="-118.31689">
        <ele>3202.13</ele>
      </trkpt>
      <trkpt lat="36.48382" lon="-118.31687">
        <ele>3202.46</ele>
      </trkpt>
      <trkpt lat="36.48379" lon="-118.31689">
        <ele>3201.72</ele>
      </trkpt>
      <trkpt lat="36.48375" lon="-118.31689">
        <ele>3201.47</ele>
      </trkpt>
      <trkpt lat="36.48369" lon="-118.31687">
        <ele>3201.61</ele>
      </trkpt>
      <trkpt lat="36.48355" lon="-118.31685">
        <ele>3202.04</ele>
      </trkpt>
      <trkpt lat="36.48347" lon="-118.31683">
        <ele>3202.47</ele>
      </trkpt>
      <trkpt lat="36.4834" lon="-118.31669">
        <ele>3205.29</ele>
      </trkpt>
      <trkpt lat="36.48332" lon="-118.31664">
        <ele>3205.53</ele>
      </trkpt>
      <trkpt lat="36.48327" lon="-118.31659">
        <ele>3206.09</ele>
      </trkpt>
      <trkpt lat="36.4831" lon="-118.3165">
        <ele>3205.8</ele>
      </trkpt>
      <trkpt lat="36.48301" lon="-118.31647">
        <ele>3206.12</ele>
      </trkpt>
      <trkpt lat="36.48298" lon="-118.31644">
        <ele>3206.45</ele>
      </trkpt>
      <trkpt lat="36.48291" lon="-118.31647">
        <ele>3206.12</ele>
      </trkpt>
      <trkpt lat="36.48288" lon="-118.31647">
        <ele>3206.12</ele>
      </trkpt>
      <trkpt lat="36.48276" lon="-118.31635">
        <ele>3208.46</ele>
      </trkpt>
      <trkpt lat="36.48272" lon="-118.31633">
        <ele>3209.64</ele>
      </trkpt>
      <trkpt lat="36.48266" lon="-118.31636">
        <ele>3210.58</ele>
      </trkpt>
      <trkpt lat="36.48261" lon="-118.31637">
        <ele>3211.02</ele>
      </trkpt>
      <trkpt lat="36.48245" lon="-118.31646">
        <ele>3212.9</ele>
      </trkpt>
      <trkpt lat="36.48242" lon="-118.31647">
        <ele>3213.1</ele>
      </trkpt>
      <trkpt lat="36.48238" lon="-118.31647">
        <ele>3213.8</ele>
      </trkpt>
      <trkpt lat="36.48226" lon="-118.31639">
        <ele>3216.58</ele>
      </trkpt>
      <trkpt lat="36.48218" lon="-118.31637">
        <ele>3217.66</ele>
      </trkpt>
      <trkpt lat="36.48209" lon="-118.31637">
        <ele>3218.63</ele>
      </trkpt>
      <trkpt lat="36.48197" lon="-118.31634">
        <ele>3219.53</ele>
      </trkpt>
      <trkpt lat="36.4819" lon="-118.31632">
        <ele>3219.62</ele>
      </trkpt>
      <trkpt lat="36.48186" lon="-118.31626">
        <ele>3220.39</ele>
      </trkpt>
      <trkpt lat="36.48181" lon="-118.31615">
        <ele>3221.13</ele>
      </trkpt>
      <trkpt lat="36.48173" lon="-118.31602">
        <ele>3220.68</ele>
      </trkpt>
      <trkpt lat="36.48166" lon="-118.31595">
        <ele>3220.61</ele>
      </trkpt>
      <trkpt lat="36.48162" lon="-118.31592">
        <ele>3220.09</ele>
      </trkpt>
      <trkpt lat="36.48151" lon="-118.31587">
        <ele>3220.48</ele>
      </trkpt>
      <trkpt lat="36.48125" lon="-118.31581">
        <ele>3221.0</ele>
      </trkpt>
      <trkpt lat="36.4811" lon="-118.31579">
        <ele>3222.47</ele>
      </trkpt>
      <trkpt lat="36.48105" lon="-118.31576">
        <ele>3222.79</ele>
      </trkpt>
      <trkpt lat="36.48099" lon="-118.3156">
        <ele>3225.21</ele>
      </trkpt>
      <trkpt lat="36.481" lon="-118.31558">
        <ele>3225.54</ele>
      </trkpt>
      <trkpt lat="36.481" lon="-118.31555">
        <ele>3225.92</ele>
      </trkpt>
      <trkpt lat="36.48097" lon="-118.31551">
        <ele>3226.46</ele>
      </trkpt>
      <trkpt lat="36.48083" lon="-118.31519">
        <ele>3229.87</ele>
      </trkpt>
      <trkpt lat="36.48083" lon="-118.31511">
        <ele>3230.77</ele>
      </trkpt>
      <trkpt lat="36.48077" lon="-118.31481">
        <ele>3232.33</ele>
      </trkpt>
      <trkpt lat="36.48076" lon="-118.31471">
        <ele>3232.52</ele>
      </trkpt>
      <trkpt lat="36.48078" lon="-118.31469">
        <ele>3233.05</ele>
      </trkpt>
      <trkpt lat="36.4808" lon="-118.31463">
        <ele>3233.64</ele>
      </trkpt>
      <trkpt lat="36.48077" lon="-118.31448">
        <ele>3233.51</ele>
      </trkpt>
      <trkpt lat="36.48078" lon="-118.31445">
        <ele>3233.82</ele>
      </trkpt>
      <trkpt lat="36.4808" lon="-118.31443">
        <ele>3234.28</ele>
      </trkpt>
      <trkpt lat="36.48084" lon="-118.31442">
        <ele>3235.09</ele>
      </trkpt>
      <trkpt lat="36.48087" lon="-118.31444">
        <ele>3235.42</ele>
      </trkpt>
      <trkpt lat="36.48093" lon="-118.31444">
        <ele>3236.13</ele>
      </trkpt>
      <trkpt lat="36.48101" lon="-118.31447">
        <ele>3237.57</ele>
      </trkpt>
      <trkpt lat="36.48116" lon="-118.3144">
        <ele>3240.01</ele>
      </trkpt>
      <trkpt lat="36.48119" lon="-118.31436">
        <ele>3240.76</ele>
      </trkpt>
      <trkpt lat="36.48122" lon="-118.31436">
        <ele>3241.09</ele>
      </trkpt>
      <trkpt lat="36.48126" lon="-118.31438">
        <ele>3241.3</ele>
      </trkpt>
      <trkpt lat="36.48129" lon="-118.31441">
        <ele>3241.3</ele>
      </trkpt>
      <trkpt lat="36.48141" lon="-118.31449">
        <ele>3241.74</ele>
      </trkpt>
      <trkpt lat="36.48147" lon="-118.31448">
        <ele>3242.49</ele>
      </trkpt>
      <trkpt lat="36.48151" lon="-118.31449">
        <ele>3242.82</ele>
      </trkpt>
      <trkpt lat="36.48167" lon="-118.31459">
        <ele>3243.46</ele>
      </trkpt>
      <trkpt lat="36.48174" lon="-118.31459">
        <ele>3244.22</ele>
      </trkpt>
      <trkpt lat="36.48183" lon="-118.31449">
        <ele>3247.54</ele>
      </trkpt>
      <trkpt lat="36.4819" lon="-118.31451">
        <ele>3248.26</ele>
      </trkpt>
      <trkpt lat="36.48214" lon="-118.31453">
        <ele>3250.44</ele>
      </trkpt>
      <trkpt lat="36.48225" lon="-118.31455">
        <ele>3251.58</ele>
      </trkpt>
      <trkpt lat="36.48233" lon="-118.31457">
        <ele>3251.1</ele>
      </trkpt>
      <trkpt lat="36.48245" lon="-118.31459">
        <ele>3251.94</ele>
      </trkpt>
      <trkpt lat="36.48262" lon="-118.31466">
        <ele>3253.38</ele>
      </trkpt>
      <trkpt lat="36.48268" lon="-118.31465">
        <ele>3255.22</ele>
      </trkpt>
      <trkpt lat="36.48269" lon="-118.31462">
        <ele>3256.31</ele>
      </trkpt>
      <trkpt lat="36.48268" lon="-118.3146">
        <ele>3256.55</ele>
      </trkpt>
      <trkpt lat="36.4826" lon="-118.31456">
        <ele>3256.36</ele>
      </trkpt>
      <trkpt lat="36.48258" lon="-118.31453">
        <ele>3256.88</ele>
      </trkpt>
      <trkpt lat="36.48253" lon="-118.31444">
        <ele>3257.78</ele>
      </trkpt>
      <trkpt lat="36.48248" lon="-118.31439">
        <ele>3258.55</ele>
      </trkpt>
      <trkpt lat="36.4824" lon="-118.31426">
        <ele>3261.9</ele>
      </trkpt>
      <trkpt lat="36.48238" lon="-118.31419">
        <ele>3263.2</ele>
      </trkpt>
      <trkpt lat="36.48238" lon="-118.31416">
        <ele>3263.92</ele>
      </trkpt>
      <trkpt lat="36.48232" lon="-118.31403">
        <ele>3267.01</ele>
      </trkpt>
      <trkpt lat="36.48228" lon="-118.31398">
        <ele>3267.66</ele>
      </trkpt>
      <trkpt lat="36.48218" lon="-118.31392">
        <ele>3267.87</ele>
      </trkpt>
      <trkpt lat="36.48214" lon="-118.31387">
        <ele>3268.32</ele>
      </trkpt>
      <trkpt lat="36.48204" lon="-118.31368">
        <ele>3270.29</ele>
      </trkpt>
      <trkpt lat="36.482" lon="-118.31364">
        <ele>3270.29</ele>
      </trkpt>
      <trkpt lat="36.48198" lon="-118.31359">
        <ele>3270.61</ele>
      </trkpt>
      <trkpt lat="36.48198" lon="-118.31355">
        <ele>3271.04</ele>
      </trkpt>
      <trkpt lat="36.48201" lon="-118.31353">
        <ele>3271.58</ele>
      </trkpt>
      <trkpt lat="36.48204" lon="-118.31352">
        <ele>3272.02</ele>
      </trkpt>
      <trkpt lat="36.48207" lon="-118.31353">
        <ele>3272.23</ele>
      </trkpt>
      <trkpt lat="36.48209" lon="-118.31352">
        <ele>3272.56</ele>
      </trkpt>
      <trkpt lat="36.4821" lon="-118.3135">
        <ele>3272.88</ele>
      </trkpt>
      <trkpt lat="36.48209" lon="-118.31331">
        <ele>3274.72</ele>
      </trkpt>
      <trkpt lat="36.4821" lon="-118.31324">
        <ele>3275.37</ele>
      </trkpt>
      <trkpt lat="36.4821" lon="-118.31312">
        <ele>3276.66</ele>
      </trkpt>
      <trkpt lat="36.48209" lon="-118.31308">
        <ele>3276.88</ele>
      </trkpt>
      <trkpt lat="36.48209" lon="-118.31303">
        <ele>3277.42</ele>
      </trkpt>
      <trkpt lat="36.4821" lon="-118.3127">
        <ele>3280.52</ele>
      </trkpt>
      <trkpt lat="36.48208" lon="-118.31253">
        <ele>3281.29</ele>
      </trkpt>
      <trkpt lat="36.48207" lon="-118.31229">
        <ele>3282.98</ele>
      </trkpt>
      <trkpt lat="36.48208" lon="-118.31225">
        <ele>3283.63</ele>
      </trkpt>
      <trkpt lat="36.48211" lon="-118.31217">
        <ele>3285.14</ele>
      </trkpt>
      <trkpt lat="36.48211" lon="-118.31212">
        <ele>3285.68</ele>
      </trkpt>
      <trkpt lat="36.48209" lon="-118.31206">
        <ele>3285.9</ele>
      </trkpt>
      <trkpt lat="36.48207" lon="-118.31169">
        <ele>3290.1</ele>
      </trkpt>
      <trkpt lat="36.48207" lon="-118.31158">
        <ele>3291.29</ele>
      </trkpt>
      <trkpt lat="36.48208" lon="-118.31152">
        <ele>3292.05</ele>
      </trkpt>
      <trkpt lat="36.48209" lon="-118.31141">
        <ele>3293.67</ele>
      </trkpt>
      <trkpt lat="36.48208" lon="-118.31138">
        <ele>3294.14</ele>
      </trkpt>
      <trkpt lat="36.48205" lon="-118.31134">
        <ele>3294.6</ele>
      </trkpt>
      <trkpt lat="36.48196" lon="-118.31135">
        <ele>3294.42</ele>
      </trkpt>
      <trkpt lat="36.48195" lon="-118.31135">
        <ele>3294.42</ele>
      </trkpt>
      <trkpt lat="36.48193" lon="-118.31128">
        <ele>3295.18</ele>
      </trkpt>
      <trkpt lat="36.48193" lon="-118.31122">
        <ele>3295.82</ele>
      </trkpt>
      <trkpt lat="36.48195" lon="-118.31111">
        <ele>3298.01</ele>
      </trkpt>
      <trkpt lat="36.48194" lon="-118.31107">
        <ele>3298.4</ele>
      </trkpt>
      <trkpt lat="36.48191" lon="-118.31103">
        <ele>3298.5</ele>
      </trkpt>
      <trkpt lat="36.48191" lon="-118.31096">
        <ele>3299.26</ele>
      </trkpt>
      <trkpt lat="36.48188" lon="-118.31083">
        <ele>3300.34</ele>
      </trkpt>
      <trkpt lat="36.48188" lon="-118.31078">
        <ele>3300.88</ele>
      </trkpt>
      <trkpt lat="36.48187" lon="-118.31074">
        <ele>3301.21</ele>
      </trkpt>
      <trkpt lat="36.48184" lon="-118.31073">
        <ele>3301.22</ele>
      </trkpt>
      <trkpt lat="36.48179" lon="-118.31056">
        <ele>3303.28</ele>
      </trkpt>
      <trkpt lat="36.48176" lon="-118.31043">
        <ele>3304.36</ele>
      </trkpt>
      <trkpt lat="36.48176" lon="-118.31037">
        <ele>3305.01</ele>
      </trkpt>
      <trkpt lat="36.48177" lon="-118.31028">
        <ele>3306.09</ele>
      </trkpt>
      <trkpt lat="36.48176" lon="-118.31015">
        <ele>3307.39</ele>
      </trkpt>
      <trkpt lat="36.48177" lon="-118.31009">
        <ele>3308.14</ele>
      </trkpt>
      <trkpt lat="36.48175" lon="-118.30999">
        <ele>3308.91</ele>
      </trkpt>
      <trkpt lat="36.48176" lon="-118.30992">
        <ele>3309.87</ele>
      </trkpt>
      <trkpt lat="36.48174" lon="-118.3097">
        <ele>3311.63</ele>
      </trkpt>
      <trkpt lat="36.48172" lon="-118.30966">
        <ele>3311.44</ele>
      </trkpt>
      <trkpt lat="36.48173" lon="-118.3094">
        <ele>3313.85</ele>
      </trkpt>
      <trkpt lat="36.48176" lon="-118.30922">
        <ele>3315.44</ele>
      </trkpt>
      <trkpt lat="36.48177" lon="-118.30915">
        <ele>3316.23</ele>
      </trkpt>
      <trkpt lat="36.48176" lon="-118.30902">
        <ele>3316.02</ele>
      </trkpt>
      <trkpt lat="36.48178" lon="-118.30892">
        <ele>3317.11</ele>
      </trkpt>
      <trkpt lat="36.48185" lon="-118.30879">
        <ele>3318.96</ele>
      </trkpt>
      <trkpt lat="36.48185" lon="-118.30875">
        <ele>3318.96</ele>
      </trkpt>
      <trkpt lat="36.48182" lon="-118.30863">
        <ele>3318.31</ele>
      </trkpt>
      <trkpt lat="36.48181" lon="-118.30856">
        <ele>3318.4</ele>
      </trkpt>
      <trkpt lat="36.48182" lon="-118.30851">
        <ele>3319.0</ele>
      </trkpt>
      <trkpt lat="36.48197" lon="-118.30815">
        <ele>3324.82</ele>
      </trkpt>
      <trkpt lat="36.48222" lon="-118.30769">
        <ele>3330.98</ele>
      </trkpt>
      <trkpt lat="36.4823" lon="-118.30747">
        <ele>3332.41</ele>
      </trkpt>
      <trkpt lat="36.48233" lon="-118.30734">
        <ele>3332.33</ele>
      </trkpt>
      <trkpt lat="36.48242" lon="-118.30716">
        <ele>3334.18</ele>
      </trkpt>
      <trkpt lat="36.48244" lon="-118.30713">
        <ele>3334.35</ele>
      </trkpt>
      <trkpt lat="36.48245" lon="-118.30705">
        <ele>3334.0</ele>
      </trkpt>
      <trkpt lat="36.48257" lon="-118.30663">
        <ele>3333.66</ele>
      </trkpt>
      <trkpt lat="36.48258" lon="-118.30657">
        <ele>3333.69</ele>
      </trkpt>
      <trkpt lat="36.48258" lon="-118.3065">
        <ele>3333.04</ele>
      </trkpt>
      <trkpt lat="36.48261" lon="-118.30637">
        <ele>3333.54</ele>
      </trkpt>
      <trkpt lat="36.48265" lon="-118.30628">
        <ele>3334.62</ele>
      </trkpt>
      <trkpt lat="36.48272" lon="-118.30617">
        <ele>3334.77</ele>
      </trkpt>
      <trkpt lat="36.48276" lon="-118.30608">
        <ele>3334.81</ele>
      </trkpt>
      <trkpt lat="36.48277" lon="-118.30603">
        <ele>3334.92</ele>
      </trkpt>
      <trkpt lat="36.48276" lon="-118.3058">
        <ele>3334.81</ele>
      </trkpt>
      <trkpt lat="36.4828" lon="-118.30528">
        <ele>3335.24</ele>
      </trkpt>
      <trkpt lat="36.48282" lon="-118.30518">
        <ele>3335.49</ele>
      </trkpt>
      <trkpt lat="36.48282" lon="-118.30508">
        <ele>3336.0</ele>
      </trkpt>
      <trkpt lat="36.48279" lon="-118.30498">
        <ele>3336.0</ele>
      </trkpt>
      <trkpt lat="36.48274" lon="-118.30483">
        <ele>3336.0</ele>
      </trkpt>
      <trkpt lat="36.48271" lon="-118.30461">
        <ele>3336.27</ele>
      </trkpt>
      <trkpt lat="36.48268" lon="-118.30445">
        <ele>3336.89</ele>
      </trkpt>
      <trkpt lat="36.48269" lon="-118.30434">
        <ele>3337.0</ele>
      </trkpt>
      <trkpt lat="36.48271" lon="-118.30424">
        <ele>3337.0</ele>
      </trkpt>
      <trkpt lat="36.48271" lon="-118.30416">
        <ele>3337.0</ele>
      </trkpt>
      <trkpt lat="36.4827" lon="-118.30409">
        <ele>3337.0</ele>
      </trkpt>
      <trkpt lat="36.48264" lon="-118.30395">
        <ele>3337.68</ele>
      </trkpt>
      <trkpt lat="36.4826" lon="-118.30376">
        <ele>3338.0</ele>
      </trkpt>
      <trkpt lat="36.4826" lon="-118.3037">
        <ele>3338.0</ele>
      </trkpt>
      <trkpt lat="36.48259" lon="-118.30356">
        <ele>3338.0</ele>
      </trkpt>
      <trkpt lat="36.48255" lon="-118.30342">
        <ele>3338.03</ele>
      </trkpt>
      <trkpt lat="36.48251" lon="-118.30336">
        <ele>3338.64</ele>
      </trkpt>
      <trkpt lat="36.48248" lon="-118.3033">
        <ele>3339.0</ele>
      </trkpt>
      <trkpt lat="36.48246" lon="-118.30315">
        <ele>3339.0</ele>
      </trkpt>
      <trkpt lat="36.48243" lon="-118.30305">
        <ele>3339.0</ele>
      </trkpt>
      <trkpt lat="36.48234" lon="-118.3029">
        <ele>3339.91</ele>
      </trkpt>
      <trkpt lat="36.4822" lon="-118.30259">
        <ele>3341.01</ele>
      </trkpt>
      <trkpt lat="36.4821" lon="-118.30246">
        <ele>3342.0</ele>
      </trkpt>
      <trkpt lat="36.48203" lon="-118.30231">
        <ele>3343.0</ele>
      </trkpt>
      <trkpt lat="36.482" lon="-118.30221">
        <ele>3343.0</ele>
      </trkpt>
      <trkpt lat="36.48198" lon="-118.30217">
        <ele>3343.0</ele>
      </trkpt>
      <trkpt lat="36.48194" lon="-118.30212">
        <ele>3343.15</ele>
      </trkpt>
      <trkpt lat="36.48185" lon="-118.30203">
        <ele>3344.0</ele>
      </trkpt>
      <trkpt lat="36.48182" lon="-118.30198">
        <ele>3344.21</ele>
      </trkpt>
      <trkpt lat="36.48173" lon="-118.30187">
        <ele>3345.0</ele>
      </trkpt>
      <trkpt lat="36.48161" lon="-118.30166">
        <ele>3345.64</ele>
      </trkpt>
      <trkpt lat="36.48157" lon="-118.30153">
        <ele>3346.02</ele>
      </trkpt>
      <trkpt lat="36.48153" lon="-118.30146">
        <ele>3346.6</ele>
      </trkpt>
      <trkpt lat="36.48146" lon="-118.30135">
        <ele>3347.23</ele>
      </trkpt>
      <trkpt lat="36.48143" lon="-118.30127">
        <ele>3347.68</ele>
      </trkpt>
      <trkpt lat="36.48141" lon="-118.30122">
        <ele>3347.96</ele>
      </trkpt>
      <trkpt lat="36.48132" lon="-118.3011">
        <ele>3348.77</ele>
      </trkpt>
      <trkpt lat="36.48127" lon="-118.30105">
        <ele>3349.28</ele>
      </trkpt>
      <trkpt lat="36.4812" lon="-118.30102">
        <ele>3350.0</ele>
      </trkpt>
      <trkpt lat="36.48118" lon="-118.301">
        <ele>3350.05</ele>
      </trkpt>
      <trkpt lat="36.48113" lon="-118.30089">
        <ele>3350.8</ele>
      </trkpt>
      <trkpt lat="36.48107" lon="-118.30077">
        <ele>3351.44</ele>
      </trkpt>
      <trkpt lat="36.48089" lon="-118.30051">
        <ele>3353.39</ele>
      </trkpt>
      <trkpt lat="36.48082" lon="-118.30041">
        <ele>3354.14</ele>
      </trkpt>
      <trkpt lat="36.4808" lon="-118.30038">
        <ele>3354.36</ele>
      </trkpt>
      <trkpt lat="36.48078" lon="-118.30031">
        <ele>3354.85</ele>
      </trkpt>
      <trkpt lat="36.48073" lon="-118.30014">
        <ele>3355.0</ele>
      </trkpt>
      <trkpt lat="36.48071" lon="-118.30005">
        <ele>3355.0</ele>
      </trkpt>
      <trkpt lat="36.4807" lon="-118.29997">
        <ele>3355.0</ele>
      </trkpt>
      <trkpt lat="36.48056" lon="-118.29962">
        <ele>3356.0</ele>
      </trkpt>
      <trkpt lat="36.48047" lon="-118.29932">
        <ele>3355.68</ele>
      </trkpt>
      <trkpt lat="36.48041" lon="-118.29912">
        <ele>3355.0</ele>
      </trkpt>
      <trkpt lat="36.48036" lon="-118.29895">
        <ele>3355.0</ele>
      </trkpt>
      <trkpt lat="36.48013" lon="-118.29845">
        <ele>3354.0</ele>
      </trkpt>
      <trkpt lat="36.48008" lon="-118.2983">
        <ele>3353.86</ele>
      </trkpt>
      <trkpt lat="36.47993" lon="-118.29802">
        <ele>3353.09</ele>
      </trkpt>
      <trkpt lat="36.47983" lon="-118.29787">
        <ele>3353.0</ele>
      </trkpt>
      <trkpt lat="36.4797" lon="-118.29759">
        <ele>3352.77</ele>
      </trkpt>
      <trkpt lat="36.47948" lon="-118.29672">
        <ele>3355.16</ele>
      </trkpt>
      <trkpt lat="36.4795" lon="-118.29666">
        <ele>3355.63</ele>
      </trkpt>
      <trkpt lat="36.4795" lon="-118.29658">
        <ele>3355.97</ele>
      </trkpt>
      <trkpt lat="36.4795" lon="-118.29651">
        <ele>3356.0</ele>
      </trkpt>
      <trkpt lat="36.47947" lon="-118.29635">
        <ele>3356.0</ele>
      </trkpt>
      <trkpt lat="36.47949" lon="-118.29612">
        <ele>3356.0</ele>
      </trkpt>
      <trkpt lat="36.47948" lon="-118.29571">
        <ele>3356.38</ele>
      </trkpt>
      <trkpt lat="36.47949" lon="-118.29555">
        <ele>3356.49</ele>
      </trkpt>
      <trkpt lat="36.47948" lon="-118.29542">
        <ele>3356.38</ele>
      </trkpt>
      <trkpt lat="36.47946" lon="-118.29526">
        <ele>3356.17</ele>
      </trkpt>
      <trkpt lat="36.47946" lon="-118.29507">
        <ele>3356.13</ele>
      </trkpt>
      <trkpt lat="36.47944" lon="-118.29496">
        <ele>3355.95</ele>
      </trkpt>
      <trkpt lat="36.47939" lon="-118.29481">
        <ele>3355.0</ele>
      </trkpt>
      <trkpt lat="36.47938" lon="-118.29472">
        <ele>3354.98</ele>
      </trkpt>
      <trkpt lat="36.47941" lon="-118.2944">
        <ele>3353.33</ele>
      </trkpt>
      <trkpt lat="36.47945" lon="-118.29432">
        <ele>3353.04</ele>
      </trkpt>
      <trkpt lat="36.47947" lon="-118.29426">
        <ele>3353.0</ele>
      </trkpt>
      <trkpt lat="36.4795" lon="-118.2942">
        <ele>3352.74</ele>
      </trkpt>
      <trkpt lat="36.47971" lon="-118.29387">
        <ele>3352.87</ele>
      </trkpt>
      <trkpt lat="36.47976" lon="-118.2938">
        <ele>3353.41</ele>
      </trkpt>
      <trkpt lat="36.47979" lon="-118.29375">
        <ele>3353.73</ele>
      </trkpt>
      <trkpt lat="36.47981" lon="-118.29359">
        <ele>3352.95</ele>
      </trkpt>
      <trkpt lat="36.47984" lon="-118.29354">
        <ele>3353.06</ele>
      </trkpt>
      <trkpt lat="36.47986" lon="-118.2935">
        <ele>3352.9</ele>
      </trkpt>
      <trkpt lat="36.47986" lon="-118.29344">
        <ele>3352.57</ele>
      </trkpt>
      <trkpt lat="36.47987" lon="-118.29341">
        <ele>3352.49</ele>
      </trkpt>
      <trkpt lat="36.48" lon="-118.29324">
        <ele>3352.0</ele>
      </trkpt>
      <trkpt lat="36.48004" lon="-118.29315">
        <ele>3352.01</ele>
      </trkpt>
      <trkpt lat="36.48012" lon="-118.29309">
        <ele>3352.0</ele>
      </trkpt>
      <trkpt lat="36.48016" lon="-118.29301">
        <ele>3351.87</ele>
      </trkpt>
      <trkpt lat="36.48017" lon="-118.29294">
        <ele>3351.63</ele>
      </trkpt>
      <trkpt lat="36.48018" lon="-118.29283">
        <ele>3351.0</ele>
      </trkpt>
      <trkpt lat="36.4802" lon="-118.29279">
        <ele>3351.0</ele>
      </trkpt>
      <trkpt lat="36.4802" lon="-118.29272">
        <ele>3351.0</ele>
      </trkpt>
      <trkpt lat="36.4802" lon="-118.29267">
        <ele>3351.0</ele>
      </trkpt>
      <trkpt lat="36.48018" lon="-118.29258">
        <ele>3351.0</ele>
      </trkpt>
      <trkpt lat="36.48017" lon="-118.29253">
        <ele>3351.0</ele>
      </trkpt>
      <trkpt lat="36.48018" lon="-118.29244">
        <ele>3351.0</ele>
      </trkpt>
      <trkpt lat="36.48018" lon="-118.2924">
        <ele>3351.08</ele>
      </trkpt>
      <trkpt lat="36.48014" lon="-118.29236">
        <ele>3351.51</ele>
      </trkpt>
      <trkpt lat="36.48013" lon="-118.29233">
        <ele>3351.84</ele>
      </trkpt>
      <trkpt lat="36.48013" lon="-118.29226">
        <ele>3352.0</ele>
      </trkpt>
      <trkpt lat="36.48012" lon="-118.2922">
        <ele>3352.24</ele>
      </trkpt>
      <trkpt lat="36.4801" lon="-118.29211">
        <ele>3353.2</ele>
      </trkpt>
      <trkpt lat="36.48008" lon="-118.29194">
        <ele>3354.01</ele>
      </trkpt>
      <trkpt lat="36.48011" lon="-118.29187">
        <ele>3353.96</ele>
      </trkpt>
      <trkpt lat="36.48013" lon="-118.2917">
        <ele>3354.0</ele>
      </trkpt>
      <trkpt lat="36.48018" lon="-118.2915">
        <ele>3354.06</ele>
      </trkpt>
      <trkpt lat="36.48019" lon="-118.29135">
        <ele>3353.95</ele>
      </trkpt>
      <trkpt lat="36.48027" lon="-118.29094">
        <ele>3354.07</ele>
      </trkpt>
      <trkpt lat="36.48029" lon="-118.2909">
        <ele>3353.87</ele>
      </trkpt>
      <trkpt lat="36.48031" lon="-118.2907">
        <ele>3353.81</ele>
      </trkpt>
      <trkpt lat="36.4803" lon="-118.29061">
        <ele>3354.31</ele>
      </trkpt>
      <trkpt lat="36.48032" lon="-118.2904">
        <ele>3354.54</ele>
      </trkpt>
      <trkpt lat="36.48032" lon="-118.28986">
        <ele>3356.0</ele>
      </trkpt>
      <trkpt lat="36.48031" lon="-118.28972">
        <ele>3356.0</ele>
      </trkpt>
      <trkpt lat="36.48032" lon="-118.28966">
        <ele>3356.0</ele>
      </trkpt>
      <trkpt lat="36.48035" lon="-118.28956">
        <ele>3356.0</ele>
      </trkpt>
      <trkpt lat="36.48043" lon="-118.28941">
        <ele>3356.0</ele>
      </trkpt>
      <trkpt lat="36.48054" lon="-118.28926">
        <ele>3357.0</ele>
      </trkpt>
      <trkpt lat="36.48064" lon="-118.28899">
        <ele>3357.0</ele>
      </trkpt>
      <trkpt lat="36.48074" lon="-118.28886">
        <ele>3356.0</ele>
      </trkpt>
      <trkpt lat="36.48075" lon="-118.28883">
        <ele>3355.94</ele>
      </trkpt>
      <trkpt lat="36.48074" lon="-118.2888">
        <ele>3356.0</ele>
      </trkpt>
      <trkpt lat="36.48071" lon="-118.28872">
        <ele>3355.45</ele>
      </trkpt>
      <trkpt lat="36.4807" lon="-118.28864">
        <ele>3355.44</ele>
      </trkpt>
      <trkpt lat="36.4807" lon="-118.28835">
        <ele>3353.62</ele>
      </trkpt>
      <trkpt lat="36.48069" lon="-118.28817">
        <ele>3352.65</ele>
      </trkpt>
      <trkpt lat="36.48065" lon="-118.28801">
        <ele>3351.99</ele>
      </trkpt>
      <trkpt lat="36.48058" lon="-118.28769">
        <ele>3350.79</ele>
      </trkpt>
      <trkpt lat="36.4806" lon="-118.28711">
        <ele>3346.9</ele>
      </trkpt>
      <trkpt lat="36.48061" lon="-118.28702">
        <ele>3346.34</ele>
      </trkpt>
      <trkpt lat="36.48065" lon="-118.28694">
        <ele>3346.0</ele>
      </trkpt>
      <trkpt lat="36.48066" lon="-118.28684">
        <ele>3345.76</ele>
      </trkpt>
      <trkpt lat="36.48064" lon="-118.28677">
        <ele>3345.12</ele>
      </trkpt>
      <trkpt lat="36.48061" lon="-118.2867">
        <ele>3345.0</ele>
      </trkpt>
      <trkpt lat="36.48055" lon="-118.28649">
        <ele>3343.95</ele>
      </trkpt>
      <trkpt lat="36.48052" lon="-118.28645">
        <ele>3343.41</ele>
      </trkpt>
      <trkpt lat="36.48028" lon="-118.28635">
        <ele>3342.0</ele>
      </trkpt>
      <trkpt lat="36.48012" lon="-118.28621">
        <ele>3341.34</ele>
      </trkpt>
      <trkpt lat="36.48004" lon="-118.28613">
        <ele>3341.45</ele>
      </trkpt>
      <trkpt lat="36.47992" lon="-118.28604">
        <ele>3341.14</ele>
      </trkpt>
      <trkpt lat="36.47956" lon="-118.28552">
        <ele>3342.0</ele>
      </trkpt>
      <trkpt lat="36.47934" lon="-118.28515">
        <ele>3342.46</ele>
      </trkpt>
      <trkpt lat="36.47931" lon="-118.2851">
        <ele>3342.96</ele>
      </trkpt>
      <trkpt lat="36.47918" lon="-118.28471">
        <ele>3343.0</ele>
      </trkpt>
      <trkpt lat="36.47922" lon="-118.28403">
        <ele>3343.0</ele>
      </trkpt>
      <trkpt lat="36.4792" lon="-118.28389">
        <ele>3343.99</ele>
      </trkpt>
      <trkpt lat="36.4792" lon="-118.28358">
        <ele>3344.0</ele>
      </trkpt>
      <trkpt lat="36.47923" lon="-118.28334">
        <ele>3344.0</ele>
      </trkpt>
      <trkpt lat="36.4793" lon="-118.28314">
        <ele>3344.0</ele>
      </trkpt>
      <trkpt lat="36.47932" lon="-118.28292">
        <ele>3344.0</ele>
      </trkpt>
      <trkpt lat="36.47938" lon="-118.28271">
        <ele>3344.0</ele>
      </trkpt>
      <trkpt lat="36.47941" lon="-118.28263">
        <ele>3344.0</ele>
      </trkpt>
      <trkpt lat="36.47942" lon="-118.28256">
        <ele>3344.0</ele>
      </trkpt>
      <trkpt lat="36.47952" lon="-118.28233">
        <ele>3344.0</ele>
      </trkpt>
      <trkpt lat="36.47962" lon="-118.28224">
        <ele>3344.9</ele>
      </trkpt>
      <trkpt lat="36.47968" lon="-118.28213">
        <ele>3345.0</ele>
      </trkpt>
      <trkpt lat="36.47971" lon="-118.282">
        <ele>3345.0</ele>
      </trkpt>
      <trkpt lat="36.47976" lon="-118.28186">
        <ele>3345.0</ele>
      </trkpt>
      <trkpt lat="36.47987" lon="-118.28145">
        <ele>3345.2</ele>
      </trkpt>
      <trkpt lat="36.47991" lon="-118.28128">
        <ele>3345.2</ele>
      </trkpt>
      <trkpt lat="36.47997" lon="-118.28108">
        <ele>3346.0</ele>
      </trkpt>
      <trkpt lat="36.48005" lon="-118.28075">
        <ele>3346.0</ele>
      </trkpt>
      <trkpt lat="36.4801" lon="-118.28062">
        <ele>3346.0</ele>
      </trkpt>
      <trkpt lat="36.48032" lon="-118.28024">
        <ele>3347.0</ele>
      </trkpt>
      <trkpt lat="36.48041" lon="-118.28005">
        <ele>3347.0</ele>
      </trkpt>
      <trkpt lat="36.48049" lon="-118.27996">
        <ele>3347.6</ele>
      </trkpt>
      <trkpt lat="36.48059" lon="-118.27981">
        <ele>3348.0</ele>
      </trkpt>
      <trkpt lat="36.48078" lon="-118.27952">
        <ele>3349.0</ele>
      </trkpt>
      <trkpt lat="36.48087" lon="-118.27936">
        <ele>3349.36</ele>
      </trkpt>
      <trkpt lat="36.48117" lon="-118.27859">
        <ele>3351.15</ele>
      </trkpt>
      <trkpt lat="36.48123" lon="-118.27846">
        <ele>3352.0</ele>
      </trkpt>
      <trkpt lat="36.48123" lon="-118.27811">
        <ele>3352.0</ele>
      </trkpt>
      <trkpt lat="36.48105" lon="-118.2774">
        <ele>3351.0</ele>
      </trkpt>
      <trkpt lat="36.48105" lon="-118.27729">
        <ele>3351.0</ele>
      </trkpt>
      <trkpt lat="36.48105" lon="-118.27722">
        <ele>3351.01</ele>
      </trkpt>
      <trkpt lat="36.48104" lon="-118.27714">
        <ele>3351.21</ele>
      </trkpt>
      <trkpt lat="36.48094" lon="-118.27672">
        <ele>3352.0</ele>
      </trkpt>
      <trkpt lat="36.48088" lon="-118.27657">
        <ele>3352.0</ele>
      </trkpt>
      <trkpt lat="36.48066" lon="-118.27591">
        <ele>3355.0</ele>
      </trkpt>
      <trkpt lat="36.48052" lon="-118.27554">
        <ele>3357.17</ele>
      </trkpt>
      <trkpt lat="36.48049" lon="-118.27548">
        <ele>3357.82</ele>
      </trkpt>
      <trkpt lat="36.48045" lon="-118.27544">
        <ele>3358.21</ele>
      </trkpt>
      <trkpt lat="36.48043" lon="-118.2754">
        <ele>3358.44</ele>
      </trkpt>
      <trkpt lat="36.48044" lon="-118.2753">
        <ele>3359.51</ele>
      </trkpt>
      <trkpt lat="36.48042" lon="-118.27528">
        <ele>3359.51</ele>
      </trkpt>
      <trkpt lat="36.48037" lon="-118.27525">
        <ele>3359.3</ele>
      </trkpt>
      <trkpt lat="36.48033" lon="-118.27525">
        <ele>3359.3</ele>
      </trkpt>
      <trkpt lat="36.48024" lon="-118.27518">
        <ele>3360.06</ele>
      </trkpt>
      <trkpt lat="36.48007" lon="-118.27502">
        <ele>3360.78</ele>
      </trkpt>
      <trkpt lat="36.47972" lon="-118.27463">
        <ele>3363.0</ele>
      </trkpt>
      <trkpt lat="36.47954" lon="-118.27446">
        <ele>3363.86</ele>
      </trkpt>
      <trkpt lat="36.47948" lon="-118.27438">
        <ele>3364.08</ele>
      </trkpt>
      <trkpt lat="36.47945" lon="-118.27432">
        <ele>3364.4</ele>
      </trkpt>
      <trkpt lat="36.47929" lon="-118.27411">
        <ele>3364.94</ele>
      </trkpt>
      <trkpt lat="36.47914" lon="-118.27391">
        <ele>3365.2</ele>
      </trkpt>
      <trkpt lat="36.47879" lon="-118.273">
        <ele>3368.16</ele>
      </trkpt>
      <trkpt lat="36.4787" lon="-118.27272">
        <ele>3371.58</ele>
      </trkpt>
      <trkpt lat="36.47868" lon="-118.27252">
        <ele>3373.27</ele>
      </trkpt>
      <trkpt lat="36.4787" lon="-118.27199">
        <ele>3376.92</ele>
      </trkpt>
      <trkpt lat="36.4786" lon="-118.27204">
        <ele>3374.76</ele>
      </trkpt>
      <trkpt lat="36.47854" lon="-118.27224">
        <ele>3373.08</ele>
      </trkpt>
      <trkpt lat="36.4785" lon="-118.27228">
        <ele>3371.98</ele>
      </trkpt>
      <trkpt lat="36.4785" lon="-118.27228">
        <ele>3371.98</ele>
      </trkpt>
      <trkpt lat="36.47843" lon="-118.27229">
        <ele>3370.36</ele>
      </trkpt>
      <trkpt lat="36.47835" lon="-118.27213">
        <ele>3369.36</ele>
      </trkpt>
      <trkpt lat="36.47824" lon="-118.27203">
        <ele>3366.98</ele>
      </trkpt>
      <trkpt lat="36.47816" lon="-118.27197">
        <ele>3365.26</ele>
      </trkpt>
      <trkpt lat="36.47807" lon="-118.27197">
        <ele>3363.31</ele>
      </trkpt>
      <trkpt lat="36.47802" lon="-118.272">
        <ele>3362.23</ele>
      </trkpt>
      <trkpt lat="36.47792" lon="-118.27196">
        <ele>3360.07</ele>
      </trkpt>
      <trkpt lat="36.47785" lon="-118.27191">
        <ele>3358.64</ele>
      </trkpt>
      <trkpt lat="36.47778" lon="-118.27196">
        <ele>3357.05</ele>
      </trkpt>
      <trkpt lat="36.47767" lon="-118.27201">
        <ele>3355.08</ele>
      </trkpt>
      <trkpt lat="36.47748" lon="-118.27205">
        <ele>3352.78</ele>
      </trkpt>
      <trkpt lat="36.47705" lon="-118.27209">
        <ele>3348.51</ele>
      </trkpt>
      <trkpt lat="36.47686" lon="-118.27219">
        <ele>3348.26</ele>
      </trkpt>
      <trkpt lat="36.47676" lon="-118.2723">
        <ele>3347.99</ele>
      </trkpt>
      <trkpt lat="36.47649" lon="-118.27235">
        <ele>3349.53</ele>
      </trkpt>
      <trkpt lat="36.47639" lon="-118.27241">
        <ele>3349.99</ele>
      </trkpt>
      <trkpt lat="36.47626" lon="-118.27244">
        <ele>3351.65</ele>
      </trkpt>
      <trkpt lat="36.47617" lon="-118.27244">
        <ele>3353.01</ele>
      </trkpt>
      <trkpt lat="36.47611" lon="-118.27237">
        <ele>3354.0</ele>
      </trkpt>
      <trkpt lat="36.47601" lon="-118.2723">
        <ele>3355.25</ele>
      </trkpt>
      <trkpt lat="36.47575" lon="-118.27233">
        <ele>3357.74</ele>
      </trkpt>
      <trkpt lat="36.47559" lon="-118.27241">
        <ele>3358.6</ele>
      </trkpt>
      <trkpt lat="36.47553" lon="-118.27246">
        <ele>3358.71</ele>
      </trkpt>
      <trkpt lat="36.4752" lon="-118.27242">
        <ele>3360.86</ele>
      </trkpt>
      <trkpt lat="36.47481" lon="-118.27244">
        <ele>3359.6</ele>
      </trkpt>
      <trkpt lat="36.47443" lon="-118.2724">
        <ele>3354.91</ele>
      </trkpt>
      <trkpt lat="36.4739" lon="-118.27244">
        <ele>3343.24</ele>
      </trkpt>
      <trkpt lat="36.47376" lon="-118.27248">
        <ele>3340.22</ele>
      </trkpt>
      <trkpt lat="36.47363" lon="-118.27253">
        <ele>3337.41</ele>
      </trkpt>
      <trkpt lat="36.4735" lon="-118.27254">
        <ele>3333.49</ele>
      </trkpt>
      <trkpt lat="36.47331" lon="-118.27244">
        <ele>3328.75</ele>
      </trkpt>
      <trkpt lat="36.4731" lon="-118.27238">
        <ele>3324.96</ele>
      </trkpt>
      <trkpt lat="36.47286" lon="-118.27223">
        <ele>3319.86</ele>
      </trkpt>
      <trkpt lat="36.47205" lon="-118.27188">
        <ele>3313.0</ele>
      </trkpt>
      <trkpt lat="36.47167" lon="-118.27182">
        <ele>3313.0</ele>
      </trkpt>
      <trkpt lat="36.47108" lon="-118.27169">
        <ele>3315.0</ele>
      </trkpt>
      <trkpt lat="36.47089" lon="-118.27163">
        <ele>3316.0</ele>
      </trkpt>
      <trkpt lat="36.47066" lon="-118.27156">
        <ele>3317.0</ele>
      </trkpt>
      <trkpt lat="36.47031" lon="-118.27154">
        <ele>3319.65</ele>
      </trkpt>
      <trkpt lat="36.47004" lon="-118.27153">
        <ele>3323.61</ele>
      </trkpt>
      <trkpt lat="36.46993" lon="-118.27156">
        <ele>3325.55</ele>
      </trkpt>
      <trkpt lat="36.46968" lon="-118.27164">
        <ele>3327.74</ele>
      </trkpt>
      <trkpt lat="36.46951" lon="-118.27169">
        <ele>3329.22</ele>
      </trkpt>
      <trkpt lat="36.46922" lon="-118.27189">
        <ele>3330.01</ele>
      </trkpt>
      <trkpt lat="36.46901" lon="-118.272">
        <ele>3331.37</ele>
      </trkpt>
      <trkpt lat="36.46892" lon="-118.2721">
        <ele>3330.98</ele>
      </trkpt>
      <trkpt lat="36.46883" lon="-118.27215">
        <ele>3331.2</ele>
      </trkpt>
      <trkpt lat="36.46867" lon="-118.27241">
        <ele>3326.92</ele>
      </trkpt>
      <trkpt lat="36.46854" lon="-118.27258">
        <ele>3320.51</ele>
      </trkpt>
      <trkpt lat="36.46843" lon="-118.27268">
        <ele>3317.17</ele>
      </trkpt>
      <trkpt lat="36.46836" lon="-118.2728">
        <ele>3315.12</ele>
      </trkpt>
      <trkpt lat="36.4683" lon="-118.27287">
        <ele>3312.93</ele>
      </trkpt>
      <trkpt lat="36.4682" lon="-118.2729">
        <ele>3309.6</ele>
      </trkpt>
      <trkpt lat="36.46795" lon="-118.27286">
        <ele>3308.07</ele>
      </trkpt>
      <trkpt lat="36.46787" lon="-118.27281">
        <ele>3308.61</ele>
      </trkpt>
      <trkpt lat="36.46778" lon="-118.27282">
        <ele>3308.18</ele>
      </trkpt>
      <trkpt lat="36.46739" lon="-118.27292">
        <ele>3307.93</ele>
      </trkpt>
      <trkpt lat="36.46732" lon="-118.27298">
        <ele>3306.45</ele>
      </trkpt>
      <trkpt lat="36.4669" lon="-118.27305">
        <ele>3302.13</ele>
      </trkpt>
      <trkpt lat="36.46705" lon="-118.27323">
        <ele>3299.47</ele>
      </trkpt>
      <trkpt lat="36.46722" lon="-118.27336">
        <ele>3297.42</ele>
      </trkpt>
      <trkpt lat="36.46736" lon="-118.2733">
        <ele>3297.41</ele>
      </trkpt>
      <trkpt lat="36.46769" lon="-118.27328">
        <ele>3294.75</ele>
      </trkpt>
      <trkpt lat="36.46783" lon="-118.27337">
        <ele>3293.04</ele>
      </trkpt>
      <trkpt lat="36.4677" lon="-118.27366">
        <ele>3284.84</ele>
      </trkpt>
      <trkpt lat="36.46763" lon="-118.27391">
        <ele>3283.25</ele>
      </trkpt>
      <trkpt lat="36.46755" lon="-118.2741">
        <ele>3282.44</ele>
      </trkpt>
      <trkpt lat="36.46742" lon="-118.27432">
        <ele>3280.06</ele>
      </trkpt>
      <trkpt lat="36.46739" lon="-118.27409">
        <ele>3277.61</ele>
      </trkpt>
      <trkpt lat="36.46717" lon="-118.2745">
        <ele>3271.91</ele>
      </trkpt>
      <trkpt lat="36.4671" lon="-118.27469">
        <ele>3270.8</ele>
      </trkpt>
      <trkpt lat="36.46703" lon="-118.27497">
        <ele>3270.82</ele>
      </trkpt>
      <trkpt lat="36.4669" lon="-118.27534">
        <ele>3269.9</ele>
      </trkpt>
      <trkpt lat="36.46683" lon="-118.27532">
        <ele>3267.33</ele>
      </trkpt>
      <trkpt lat="36.46685" lon="-118.27504">
        <ele>3265.95</ele>
      </trkpt>
      <trkpt lat="36.46682" lon="-118.27493">
        <ele>3264.97</ele>
      </trkpt>
      <trkpt lat="36.46682" lon="-118.27482">
        <ele>3264.02</ele>
      </trkpt>
      <trkpt lat="36.46686" lon="-118.27454">
        <ele>3264.18</ele>
      </trkpt>
      <trkpt lat="36.46681" lon="-118.27445">
        <ele>3264.46</ele>
      </trkpt>
      <trkpt lat="36.46673" lon="-118.27475">
        <ele>3260.83</ele>
      </trkpt>
      <trkpt lat="36.46661" lon="-118.27505">
        <ele>3259.16</ele>
      </trkpt>
      <trkpt lat="36.46656" lon="-118.27499">
        <ele>3257.68</ele>
      </trkpt>
      <trkpt lat="36.46646" lon="-118.2752">
        <ele>3255.54</ele>
      </trkpt>
      <trkpt lat="36.46636" lon="-118.27531">
        <ele>3253.72</ele>
      </trkpt>
      <trkpt lat="36.46627" lon="-118.27546">
        <ele>3252.15</ele>
      </trkpt>
      <trkpt lat="36.46606" lon="-118.27561">
        <ele>3247.16</ele>
      </trkpt>
      <trkpt lat="36.46593" lon="-118.27575">
        <ele>3245.33</ele>
      </trkpt>
      <trkpt lat="36.46589" lon="-118.27589">
        <ele>3247.45</ele>
      </trkpt>
      <trkpt lat="36.46578" lon="-118.27601">
        <ele>3247.66</ele>
      </trkpt>
      <trkpt lat="36.46564" lon="-118.27609">
        <ele>3245.66</ele>
      </trkpt>
      <trkpt lat="36.46551" lon="-118.27609">
        <ele>3243.67</ele>
      </trkpt>
      <trkpt lat="36.4654" lon="-118.27623">
        <ele>3243.6</ele>
      </trkpt>
      <trkpt lat="36.46533" lon="-118.27623">
        <ele>3242.41</ele>
      </trkpt>
      <trkpt lat="36.46531" lon="-118.27638">
        <ele>3242.7</ele>
      </trkpt>
      <trkpt lat="36.46515" lon="-118.27661">
        <ele>3240.62</ele>
      </trkpt>
      <trkpt lat="36.46511" lon="-118.27678">
        <ele>3239.56</ele>
      </trkpt>
      <trkpt lat="36.46508" lon="-118.27676">
        <ele>3238.87</ele>
      </trkpt>
      <trkpt lat="36.46505" lon="-118.27682">
        <ele>3238.89</ele>
      </trkpt>
      <trkpt lat="36.46498" lon="-118.27681">
        <ele>3237.67</ele>
      </trkpt>
      <trkpt lat="36.46497" lon="-118.27688">
        <ele>3237.25</ele>
      </trkpt>
      <trkpt lat="36.46492" lon="-118.27693">
        <ele>3235.54</ele>
      </trkpt>
      <trkpt lat="36.46472" lon="-118.27707">
        <ele>3232.64</ele>
      </trkpt>
      <trkpt lat="36.46467" lon="-118.27706">
        <ele>3232.75</ele>
      </trkpt>
      <trkpt lat="36.46465" lon="-118.27712">
        <ele>3232.1</ele>
      </trkpt>
      <trkpt lat="36.46452" lon="-118.27718">
        <ele>3233.18</ele>
      </trkpt>
      <trkpt lat="36.46449" lon="-118.27723">
        <ele>3232.42</ele>
      </trkpt>
      <trkpt lat="36.46453" lon="-118.27738">
        <ele>3230.37</ele>
      </trkpt>
      <trkpt lat="36.4646" lon="-118.27747">
        <ele>3230.68</ele>
      </trkpt>
      <trkpt lat="36.46444" lon="-118.2776">
        <ele>3230.0</ele>
      </trkpt>
      <trkpt lat="36.46427" lon="-118.27777">
        <ele>3228.19</ele>
      </trkpt>
      <trkpt lat="36.46398" lon="-118.27787">
        <ele>3226.0</ele>
      </trkpt>
      <trkpt lat="36.46386" lon="-118.27788">
        <ele>3225.79</ele>
      </trkpt>
      <trkpt lat="36.4638" lon="-118.2779">
        <ele>3225.36</ele>
      </trkpt>
      <trkpt lat="36.46375" lon="-118.27793">
        <ele>3224.39</ele>
      </trkpt>
      <trkpt lat="36.4637" lon="-118.27793">
        <ele>3224.07</ele>
      </trkpt>
      <trkpt lat="36.46371" lon="-118.27799">
        <ele>3222.48</ele>
      </trkpt>
      <trkpt lat="36.4636" lon="-118.27797">
        <ele>3222.84</ele>
      </trkpt>
      <trkpt lat="36.46343" lon="-118.27809">
        <ele>3219.63</ele>
      </trkpt>
      <trkpt lat="36.46326" lon="-118.27808">
        <ele>3219.74</ele>
      </trkpt>
      <trkpt lat="36.46318" lon="-118.27817">
        <ele>3218.76</ele>
      </trkpt>
      <trkpt lat="36.46311" lon="-118.2781">
        <ele>3219.11</ele>
      </trkpt>
      <trkpt lat="36.46308" lon="-118.27816">
        <ele>3218.23</ele>
      </trkpt>
      <trkpt lat="36.46289" lon="-118.27823">
        <ele>3217.3</ele>
      </trkpt>
      <trkpt lat="36.46278" lon="-118.27834">
        <ele>3215.95</ele>
      </trkpt>
      <trkpt lat="36.46269" lon="-118.27834">
        <ele>3215.05</ele>
      </trkpt>
      <trkpt lat="36.46242" lon="-118.27847">
        <ele>3211.66</ele>
      </trkpt>
      <trkpt lat="36.46239" lon="-118.27855">
        <ele>3210.6</ele>
      </trkpt>
      <trkpt lat="36.46238" lon="-118.27856">
        <ele>3210.42</ele>
      </trkpt>
      <trkpt lat="36.46238" lon="-118.27856">
        <ele>3210.42</ele>
      </trkpt>
      <trkpt lat="36.4623" lon="-118.27862">
        <ele>3209.05</ele>
      </trkpt>
      <trkpt lat="36.46216" lon="-118.27866">
        <ele>3208.94</ele>
      </trkpt>
      <trkpt lat="36.46206" lon="-118.27881">
        <ele>3206.25</ele>
      </trkpt>
      <trkpt lat="36.462" lon="-118.27883">
        <ele>3205.45</ele>
      </trkpt>
      <trkpt lat="36.462" lon="-118.27892">
        <ele>3205.0</ele>
      </trkpt>
      <trkpt lat="36.46185" lon="-118.27901">
        <ele>3200.65</ele>
      </trkpt>
      <trkpt lat="36.46179" lon="-118.27914">
        <ele>3197.76</ele>
      </trkpt>
      <trkpt lat="36.46157" lon="-118.2793">
        <ele>3195.37</ele>
      </trkpt>
      <trkpt lat="36.46148" lon="-118.27947">
        <ele>3196.21</ele>
      </trkpt>
      <trkpt lat="36.4613" lon="-118.27961">
        <ele>3189.74</ele>
      </trkpt>
      <trkpt lat="36.46116" lon="-118.27965">
        <ele>3185.02</ele>
      </trkpt>
      <trkpt lat="36.46116" lon="-118.27958">
        <ele>3183.76</ele>
      </trkpt>
      <trkpt lat="36.46125" lon="-118.27945">
        <ele>3185.06</ele>
      </trkpt>
      <trkpt lat="36.4611" lon="-118.27955">
        <ele>3181.99</ele>
      </trkpt>
      <trkpt lat="36.46119" lon="-118.27928">
        <ele>3188.1</ele>
      </trkpt>
      <trkpt lat="36.46109" lon="-118.27936">
        <ele>3184.94</ele>
      </trkpt>
      <trkpt lat="36.46108" lon="-118.2795">
        <ele>3181.8</ele>
      </trkpt>
      <trkpt lat="36.46097" lon="-118.27969">
        <ele>3178.56</ele>
      </trkpt>
      <trkpt lat="36.46093" lon="-118.27971">
        <ele>3177.04</ele>
      </trkpt>
      <trkpt lat="36.46091" lon="-118.27977">
        <ele>3177.08</ele>
      </trkpt>
      <trkpt lat="36.46088" lon="-118.27979">
        <ele>3175.62</ele>
      </trkpt>
      <trkpt lat="36.46083" lon="-118.2798">
        <ele>3172.74</ele>
      </trkpt>
      <trkpt lat="36.46084" lon="-118.27965">
        <ele>3173.03</ele>
      </trkpt>
      <trkpt lat="36.4609" lon="-118.27958">
        <ele>3177.07</ele>
      </trkpt>
      <trkpt lat="36.46088" lon="-118.27949">
        <ele>3180.79</ele>
      </trkpt>
      <trkpt lat="36.46083" lon="-118.27952">
        <ele>3178.88</ele>
      </trkpt>
      <trkpt lat="36.46083" lon="-118.2796">
        <ele>3174.59</ele>
      </trkpt>
      <trkpt lat="36.46072" lon="-118.27981">
        <ele>3169.36</ele>
      </trkpt>
      <trkpt lat="36.46068" lon="-118.27979">
        <ele>3168.56</ele>
      </trkpt>
      <trkpt lat="36.46065" lon="-118.27964">
        <ele>3172.66</ele>
      </trkpt>
      <trkpt lat="36.4606" lon="-118.27958">
        <ele>3175.14</ele>
      </trkpt>
      <trkpt lat="36.46049" lon="-118.27957">
        <ele>3175.58</ele>
      </trkpt>
      <trkpt lat="36.46039" lon="-118.27962">
        <ele>3173.33</ele>
      </trkpt>
      <trkpt lat="36.4601" lon="-118.27961">
        <ele>3174.77</ele>
      </trkpt>
      <trkpt lat="36.46006" lon="-118.27958">
        <ele>3176.14</ele>
      </trkpt>
      <trkpt lat="36.46005" lon="-118.27963">
        <ele>3173.98</ele>
      </trkpt>
      <trkpt lat="36.46018" lon="-118.27964">
        <ele>3172.71</ele>
      </trkpt>
      <trkpt lat="36.46035" lon="-118.27974">
        <ele>3168.47</ele>
      </trkpt>
      <trkpt lat="36.46038" lon="-118.2798">
        <ele>3166.48</ele>
      </trkpt>
      <trkpt lat="36.46036" lon="-118.27985">
        <ele>3164.97</ele>
      </trkpt>
      <trkpt lat="36.46024" lon="-118.27986">
        <ele>3165.54</ele>
      </trkpt>
      <trkpt lat="36.46013" lon="-118.27982">
        <ele>3166.83</ele>
      </trkpt>
      <trkpt lat="36.45997" lon="-118.27987">
        <ele>3165.94</ele>
      </trkpt>
      <trkpt lat="36.45961" lon="-118.28013">
        <ele>3161.09</ele>
      </trkpt>
      <trkpt lat="36.45929" lon="-118.28046">
        <ele>3157.73</ele>
      </trkpt>
      <trkpt lat="36.45939" lon="-118.28057">
        <ele>3153.77</ele>
      </trkpt>
      <trkpt lat="36.45952" lon="-118.28057">
        <ele>3151.87</ele>
      </trkpt>
      <trkpt lat="36.45955" lon="-118.28061">
        <ele>3150.68</ele>
      </trkpt>
      <trkpt lat="36.45959" lon="-118.28081">
        <ele>3146.36</ele>
      </trkpt>
      <trkpt lat="36.45957" lon="-118.28089">
        <ele>3145.39</ele>
      </trkpt>
      <trkpt lat="36.45961" lon="-118.28099">
        <ele>3145.0</ele>
      </trkpt>
      <trkpt lat="36.4596" lon="-118.28108">
        <ele>3145.0</ele>
      </trkpt>
      <trkpt lat="36.45965" lon="-118.28121">
        <ele>3144.73</ele>
      </trkpt>
      <trkpt lat="36.4595" lon="-118.28161">
        <ele>3144.0</ele>
      </trkpt>
      <trkpt lat="36.45951" lon="-118.28168">
        <ele>3144.0</ele>
      </trkpt>
      <trkpt lat="36.45944" lon="-118.28168">
        <ele>3144.0</ele>
      </trkpt>
      <trkpt lat="36.45939" lon="-118.28187">
        <ele>3143.92</ele>
      </trkpt>
      <trkpt lat="36.45923" lon="-118.28199">
        <ele>3143.66</ele>
      </trkpt>
      <trkpt lat="36.45902" lon="-118.28199">
        <ele>3144.8</ele>
      </trkpt>
      <trkpt lat="36.4589" lon="-118.28212">
        <ele>3143.98</ele>
      </trkpt>
      <trkpt lat="36.45888" lon="-118.28222">
        <ele>3142.05</ele>
      </trkpt>
      <trkpt lat="36.45874" lon="-118.28225">
        <ele>3141.7</ele>
      </trkpt>
      <trkpt lat="36.45852" lon="-118.28237">
        <ele>3139.81</ele>
      </trkpt>
      <trkpt lat="36.45841" lon="-118.28249">
        <ele>3138.11</ele>
      </trkpt>
      <trkpt lat="36.45825" lon="-118.28253">
        <ele>3137.68</ele>
      </trkpt>
      <trkpt lat="36.45806" lon="-118.2825">
        <ele>3138.0</ele>
      </trkpt>
      <trkpt lat="36.45806" lon="-118.28254">
        <ele>3137.57</ele>
      </trkpt>
      <trkpt lat="36.45797" lon="-118.28248">
        <ele>3137.28</ele>
      </trkpt>
      <trkpt lat="36.45785" lon="-118.28252">
        <ele>3136.61</ele>
      </trkpt>
      <trkpt lat="36.45803" lon="-118.28271">
        <ele>3135.73</ele>
      </trkpt>
      <trkpt lat="36.45811" lon="-118.28285">
        <ele>3134.36</ele>
      </trkpt>
      <trkpt lat="36.45811" lon="-118.2829">
        <ele>3133.54</ele>
      </trkpt>
      <trkpt lat="36.45796" lon="-118.28278">
        <ele>3134.9</ele>
      </trkpt>
      <trkpt lat="36.45768" lon="-118.28281">
        <ele>3129.9</ele>
      </trkpt>
      <trkpt lat="36.45762" lon="-118.28277">
        <ele>3130.55</ele>
      </trkpt>
      <trkpt lat="36.45746" lon="-118.28299">
        <ele>3122.11</ele>
      </trkpt>
      <trkpt lat="36.45736" lon="-118.28301">
        <ele>3121.24</ele>
      </trkpt>
      <trkpt lat="36.4572" lon="-118.28301">
        <ele>3120.49</ele>
      </trkpt>
      <trkpt lat="36.45701" lon="-118.28296">
        <ele>3121.03</ele>
      </trkpt>
      <trkpt lat="36.45678" lon="-118.28284">
        <ele>3120.55</ele>
      </trkpt>
      <trkpt lat="36.45663" lon="-118.28268">
        <ele>3121.66</ele>
      </trkpt>
      <trkpt lat="36.45653" lon="-118.28259">
        <ele>3121.58</ele>
      </trkpt>
      <trkpt lat="36.45632" lon="-118.2825">
        <ele>3118.02</ele>
      </trkpt>
      <trkpt lat="36.45624" lon="-118.28243">
        <ele>3116.98</ele>
      </trkpt>
      <trkpt lat="36.45613" lon="-118.28237">
        <ele>3113.22</ele>
      </trkpt>
      <trkpt lat="36.45594" lon="-118.28228">
        <ele>3109.3</ele>
      </trkpt>
      <trkpt lat="36.45588" lon="-118.28216">
        <ele>3107.17</ele>
      </trkpt>
      <trkpt lat="36.45584" lon="-118.2822">
        <ele>3106.2</ele>
      </trkpt>
      <trkpt lat="36.45578" lon="-118.28217">
        <ele>3104.52</ele>
      </trkpt>
      <trkpt lat="36.45569" lon="-118.28197">
        <ele>3100.18</ele>
      </trkpt>
      <trkpt lat="36.45574" lon="-118.28194">
        <ele>3100.89</ele>
      </trkpt>
      <trkpt lat="36.45592" lon="-118.28168">
        <ele>3103.95</ele>
      </trkpt>
      <trkpt lat="36.45596" lon="-118.28159">
        <ele>3104.58</ele>
      </trkpt>
      <trkpt lat="36.45595" lon="-118.28156">
        <ele>3104.04</ele>
      </trkpt>
      <trkpt lat="36.45585" lon="-118.2816">
        <ele>3100.82</ele>
      </trkpt>
      <trkpt lat="36.45582" lon="-118.28165">
        <ele>3100.41</ele>
      </trkpt>
      <trkpt lat="36.45568" lon="-118.28169">
        <ele>3096.94</ele>
      </trkpt>
      <trkpt lat="36.45572" lon="-118.28145">
        <ele>3096.29</ele>
      </trkpt>
      <trkpt lat="36.45567" lon="-118.28149">
        <ele>3095.56</ele>
      </trkpt>
      <trkpt lat="36.4556" lon="-118.28146">
        <ele>3094.36</ele>
      </trkpt>
      <trkpt lat="36.45545" lon="-118.28158">
        <ele>3092.92</ele>
      </trkpt>
      <trkpt lat="36.45542" lon="-118.28153">
        <ele>3091.84</ele>
      </trkpt>
      <trkpt lat="36.45566" lon="-118.28116">
        <ele>3094.32</ele>
      </trkpt>
      <trkpt lat="36.45566" lon="-118.28099">
        <ele>3094.38</ele>
      </trkpt>
      <trkpt lat="36.45562" lon="-118.28089">
        <ele>3092.97</ele>
      </trkpt>
      <trkpt lat="36.45556" lon="-118.28095">
        <ele>3091.14</ele>
      </trkpt>
      <trkpt lat="36.45552" lon="-118.28092">
        <ele>3089.42</ele>
      </trkpt>
      <trkpt lat="36.45556" lon="-118.28086">
        <ele>3090.47</ele>
      </trkpt>
      <trkpt lat="36.45551" lon="-118.28072">
        <ele>3088.52</ele>
      </trkpt>
      <trkpt lat="36.45553" lon="-118.2806">
        <ele>3089.17</ele>
      </trkpt>
      <trkpt lat="36.45542" lon="-118.28054">
        <ele>3086.07</ele>
      </trkpt>
      <trkpt lat="36.45533" lon="-118.28027">
        <ele>3084.48</ele>
      </trkpt>
      <trkpt lat="36.45508" lon="-118.27982">
        <ele>3081.05</ele>
      </trkpt>
      <trkpt lat="36.45494" lon="-118.27957">
        <ele>3079.58</ele>
      </trkpt>
      <trkpt lat="36.45487" lon="-118.27947">
        <ele>3078.71</ele>
      </trkpt>
      <trkpt lat="36.45489" lon="-118.27934">
        <ele>3078.81</ele>
      </trkpt>
      <trkpt lat="36.45476" lon="-118.27922">
        <ele>3078.0</ele>
      </trkpt>
      <trkpt lat="36.45456" lon="-118.27889">
        <ele>3076.01</ele>
      </trkpt>
      <trkpt lat="36.45441" lon="-118.27874">
        <ele>3076.0</ele>
      </trkpt>
      <trkpt lat="36.45435" lon="-118.27877">
        <ele>3076.01</ele>
      </trkpt>
      <trkpt lat="36.45421" lon="-118.27852">
        <ele>3076.0</ele>
      </trkpt>
      <trkpt lat="36.45409" lon="-118.27846">
        <ele>3076.0</ele>
      </trkpt>
      <trkpt lat="36.45402" lon="-118.27834">
        <ele>3076.04</ele>
      </trkpt>
      <trkpt lat="36.45393" lon="-118.27803">
        <ele>3075.0</ele>
      </trkpt>
      <trkpt lat="36.45384" lon="-118.27793">
        <ele>3075.0</ele>
      </trkpt>
      <trkpt lat="36.4538" lon="-118.27789">
        <ele>3075.0</ele>
      </trkpt>
      <trkpt lat="36.45363" lon="-118.27786">
        <ele>3074.18</ele>
      </trkpt>
      <trkpt lat="36.45348" lon="-118.27754">
        <ele>3071.2</ele>
      </trkpt>
      <trkpt lat="36.45355" lon="-118.27728">
        <ele>3067.04</ele>
      </trkpt>
      <trkpt lat="36.45348" lon="-118.27728">
        <ele>3066.99</ele>
      </trkpt>
      <trkpt lat="36.45352" lon="-118.27717">
        <ele>3065.43</ele>
      </trkpt>
      <trkpt lat="36.45351" lon="-118.2771">
        <ele>3064.65</ele>
      </trkpt>
      <trkpt lat="36.45348" lon="-118.2771">
        <ele>3064.55</ele>
      </trkpt>
      <trkpt lat="36.45331" lon="-118.27725">
        <ele>3065.52</ele>
      </trkpt>
      <trkpt lat="36.45333" lon="-118.27735">
        <ele>3067.72</ele>
      </trkpt>
      <trkpt lat="36.45301" lon="-118.27718">
        <ele>3064.04</ele>
      </trkpt>
      <trkpt lat="36.45288" lon="-118.27682">
        <ele>3061.59</ele>
      </trkpt>
      <trkpt lat="36.4528" lon="-118.27679">
        <ele>3061.33</ele>
      </trkpt>
      <trkpt lat="36.45278" lon="-118.27662">
        <ele>3060.48</ele>
      </trkpt>
      <trkpt lat="36.45273" lon="-118.27657">
        <ele>3059.96</ele>
      </trkpt>
      <trkpt lat="36.45273" lon="-118.27638">
        <ele>3057.9</ele>
      </trkpt>
      <trkpt lat="36.45278" lon="-118.27629">
        <ele>3056.96</ele>
      </trkpt>
      <trkpt lat="36.45266" lon="-118.27628">
        <ele>3056.82</ele>
      </trkpt>
      <trkpt lat="36.45237" lon="-118.27592">
        <ele>3050.94</ele>
      </trkpt>
      <trkpt lat="36.45223" lon="-118.27581">
        <ele>3048.83</ele>
      </trkpt>
      <trkpt lat="36.45206" lon="-118.27574">
        <ele>3047.99</ele>
      </trkpt>
      <trkpt lat="36.45148" lon="-118.27561">
        <ele>3040.98</ele>
      </trkpt>
      <trkpt lat="36.45136" lon="-118.27563">
        <ele>3039.75</ele>
      </trkpt>
      <trkpt lat="36.45131" lon="-118.27557">
        <ele>3039.87</ele>
      </trkpt>
      <trkpt lat="36.45125" lon="-118.27556">
        <ele>3039.48</ele>
      </trkpt>
      <trkpt lat="36.45116" lon="-118.27559">
        <ele>3038.53</ele>
      </trkpt>
      <trkpt lat="36.45114" lon="-118.27564">
        <ele>3038.31</ele>
      </trkpt>
      <trkpt lat="36.45115" lon="-118.27584">
        <ele>3037.03</ele>
      </trkpt>
      <trkpt lat="36.4511" lon="-118.27591">
        <ele>3036.88</ele>
      </trkpt>
      <trkpt lat="36.45092" lon="-118.27584">
        <ele>3035.94</ele>
      </trkpt>
      <trkpt lat="36.45081" lon="-118.27576">
        <ele>3034.21</ele>
      </trkpt>
      <trkpt lat="36.45059" lon="-118.27569">
        <ele>3032.11</ele>
      </trkpt>
      <trkpt lat="36.45059" lon="-118.27564">
        <ele>3031.2</ele>
      </trkpt>
      <trkpt lat="36.45041" lon="-118.27558">
        <ele>3030.53</ele>
      </trkpt>
      <trkpt lat="36.45035" lon="-118.27552">
        <ele>3029.23</ele>
      </trkpt>
      <trkpt lat="36.45029" lon="-118.27552">
        <ele>3029.23</ele>
      </trkpt>
      <trkpt lat="36.45027" lon="-118.27548">
        <ele>3028.44</ele>
      </trkpt>
      <trkpt lat="36.45031" lon="-118.27542">
        <ele>3027.54</ele>
      </trkpt>
      <trkpt lat="36.45041" lon="-118.27538">
        <ele>3026.72</ele>
      </trkpt>
      <trkpt lat="36.45042" lon="-118.2753">
        <ele>3025.35</ele>
      </trkpt>
      <trkpt lat="36.45039" lon="-118.27517">
        <ele>3023.84</ele>
      </trkpt>
      <trkpt lat="36.45033" lon="-118.2751">
        <ele>3023.08</ele>
      </trkpt>
      <trkpt lat="36.45028" lon="-118.27501">
        <ele>3022.11</ele>
      </trkpt>
      <trkpt lat="36.45015" lon="-118.27483">
        <ele>3019.85</ele>
      </trkpt>
      <trkpt lat="36.45009" lon="-118.27479">
        <ele>3018.73</ele>
      </trkpt>
      <trkpt lat="36.44977" lon="-118.27436">
        <ele>3013.09</ele>
      </trkpt>
      <trkpt lat="36.44964" lon="-118.27419">
        <ele>3012.22</ele>
      </trkpt>
      <trkpt lat="36.4496" lon="-118.27416">
        <ele>3012.3</ele>
      </trkpt>
      <trkpt lat="36.44956" lon="-118.27398">
        <ele>3011.98</ele>
      </trkpt>
      <trkpt lat="36.44952" lon="-118.27362">
        <ele>3010.02</ele>
      </trkpt>
      <trkpt lat="36.44948" lon="-118.27349">
        <ele>3009.43</ele>
      </trkpt>
      <trkpt lat="36.44938" lon="-118.27339">
        <ele>3008.61</ele>
      </trkpt>
      <trkpt lat="36.44933" lon="-118.27333">
        <ele>3007.93</ele>
      </trkpt>
      <trkpt lat="36.44918" lon="-118.27321">
        <ele>3005.38</ele>
      </trkpt>
      <trkpt lat="36.44913" lon="-118.2731">
        <ele>3002.96</ele>
      </trkpt>
      <trkpt lat="36.44902" lon="-118.27296">
        <ele>3000.97</ele>
      </trkpt>
      <trkpt lat="36.44881" lon="-118.27286">
        <ele>3001.64</ele>
      </trkpt>
      <trkpt lat="36.44878" lon="-118.27281">
        <ele>3000.81</ele>
      </trkpt>
      <trkpt lat="36.44869" lon="-118.27272">
        <ele>3000.38</ele>
      </trkpt>
      <trkpt lat="36.44778" lon="-118.27159">
        <ele>2986.17</ele>
      </trkpt>
      <trkpt lat="36.44766" lon="-118.2714">
        <ele>2983.85</ele>
      </trkpt>
      <trkpt lat="36.44758" lon="-118.27136">
        <ele>2982.65</ele>
      </trkpt>
      <trkpt lat="36.44752" lon="-118.27136">
        <ele>2982.44</ele>
      </trkpt>
      <trkpt lat="36.44748" lon="-118.27132">
        <ele>2981.3</ele>
      </trkpt>
      <trkpt lat="36.44744" lon="-118.27119">
        <ele>2979.56</ele>
      </trkpt>
      <trkpt lat="36.44724" lon="-118.2711">
        <ele>2976.02</ele>
      </trkpt>
      <trkpt lat="36.44711" lon="-118.27102">
        <ele>2976.0</ele>
      </trkpt>
      <trkpt lat="36.44707" lon="-118.27095">
        <ele>2976.0</ele>
      </trkpt>
      <trkpt lat="36.44706" lon="-118.27078">
        <ele>2976.14</ele>
      </trkpt>
      <trkpt lat="36.44702" lon="-118.27074">
        <ele>2976.01</ele>
      </trkpt>
      <trkpt lat="36.44668" lon="-118.27053">
        <ele>2975.14</ele>
      </trkpt>
      <trkpt lat="36.44646" lon="-118.27037">
        <ele>2975.0</ele>
      </trkpt>
      <trkpt lat="36.44623" lon="-118.27015">
        <ele>2975.38</ele>
      </trkpt>
      <trkpt lat="36.44556" lon="-118.26979">
        <ele>2974.05</ele>
      </trkpt>
      <trkpt lat="36.44521" lon="-118.26942">
        <ele>2973.46</ele>
      </trkpt>
      <trkpt lat="36.44479" lon="-118.26908">
        <ele>2972.98</ele>
      </trkpt>
      <trkpt lat="36.44467" lon="-118.26903">
        <ele>2972.7</ele>
      </trkpt>
      <trkpt lat="36.44436" lon="-118.26872">
        <ele>2972.84</ele>
      </trkpt>
      <trkpt lat="36.44419" lon="-118.26859">
        <ele>2972.42</ele>
      </trkpt>
      <trkpt lat="36.44411" lon="-118.26849">
        <ele>2972.58</ele>
      </trkpt>
      <trkpt lat="36.4441" lon="-118.26844">
        <ele>2972.89</ele>
      </trkpt>
      <trkpt lat="36.4441" lon="-118.26839">
        <ele>2973.0</ele>
      </trkpt>
      <trkpt lat="36.4439" lon="-118.26794">
        <ele>2975.03</ele>
      </trkpt>
      <trkpt lat="36.44364" lon="-118.26771">
        <ele>2975.04</ele>
      </trkpt>
      <trkpt lat="36.44352" lon="-118.26764">
        <ele>2975.01</ele>
      </trkpt>
      <trkpt lat="36.44303" lon="-118.26719">
        <ele>2974.82</ele>
      </trkpt>
      <trkpt lat="36.44284" lon="-118.26697">
        <ele>2974.67</ele>
      </trkpt>
      <trkpt lat="36.44273" lon="-118.26679">
        <ele>2974.83</ele>
      </trkpt>
      <trkpt lat="36.4427" lon="-118.26665">
        <ele>2975.03</ele>
      </trkpt>
      <trkpt lat="36.44264" lon="-118.26652">
        <ele>2975.3</ele>
      </trkpt>
      <trkpt lat="36.44257" lon="-118.26642">
        <ele>2975.5</ele>
      </trkpt>
      <trkpt lat="36.4425" lon="-118.2663">
        <ele>2975.96</ele>
      </trkpt>
      <trkpt lat="36.44239" lon="-118.26602">
        <ele>2976.0</ele>
      </trkpt>
      <trkpt lat="36.44223" lon="-118.26576">
        <ele>2975.81</ele>
      </trkpt>
      <trkpt lat="36.44215" lon="-118.26552">
        <ele>2975.22</ele>
      </trkpt>
      <trkpt lat="36.44208" lon="-118.26522">
        <ele>2974.46</ele>
      </trkpt>
      <trkpt lat="36.44198" lon="-118.26493">
        <ele>2973.85</ele>
      </trkpt>
      <trkpt lat="36.44175" lon="-118.26451">
        <ele>2972.9</ele>
      </trkpt>
      <trkpt lat="36.44175" lon="-118.26447">
        <ele>2972.9</ele>
      </trkpt>
      <trkpt lat="36.44169" lon="-118.2644">
        <ele>2972.25</ele>
      </trkpt>
      <trkpt lat="36.44161" lon="-118.26427">
        <ele>2971.39</ele>
      </trkpt>
      <trkpt lat="36.44153" lon="-118.26409">
        <ele>2971.52</ele>
      </trkpt>
      <trkpt lat="36.44151" lon="-118.26401">
        <ele>2971.79</ele>
      </trkpt>
      <trkpt lat="36.44151" lon="-118.26378">
        <ele>2972.31</ele>
      </trkpt>
      <trkpt lat="36.44145" lon="-118.26362">
        <ele>2972.6</ele>
      </trkpt>
      <trkpt lat="36.44143" lon="-118.26349">
        <ele>2972.44</ele>
      </trkpt>
      <trkpt lat="36.44134" lon="-118.26328">
        <ele>2971.94</ele>
      </trkpt>
      <trkpt lat="36.44127" lon="-118.26291">
        <ele>2970.55</ele>
      </trkpt>
      <trkpt lat="36.44126" lon="-118.26275">
        <ele>2970.03</ele>
      </trkpt>
      <trkpt lat="36.44123" lon="-118.26271">
        <ele>2969.36</ele>
      </trkpt>
      <trkpt lat="36.44106" lon="-118.26257">
        <ele>2966.2</ele>
      </trkpt>
      <trkpt lat="36.441" lon="-118.26255">
        <ele>2965.34</ele>
      </trkpt>
      <trkpt lat="36.44081" lon="-118.2624">
        <ele>2964.0</ele>
      </trkpt>
      <trkpt lat="36.44076" lon="-118.2624">
        <ele>2964.0</ele>
      </trkpt>
      <trkpt lat="36.44042" lon="-118.26208">
        <ele>2963.0</ele>
      </trkpt>
      <trkpt lat="36.44008" lon="-118.26191">
        <ele>2963.0</ele>
      </trkpt>
      <trkpt lat="36.44003" lon="-118.26187">
        <ele>2963.0</ele>
      </trkpt>
      <trkpt lat="36.43969" lon="-118.26176">
        <ele>2963.0</ele>
      </trkpt>
      <trkpt lat="36.43961" lon="-118.26177">
        <ele>2963.21</ele>
      </trkpt>
      <trkpt lat="36.43931" lon="-118.26172">
        <ele>2964.0</ele>
      </trkpt>
      <trkpt lat="36.43907" lon="-118.26164">
        <ele>2964.0</ele>
      </trkpt>
      <trkpt lat="36.439" lon="-118.26131">
        <ele>2964.0</ele>
      </trkpt>
      <trkpt lat="36.43887" lon="-118.26117">
        <ele>2963.0</ele>
      </trkpt>
      <trkpt lat="36.43887" lon="-118.26106">
        <ele>2963.0</ele>
      </trkpt>
      <trkpt lat="36.43889" lon="-118.26089">
        <ele>2962.0</ele>
      </trkpt>
      <trkpt lat="36.43892" lon="-118.26076">
        <ele>2962.0</ele>
      </trkpt>
      <trkpt lat="36.4389" lon="-118.26056">
        <ele>2962.0</ele>
      </trkpt>
      <trkpt lat="36.4389" lon="-118.26044">
        <ele>2962.0</ele>
      </trkpt>
      <trkpt lat="36.43902" lon="-118.25954">
        <ele>2963.0</ele>
      </trkpt>
      <trkpt lat="36.43902" lon="-118.25954">
        <ele>2963.0</ele>
      </trkpt>
      <trkpt lat="36.43904" lon="-118.2593">
        <ele>2963.0</ele>
      </trkpt>
      <trkpt lat="36.4391" lon="-118.25909">
        <ele>2963.0</ele>
      </trkpt>
      <trkpt lat="36.43915" lon="-118.25868">
        <ele>2963.0</ele>
      </trkpt>
      <trkpt lat="36.43913" lon="-118.25821">
        <ele>2964.0</ele>
      </trkpt>
      <trkpt lat="36.43914" lon="-118.25794">
        <ele>2965.25</ele>
      </trkpt>
      <trkpt lat="36.43911" lon="-118.25786">
        <ele>2966.0</ele>
      </trkpt>
      <trkpt lat="36.43906" lon="-118.25748">
        <ele>2967.22</ele>
      </trkpt>
      <trkpt lat="36.43903" lon="-118.25694">
        <ele>2970.05</ele>
      </trkpt>
      <trkpt lat="36.43902" lon="-118.25651">
        <ele>2973.0</ele>
      </trkpt>
      <trkpt lat="36.43906" lon="-118.25611">
        <ele>2975.01</ele>
      </trkpt>
      <trkpt lat="36.43915" lon="-118.25572">
        <ele>2977.36</ele>
      </trkpt>
      <trkpt lat="36.43924" lon="-118.2555">
        <ele>2977.81</ele>
      </trkpt>
      <trkpt lat="36.4394" lon="-118.25527">
        <ele>2978.61</ele>
      </trkpt>
      <trkpt lat="36.43953" lon="-118.2551">
        <ele>2980.0</ele>
      </trkpt>
      <trkpt lat="36.43954" lon="-118.255">
        <ele>2981.97</ele>
      </trkpt>
      <trkpt lat="36.43953" lon="-118.25484">
        <ele>2983.06</ele>
      </trkpt>
      <trkpt lat="36.43948" lon="-118.25467">
        <ele>2984.83</ele>
      </trkpt>
      <trkpt lat="36.43951" lon="-118.25426">
        <ele>2986.29</ele>
      </trkpt>
      <trkpt lat="36.43951" lon="-118.25408">
        <ele>2987.94</ele>
      </trkpt>
      <trkpt lat="36.43952" lon="-118.25378">
        <ele>2990.33</ele>
      </trkpt>
      <trkpt lat="36.43959" lon="-118.2535">
        <ele>2992.74</ele>
      </trkpt>
      <trkpt lat="36.43959" lon="-118.25326">
        <ele>2995.79</ele>
      </trkpt>
      <trkpt lat="36.43967" lon="-118.25279">
        <ele>2999.87</ele>
      </trkpt>
      <trkpt lat="36.43966" lon="-118.25263">
        <ele>3001.4</ele>
      </trkpt>
      <trkpt lat="36.43965" lon="-118.25235">
        <ele>3003.62</ele>
      </trkpt>
      <trkpt lat="36.43967" lon="-118.25202">
        <ele>3007.18</ele>
      </trkpt>
      <trkpt lat="36.43965" lon="-118.25183">
        <ele>3009.24</ele>
      </trkpt>
      <trkpt lat="36.4396" lon="-118.25162">
        <ele>3011.5</ele>
      </trkpt>
      <trkpt lat="36.43953" lon="-118.25142">
        <ele>3013.74</ele>
      </trkpt>
      <trkpt lat="36.43952" lon="-118.25111">
        <ele>3017.0</ele>
      </trkpt>
      <trkpt lat="36.43955" lon="-118.25092">
        <ele>3018.06</ele>
      </trkpt>
      <trkpt lat="36.4396" lon="-118.25079">
        <ele>3019.32</ele>
      </trkpt>
      <trkpt lat="36.43962" lon="-118.25041">
        <ele>3020.32</ele>
      </trkpt>
      <trkpt lat="36.43977" lon="-118.25022">
        <ele>3020.52</ele>
      </trkpt>
      <trkpt lat="36.44006" lon="-118.24994">
        <ele>3017.7</ele>
      </trkpt>
      <trkpt lat="36.44043" lon="-118.24925">
        <ele>3011.0</ele>
      </trkpt>
      <trkpt lat="36.44095" lon="-118.24834">
        <ele>3008.31</ele>
      </trkpt>
      <trkpt lat="36.4413" lon="-118.24764">
        <ele>3007.53</ele>
      </trkpt>
      <trkpt lat="36.44144" lon="-118.24741">
        <ele>3007.0</ele>
      </trkpt>
      <trkpt lat="36.4416" lon="-118.24698">
        <ele>3006.11</ele>
      </trkpt>
      <trkpt lat="36.44164" lon="-118.24689">
        <ele>3006.0</ele>
      </trkpt>
      <trkpt lat="36.44173" lon="-118.24676">
        <ele>3006.01</ele>
      </trkpt>
      <trkpt lat="36.44182" lon="-118.24649">
        <ele>3006.0</ele>
      </trkpt>
      <trkpt lat="36.44182" lon="-118.24608">
        <ele>3007.0</ele>
      </trkpt>
      <trkpt lat="36.44199" lon="-118.24542">
        <ele>3008.0</ele>
      </trkpt>
      <trkpt lat="36.44217" lon="-118.2449">
        <ele>3010.0</ele>
      </trkpt>
      <trkpt lat="36.44218" lon="-118.24475">
        <ele>3010.7</ele>
      </trkpt>
      <trkpt lat="36.4422" lon="-118.24471">
        <ele>3011.0</ele>
      </trkpt>
      <trkpt lat="36.44231" lon="-118.24463">
        <ele>3011.0</ele>
      </trkpt>
      <trkpt lat="36.44248" lon="-118.24445">
        <ele>3011.94</ele>
      </trkpt>
      <trkpt lat="36.4425" lon="-118.24436">
        <ele>3012.0</ele>
      </trkpt>
      <trkpt lat="36.44254" lon="-118.24431">
        <ele>3012.0</ele>
      </trkpt>
      <trkpt lat="36.44261" lon="-118.24425">
        <ele>3012.1</ele>
      </trkpt>
      <trkpt lat="36.44265" lon="-118.24417">
        <ele>3012.96</ele>
      </trkpt>
      <trkpt lat="36.44268" lon="-118.24413">
        <ele>3013.0</ele>
      </trkpt>
      <trkpt lat="36.44287" lon="-118.24399">
        <ele>3013.0</ele>
      </trkpt>
      <trkpt lat="36.44306" lon="-118.24381">
        <ele>3013.0</ele>
      </trkpt>
      <trkpt lat="36.44322" lon="-118.24359">
        <ele>3013.05</ele>
      </trkpt>
      <trkpt lat="36.44346" lon="-118.24318">
        <ele>3013.41</ele>
      </trkpt>
      <trkpt lat="36.44364" lon="-118.2429">
        <ele>3013.0</ele>
      </trkpt>
      <trkpt lat="36.44373" lon="-118.24266">
        <ele>3013.99</ele>
      </trkpt>
      <trkpt lat="36.44388" lon="-118.24236">
        <ele>3015.56</ele>
      </trkpt>
      <trkpt lat="36.44397" lon="-118.24223">
        <ele>3016.04</ele>
      </trkpt>
      <trkpt lat="36.44433" lon="-118.24187">
        <ele>3017.04</ele>
      </trkpt>
      <trkpt lat="36.44448" lon="-118.24163">
        <ele>3018.4</ele>
      </trkpt>
      <trkpt lat="36.44463" lon="-118.24144">
        <ele>3019.0</ele>
      </trkpt>
      <trkpt lat="36.44481" lon="-118.24111">
        <ele>3020.06</ele>
      </trkpt>
      <trkpt lat="36.44493" lon="-118.2408">
        <ele>3022.12</ele>
      </trkpt>
      <trkpt lat="36.44498" lon="-118.24071">
        <ele>3022.48</ele>
      </trkpt>
      <trkpt lat="36.44515" lon="-118.24044">
        <ele>3023.53</ele>
      </trkpt>
      <trkpt lat="36.44519" lon="-118.24033">
        <ele>3024.38</ele>
      </trkpt>
      <trkpt lat="36.44528" lon="-118.24006">
        <ele>3026.33</ele>
      </trkpt>
      <trkpt lat="36.44535" lon="-118.23989">
        <ele>3027.41</ele>
      </trkpt>
      <trkpt lat="36.44544" lon="-118.23971">
        <ele>3028.38</ele>
      </trkpt>
      <trkpt lat="36.4455" lon="-118.23957">
        <ele>3028.84</ele>
      </trkpt>
      <trkpt lat="36.44556" lon="-118.23946">
        <ele>3029.58</ele>
      </trkpt>
      <trkpt lat="36.44568" lon="-118.23934">
        <ele>3029.87</ele>
      </trkpt>
      <trkpt lat="36.4461" lon="-118.23895">
        <ele>3032.34</ele>
      </trkpt>
      <trkpt lat="36.44624" lon="-118.23875">
        <ele>3033.3</ele>
      </trkpt>
      <trkpt lat="36.44628" lon="-118.23863">
        <ele>3033.83</ele>
      </trkpt>
      <trkpt lat="36.44627" lon="-118.23853">
        <ele>3034.88</ele>
      </trkpt>
      <trkpt lat="36.44624" lon="-118.23848">
        <ele>3035.0</ele>
      </trkpt>
      <trkpt lat="36.44619" lon="-118.23846">
        <ele>3035.09</ele>
      </trkpt>
      <trkpt lat="36.44604" lon="-118.23847">
        <ele>3035.89</ele>
      </trkpt>
      <trkpt lat="36.44589" lon="-118.23851">
        <ele>3036.44</ele>
      </trkpt>
      <trkpt lat="36.44576" lon="-118.23856">
        <ele>3037.34</ele>
      </trkpt>
      <trkpt lat="36.44576" lon="-118.23852">
        <ele>3037.78</ele>
      </trkpt>
      <trkpt lat="36.4458" lon="-118.23843">
        <ele>3037.7</ele>
      </trkpt>
      <trkpt lat="36.44605" lon="-118.238">
        <ele>3041.86</ele>
      </trkpt>
      <trkpt lat="36.44633" lon="-118.23746">
        <ele>3049.07</ele>
      </trkpt>
      <trkpt lat="36.44643" lon="-118.23731">
        <ele>3049.61</ele>
      </trkpt>
      <trkpt lat="36.44642" lon="-118.23727">
        <ele>3050.15</ele>
      </trkpt>
      <trkpt lat="36.44628" lon="-118.23728">
        <ele>3051.73</ele>
      </trkpt>
      <trkpt lat="36.44609" lon="-118.23731">
        <ele>3054.56</ele>
      </trkpt>
      <trkpt lat="36.44609" lon="-118.23727">
        <ele>3055.42</ele>
      </trkpt>
      <trkpt lat="36.44652" lon="-118.23646">
        <ele>3060.5</ele>
      </trkpt>
      <trkpt lat="36.44664" lon="-118.23614">
        <ele>3063.26</ele>
      </trkpt>
      <trkpt lat="36.4468" lon="-118.23585">
        <ele>3064.84</ele>
      </trkpt>
      <trkpt lat="36.4468" lon="-118.2358">
        <ele>3065.64</ele>
      </trkpt>
      <trkpt lat="36.44679" lon="-118.23577">
        <ele>3066.25</ele>
      </trkpt>
      <trkpt lat="36.44676" lon="-118.23576">
        <ele>3066.78</ele>
      </trkpt>
      <trkpt lat="36.44648" lon="-118.23599">
        <ele>3068.65</ele>
      </trkpt>
      <trkpt lat="36.4464" lon="-118.23603">
        <ele>3069.64</ele>
      </trkpt>
      <trkpt lat="36.44639" lon="-118.23598">
        <ele>3070.81</ele>
      </trkpt>
      <trkpt lat="36.44643" lon="-118.23589">
        <ele>3071.5</ele>
      </trkpt>
      <trkpt lat="36.44663" lon="-118.23538">
        <ele>3074.65</ele>
      </trkpt>
      <trkpt lat="36.44675" lon="-118.23512">
        <ele>3075.9</ele>
      </trkpt>
      <trkpt lat="36.44676" lon="-118.23502">
        <ele>3076.78</ele>
      </trkpt>
      <trkpt lat="36.44672" lon="-118.235">
        <ele>3077.85</ele>
      </trkpt>
      <trkpt lat="36.44649" lon="-118.23514">
        <ele>3080.3</ele>
      </trkpt>
      <trkpt lat="36.44629" lon="-118.23519">
        <ele>3085.03</ele>
      </trkpt>
      <trkpt lat="36.44628" lon="-118.23515">
        <ele>3085.73</ele>
      </trkpt>
      <trkpt lat="36.4463" lon="-118.2351">
        <ele>3085.84</ele>
      </trkpt>
      <trkpt lat="36.44638" lon="-118.235">
        <ele>3085.19</ele>
      </trkpt>
      <trkpt lat="36.44661" lon="-118.23444">
        <ele>3087.3</ele>
      </trkpt>
      <trkpt lat="36.447" lon="-118.23377">
        <ele>3095.4</ele>
      </trkpt>
      <trkpt lat="36.44716" lon="-118.23354">
        <ele>3098.77</ele>
      </trkpt>
      <trkpt lat="36.44721" lon="-118.23351">
        <ele>3099.1</ele>
      </trkpt>
      <trkpt lat="36.4472" lon="-118.23347">
        <ele>3099.65</ele>
      </trkpt>
      <trkpt lat="36.44711" lon="-118.23348">
        <ele>3099.83</ele>
      </trkpt>
      <trkpt lat="36.44695" lon="-118.23352">
        <ele>3099.91</ele>
      </trkpt>
      <trkpt lat="36.44683" lon="-118.23357">
        <ele>3099.68</ele>
      </trkpt>
      <trkpt lat="36.44677" lon="-118.23358">
        <ele>3100.22</ele>
      </trkpt>
      <trkpt lat="36.44676" lon="-118.23354">
        <ele>3100.76</ele>
      </trkpt>
      <trkpt lat="36.44691" lon="-118.23334">
        <ele>3103.23</ele>
      </trkpt>
      <trkpt lat="36.44701" lon="-118.23318">
        <ele>3105.41</ele>
      </trkpt>
      <trkpt lat="36.44714" lon="-118.23307">
        <ele>3106.59</ele>
      </trkpt>
      <trkpt lat="36.44712" lon="-118.23304">
        <ele>3107.19</ele>
      </trkpt>
      <trkpt lat="36.447" lon="-118.23303">
        <ele>3107.84</ele>
      </trkpt>
      <trkpt lat="36.44672" lon="-118.2331">
        <ele>3108.46</ele>
      </trkpt>
      <trkpt lat="36.44668" lon="-118.23306">
        <ele>3109.76</ele>
      </trkpt>
      <trkpt lat="36.44669" lon="-118.23299">
        <ele>3111.16</ele>
      </trkpt>
      <trkpt lat="36.44674" lon="-118.23292">
        <ele>3112.14</ele>
      </trkpt>
      <trkpt lat="36.44684" lon="-118.23282">
        <ele>3113.83</ele>
      </trkpt>
      <trkpt lat="36.44709" lon="-118.23252">
        <ele>3120.21</ele>
      </trkpt>
      <trkpt lat="36.44739" lon="-118.23201">
        <ele>3128.2</ele>
      </trkpt>
      <trkpt lat="36.44749" lon="-118.23187">
        <ele>3129.65</ele>
      </trkpt>
      <trkpt lat="36.44763" lon="-118.23185">
        <ele>3126.24</ele>
      </trkpt>
      <trkpt lat="36.44769" lon="-118.23186">
        <ele>3124.82</ele>
      </trkpt>
      <trkpt lat="36.4478" lon="-118.23193">
        <ele>3123.59</ele>
      </trkpt>
      <trkpt lat="36.44785" lon="-118.23199">
        <ele>3125.52</ele>
      </trkpt>
      <trkpt lat="36.44791" lon="-118.232">
        <ele>3128.54</ele>
      </trkpt>
      <trkpt lat="36.44792" lon="-118.23195">
        <ele>3129.62</ele>
      </trkpt>
      <trkpt lat="36.44792" lon="-118.23184">
        <ele>3130.87</ele>
      </trkpt>
      <trkpt lat="36.44788" lon="-118.23169">
        <ele>3131.16</ele>
      </trkpt>
      <trkpt lat="36.44787" lon="-118.23155">
        <ele>3131.99</ele>
      </trkpt>
      <trkpt lat="36.44792" lon="-118.23155">
        <ele>3133.75</ele>
      </trkpt>
      <trkpt lat="36.44806" lon="-118.23179">
        <ele>3136.84</ele>
      </trkpt>
      <trkpt lat="36.44811" lon="-118.23201">
        <ele>3135.76</ele>
      </trkpt>
      <trkpt lat="36.44821" lon="-118.23203">
        <ele>3136.82</ele>
      </trkpt>
      <trkpt lat="36.44821" lon="-118.23155">
        <ele>3145.0</ele>
      </trkpt>
      <trkpt lat="36.44818" lon="-118.23142">
        <ele>3144.03</ele>
      </trkpt>
      <trkpt lat="36.4482" lon="-118.23125">
        <ele>3144.68</ele>
      </trkpt>
      <trkpt lat="36.44825" lon="-118.23114">
        <ele>3146.2</ele>
      </trkpt>
      <trkpt lat="36.44825" lon="-118.23099">
        <ele>3146.23</ele>
      </trkpt>
      <trkpt lat="36.44822" lon="-118.23077">
        <ele>3147.92</ele>
      </trkpt>
      <trkpt lat="36.44817" lon="-118.23075">
        <ele>3147.27</ele>
      </trkpt>
      <trkpt lat="36.44812" lon="-118.23066">
        <ele>3147.53</ele>
      </trkpt>
      <trkpt lat="36.44813" lon="-118.23058">
        <ele>3149.28</ele>
      </trkpt>
      <trkpt lat="36.44819" lon="-118.23058">
        <ele>3150.5</ele>
      </trkpt>
      <trkpt lat="36.44824" lon="-118.23062">
        <ele>3151.28</ele>
      </trkpt>
      <trkpt lat="36.44829" lon="-118.23061">
        <ele>3152.7</ele>
      </trkpt>
      <trkpt lat="36.44832" lon="-118.23067">
        <ele>3152.44</ele>
      </trkpt>
      <trkpt lat="36.44837" lon="-118.23077">
        <ele>3152.68</ele>
      </trkpt>
      <trkpt lat="36.44848" lon="-118.23089">
        <ele>3154.53</ele>
      </trkpt>
      <trkpt lat="36.44857" lon="-118.23106">
        <ele>3154.97</ele>
      </trkpt>
      <trkpt lat="36.44861" lon="-118.23109">
        <ele>3155.43</ele>
      </trkpt>
      <trkpt lat="36.44863" lon="-118.231">
        <ele>3157.61</ele>
      </trkpt>
      <trkpt lat="36.44849" lon="-118.2304">
        <ele>3162.44</ele>
      </trkpt>
      <trkpt lat="36.44849" lon="-118.23015">
        <ele>3166.72</ele>
      </trkpt>
      <trkpt lat="36.44844" lon="-118.22996">
        <ele>3167.95</ele>
      </trkpt>
      <trkpt lat="36.44836" lon="-118.22971">
        <ele>3169.03</ele>
      </trkpt>
      <trkpt lat="36.44826" lon="-118.2295">
        <ele>3169.34</ele>
      </trkpt>
      <trkpt lat="36.44824" lon="-118.22944">
        <ele>3170.1</ele>
      </trkpt>
      <trkpt lat="36.44828" lon="-118.22943">
        <ele>3171.16</ele>
      </trkpt>
      <trkpt lat="36.44834" lon="-118.22946">
        <ele>3172.11</ele>
      </trkpt>
      <trkpt lat="36.44839" lon="-118.22946">
        <ele>3174.18</ele>
      </trkpt>
      <trkpt lat="36.44845" lon="-118.22949">
        <ele>3175.92</ele>
      </trkpt>
      <trkpt lat="36.44851" lon="-118.22962">
        <ele>3175.92</ele>
      </trkpt>
      <trkpt lat="36.44862" lon="-118.22975">
        <ele>3177.72</ele>
      </trkpt>
      <trkpt lat="36.44865" lon="-118.22978">
        <ele>3178.27</ele>
      </trkpt>
      <trkpt lat="36.44869" lon="-118.22968">
        <ele>3181.4</ele>
      </trkpt>
      <trkpt lat="36.44865" lon="-118.22959">
        <ele>3181.36</ele>
      </trkpt>
      <trkpt lat="36.4486" lon="-118.22943">
        <ele>3181.93</ele>
      </trkpt>
      <trkpt lat="36.44859" lon="-118.2292">
        <ele>3184.46</ele>
      </trkpt>
      <trkpt lat="36.44856" lon="-118.22901">
        <ele>3184.73</ele>
      </trkpt>
      <trkpt lat="36.44852" lon="-118.22887">
        <ele>3184.25</ele>
      </trkpt>
      <trkpt lat="36.44846" lon="-118.22874">
        <ele>3185.2</ele>
      </trkpt>
      <trkpt lat="36.44845" lon="-118.22855">
        <ele>3188.67</ele>
      </trkpt>
      <trkpt lat="36.44846" lon="-118.2285">
        <ele>3189.69</ele>
      </trkpt>
      <trkpt lat="36.44851" lon="-118.22855">
        <ele>3189.54</ele>
      </trkpt>
      <trkpt lat="36.44857" lon="-118.22865">
        <ele>3189.27</ele>
      </trkpt>
      <trkpt lat="36.44867" lon="-118.22875">
        <ele>3190.41</ele>
      </trkpt>
      <trkpt lat="36.44869" lon="-118.22873">
        <ele>3191.27</ele>
      </trkpt>
      <trkpt lat="36.44868" lon="-118.22859">
        <ele>3192.72</ele>
      </trkpt>
      <trkpt lat="36.44864" lon="-118.22849">
        <ele>3192.93</ele>
      </trkpt>
      <trkpt lat="36.44863" lon="-118.22841">
        <ele>3193.58</ele>
      </trkpt>
      <trkpt lat="36.44861" lon="-118.22832">
        <ele>3194.13</ele>
      </trkpt>
      <trkpt lat="36.44863" lon="-118.22829">
        <ele>3194.97</ele>
      </trkpt>
      <trkpt lat="36.44867" lon="-118.2283">
        <ele>3195.86</ele>
      </trkpt>
      <trkpt lat="36.4487" lon="-118.22835">
        <ele>3195.74</ele>
      </trkpt>
      <trkpt lat="36.4487" lon="-118.2284">
        <ele>3195.2</ele>
      </trkpt>
      <trkpt lat="36.44878" lon="-118.22864">
        <ele>3195.16</ele>
      </trkpt>
      <trkpt lat="36.44881" lon="-118.22866">
        <ele>3195.92</ele>
      </trkpt>
      <trkpt lat="36.44883" lon="-118.22863">
        <ele>3196.89</ele>
      </trkpt>
      <trkpt lat="36.44883" lon="-118.22855">
        <ele>3197.33</ele>
      </trkpt>
      <trkpt lat="36.44873" lon="-118.22783">
        <ele>3206.72</ele>
      </trkpt>
      <trkpt lat="36.44872" lon="-118.22749">
        <ele>3212.72</ele>
      </trkpt>
      <trkpt lat="36.44874" lon="-118.2275">
        <ele>3213.18</ele>
      </trkpt>
      <trkpt lat="36.44895" lon="-118.22792">
        <ele>3212.87</ele>
      </trkpt>
      <trkpt lat="36.44899" lon="-118.22795">
        <ele>3213.95</ele>
      </trkpt>
      <trkpt lat="36.44901" lon="-118.22791">
        <ele>3216.21</ele>
      </trkpt>
      <trkpt lat="36.4489" lon="-118.22753">
        <ele>3217.75</ele>
      </trkpt>
      <trkpt lat="36.44887" lon="-118.22705">
        <ele>3221.45</ele>
      </trkpt>
      <trkpt lat="36.44882" lon="-118.22674">
        <ele>3224.72</ele>
      </trkpt>
      <trkpt lat="36.44883" lon="-118.2267">
        <ele>3225.37</ele>
      </trkpt>
      <trkpt lat="36.44886" lon="-118.22671">
        <ele>3225.91</ele>
      </trkpt>
      <trkpt lat="36.44912" lon="-118.22738">
        <ele>3227.13</ele>
      </trkpt>
      <trkpt lat="36.44918" lon="-118.2275">
        <ele>3228.58</ele>
      </trkpt>
      <trkpt lat="36.44922" lon="-118.22752">
        <ele>3230.09</ele>
      </trkpt>
      <trkpt lat="36.4492" lon="-118.22735">
        <ele>3230.44</ele>
      </trkpt>
      <trkpt lat="36.4492" lon="-118.22724">
        <ele>3231.25</ele>
      </trkpt>
      <trkpt lat="36.44919" lon="-118.22704">
        <ele>3232.25</ele>
      </trkpt>
      <trkpt lat="36.44914" lon="-118.22666">
        <ele>3235.97</ele>
      </trkpt>
      <trkpt lat="36.44917" lon="-118.22666">
        <ele>3237.36</ele>
      </trkpt>
      <trkpt lat="36.44934" lon="-118.227">
        <ele>3241.68</ele>
      </trkpt>
      <trkpt lat="36.44951" lon="-118.22739">
        <ele>3245.07</ele>
      </trkpt>
      <trkpt lat="36.44952" lon="-118.22749">
        <ele>3244.37</ele>
      </trkpt>
      <trkpt lat="36.44955" lon="-118.22752">
        <ele>3245.02</ele>
      </trkpt>
      <trkpt lat="36.44958" lon="-118.22748">
        <ele>3246.71</ele>
      </trkpt>
      <trkpt lat="36.44957" lon="-118.22708">
        <ele>3250.96</ele>
      </trkpt>
      <trkpt lat="36.44958" lon="-118.22691">
        <ele>3253.23</ele>
      </trkpt>
      <trkpt lat="36.44957" lon="-118.2267">
        <ele>3255.06</ele>
      </trkpt>
      <trkpt lat="36.44948" lon="-118.2262">
        <ele>3257.0</ele>
      </trkpt>
      <trkpt lat="36.44948" lon="-118.22607">
        <ele>3260.08</ele>
      </trkpt>
      <trkpt lat="36.44963" lon="-118.22585">
        <ele>3269.02</ele>
      </trkpt>
      <trkpt lat="36.44964" lon="-118.22574">
        <ele>3270.45</ele>
      </trkpt>
      <trkpt lat="36.44962" lon="-118.22549">
        <ele>3272.0</ele>
      </trkpt>
      <trkpt lat="36.44959" lon="-118.22538">
        <ele>3273.08</ele>
      </trkpt>
      <trkpt lat="36.44958" lon="-118.22532">
        <ele>3274.24</ele>
      </trkpt>
      <trkpt lat="36.44956" lon="-118.22525">
        <ele>3275.72</ele>
      </trkpt>
      <trkpt lat="36.44949" lon="-118.22515">
        <ele>3277.0</ele>
      </trkpt>
      <trkpt lat="36.44941" lon="-118.22499">
        <ele>3279.32</ele>
      </trkpt>
      <trkpt lat="36.44942" lon="-118.22487">
        <ele>3281.61</ele>
      </trkpt>
      <trkpt lat="36.4494" lon="-118.22475">
        <ele>3280.89</ele>
      </trkpt>
      <trkpt lat="36.44941" lon="-118.2246">
        <ele>3282.48</ele>
      </trkpt>
      <trkpt lat="36.44946" lon="-118.22433">
        <ele>3288.3</ele>
      </trkpt>
      <trkpt lat="36.44947" lon="-118.22417">
        <ele>3290.06</ele>
      </trkpt>
      <trkpt lat="36.44944" lon="-118.2241">
        <ele>3291.19</ele>
      </trkpt>
      <trkpt lat="36.44942" lon="-118.22407">
        <ele>3292.44</ele>
      </trkpt>
      <trkpt lat="36.44928" lon="-118.22406">
        <ele>3294.27</ele>
      </trkpt>
      <trkpt lat="36.4492" lon="-118.22399">
        <ele>3295.5</ele>
      </trkpt>
      <trkpt lat="36.44916" lon="-118.22393">
        <ele>3296.52</ele>
      </trkpt>
      <trkpt lat="36.44912" lon="-118.22385">
        <ele>3298.25</ele>
      </trkpt>
      <trkpt lat="36.4491" lon="-118.22372">
        <ele>3302.03</ele>
      </trkpt>
      <trkpt lat="36.44908" lon="-118.22366">
        <ele>3303.07</ele>
      </trkpt>
      <trkpt lat="36.44902" lon="-118.22358">
        <ele>3303.12</ele>
      </trkpt>
      <trkpt lat="36.44894" lon="-118.22345">
        <ele>3304.58</ele>
      </trkpt>
      <trkpt lat="36.44895" lon="-118.22344">
        <ele>3305.02</ele>
      </trkpt>
      <trkpt lat="36.44911" lon="-118.22351">
        <ele>3307.35</ele>
      </trkpt>
      <trkpt lat="36.44912" lon="-118.22349">
        <ele>3308.1</ele>
      </trkpt>
      <trkpt lat="36.44905" lon="-118.22341">
        <ele>3307.95</ele>
      </trkpt>
      <trkpt lat="36.44884" lon="-118.22321">
        <ele>3308.94</ele>
      </trkpt>
      <trkpt lat="36.44883" lon="-118.22318">
        <ele>3309.7</ele>
      </trkpt>
      <trkpt lat="36.44884" lon="-118.22316">
        <ele>3310.56</ele>
      </trkpt>
      <trkpt lat="36.44895" lon="-118.2232">
        <ele>3311.35</ele>
      </trkpt>
      <trkpt lat="36.44896" lon="-118.22317">
        <ele>3312.24</ele>
      </trkpt>
      <trkpt lat="36.44889" lon="-118.22308">
        <ele>3313.49</ele>
      </trkpt>
      <trkpt lat="36.4488" lon="-118.22294">
        <ele>3315.58</ele>
      </trkpt>
      <trkpt lat="36.44874" lon="-118.22274">
        <ele>3318.6</ele>
      </trkpt>
      <trkpt lat="36.44866" lon="-118.22252">
        <ele>3321.62</ele>
      </trkpt>
      <trkpt lat="36.44868" lon="-118.22208">
        <ele>3328.14</ele>
      </trkpt>
      <trkpt lat="36.44866" lon="-118.22176">
        <ele>3330.52</ele>
      </trkpt>
      <trkpt lat="36.44872" lon="-118.22153">
        <ele>3332.92</ele>
      </trkpt>
      <trkpt lat="36.44878" lon="-118.22142">
        <ele>3334.65</ele>
      </trkpt>
      <trkpt lat="36.44887" lon="-118.22121">
        <ele>3336.58</ele>
      </trkpt>
      <trkpt lat="36.44896" lon="-118.22104">
        <ele>3337.89</ele>
      </trkpt>
      <trkpt lat="36.44933" lon="-118.22071">
        <ele>3343.76</ele>
      </trkpt>
      <trkpt lat="36.44953" lon="-118.22044">
        <ele>3344.92</ele>
      </trkpt>
      <trkpt lat="36.4496" lon="-118.22035">
        <ele>3345.0</ele>
      </trkpt>
      <trkpt lat="36.44966" lon="-118.22026">
        <ele>3345.33</ele>
      </trkpt>
      <trkpt lat="36.44975" lon="-118.22005">
        <ele>3346.0</ele>
      </trkpt>
      <trkpt lat="36.44976" lon="-118.21959">
        <ele>3348.66</ele>
      </trkpt>
      <trkpt lat="36.44992" lon="-118.2192">
        <ele>3351.64</ele>
      </trkpt>
      <trkpt lat="36.45023" lon="-118.21881">
        <ele>3355.34</ele>
      </trkpt>
      <trkpt lat="36.45035" lon="-118.21859">
        <ele>3359.06</ele>
      </trkpt>
      <trkpt lat="36.45043" lon="-118.21847">
        <ele>3361.05</ele>
      </trkpt>
      <trkpt lat="36.45103" lon="-118.2179">
        <ele>3365.68</ele>
      </trkpt>
      <trkpt lat="36.45109" lon="-118.21785">
        <ele>3366.44</ele>
      </trkpt>
      <trkpt lat="36.45124" lon="-118.21775">
        <ele>3368.99</ele>
      </trkpt>
      <trkpt lat="36.45132" lon="-118.21767">
        <ele>3371.33</ele>
      </trkpt>
      <trkpt lat="36.45154" lon="-118.21749">
        <ele>3374.52</ele>
      </trkpt>
      <trkpt lat="36.45161" lon="-118.21733">
        <ele>3376.28</ele>
      </trkpt>
      <trkpt lat="36.45165" lon="-118.2173">
        <ele>3376.37</ele>
      </trkpt>
      <trkpt lat="36.45171" lon="-118.21731">
        <ele>3375.58</ele>
      </trkpt>
      <trkpt lat="36.45176" lon="-118.21728">
        <ele>3375.37</ele>
      </trkpt>
      <trkpt lat="36.4519" lon="-118.21707">
        <ele>3376.64</ele>
      </trkpt>
      <trkpt lat="36.45195" lon="-118.21702">
        <ele>3377.23</ele>
      </trkpt>
      <trkpt lat="36.45208" lon="-118.21684">
        <ele>3379.59</ele>
      </trkpt>
      <trkpt lat="36.45233" lon="-118.21652">
        <ele>3383.58</ele>
      </trkpt>
      <trkpt lat="36.45254" lon="-118.21636">
        <ele>3385.31</ele>
      </trkpt>
      <trkpt lat="36.45262" lon="-118.21632">
        <ele>3385.74</ele>
      </trkpt>
      <trkpt lat="36.45274" lon="-118.21628">
        <ele>3386.18</ele>
      </trkpt>
      <trkpt lat="36.45277" lon="-118.21625">
        <ele>3386.5</ele>
      </trkpt>
      <trkpt lat="36.45285" lon="-118.21614">
        <ele>3387.93</ele>
      </trkpt>
      <trkpt lat="36.45321" lon="-118.21572">
        <ele>3393.15</ele>
      </trkpt>
      <trkpt lat="36.45326" lon="-118.21569">
        <ele>3393.64</ele>
      </trkpt>
      <trkpt lat="36.4533" lon="-118.21564">
        <ele>3394.06</ele>
      </trkpt>
      <trkpt lat="36.45344" lon="-118.21554">
        <ele>3396.01</ele>
      </trkpt>
      <trkpt lat="36.45373" lon="-118.21542">
        <ele>3402.44</ele>
      </trkpt>
      <trkpt lat="36.45382" lon="-118.21534">
        <ele>3401.69</ele>
      </trkpt>
      <trkpt lat="36.45389" lon="-118.21527">
        <ele>3398.58</ele>
      </trkpt>
      <trkpt lat="36.45402" lon="-118.21524">
        <ele>3396.55</ele>
      </trkpt>
      <trkpt lat="36.45413" lon="-118.21518">
        <ele>3392.63</ele>
      </trkpt>
      <trkpt lat="36.45442" lon="-118.2151">
        <ele>3390.16</ele>
      </trkpt>
      <trkpt lat="36.45452" lon="-118.21504">
        <ele>3388.79</ele>
      </trkpt>
      <trkpt lat="36.45457" lon="-118.215">
        <ele>3388.07</ele>
      </trkpt>
      <trkpt lat="36.45464" lon="-118.21497">
        <ele>3388.83</ele>
      </trkpt>
      <trkpt lat="36.45463" lon="-118.21492">
        <ele>3385.7</ele>
      </trkpt>
      <trkpt lat="36.45456" lon="-118.21492">
        <ele>3383.42</ele>
      </trkpt>
      <trkpt lat="36.45448" lon="-118.21493">
        <ele>3381.99</ele>
      </trkpt>
      <trkpt lat="36.45436" lon="-118.21492">
        <ele>3378.86</ele>
      </trkpt>
      <trkpt lat="36.45427" lon="-118.21493">
        <ele>3377.45</ele>
      </trkpt>
      <trkpt lat="36.45425" lon="-118.21488">
        <ele>3374.72</ele>
      </trkpt>
      <trkpt lat="36.45428" lon="-118.21485">
        <ele>3373.83</ele>
      </trkpt>
      <trkpt lat="36.45446" lon="-118.21475">
        <ele>3372.7</ele>
      </trkpt>
      <trkpt lat="36.45468" lon="-118.21453">
        <ele>3370.37</ele>
      </trkpt>
      <trkpt lat="36.45477" lon="-118.21435">
        <ele>3366.98</ele>
      </trkpt>
      <trkpt lat="36.45514" lon="-118.21381">
        <ele>3357.71</ele>
      </trkpt>
      <trkpt lat="36.45531" lon="-118.21361">
        <ele>3355.01</ele>
      </trkpt>
      <trkpt lat="36.45562" lon="-118.21319">
        <ele>3348.9</ele>
      </trkpt>
      <trkpt lat="36.45581" lon="-118.21287">
        <ele>3344.99</ele>
      </trkpt>
      <trkpt lat="36.45589" lon="-118.21272">
        <ele>3344.83</ele>
      </trkpt>
      <trkpt lat="36.45594" lon="-118.21258">
        <ele>3343.18</ele>
      </trkpt>
      <trkpt lat="36.45591" lon="-118.21253">
        <ele>3341.13</ele>
      </trkpt>
      <trkpt lat="36.45587" lon="-118.21255">
        <ele>3340.27</ele>
      </trkpt>
      <trkpt lat="36.45573" lon="-118.2127">
        <ele>3338.86</ele>
      </trkpt>
      <trkpt lat="36.45556" lon="-118.21284">
        <ele>3334.54</ele>
      </trkpt>
      <trkpt lat="36.45542" lon="-118.21292">
        <ele>3332.46</ele>
      </trkpt>
      <trkpt lat="36.45527" lon="-118.21295">
        <ele>3330.27</ele>
      </trkpt>
      <trkpt lat="36.45512" lon="-118.21304">
        <ele>3330.33</ele>
      </trkpt>
      <trkpt lat="36.45492" lon="-118.21313">
        <ele>3329.49</ele>
      </trkpt>
      <trkpt lat="36.45483" lon="-118.21322">
        <ele>3329.82</ele>
      </trkpt>
      <trkpt lat="36.45475" lon="-118.21325">
        <ele>3328.9</ele>
      </trkpt>
      <trkpt lat="36.45431" lon="-118.21334">
        <ele>3321.28</ele>
      </trkpt>
      <trkpt lat="36.4542" lon="-118.2134">
        <ele>3319.98</ele>
      </trkpt>
      <trkpt lat="36.45417" lon="-118.2134">
        <ele>3319.24</ele>
      </trkpt>
      <trkpt lat="36.45417" lon="-118.21335">
        <ele>3317.64</ele>
      </trkpt>
      <trkpt lat="36.45422" lon="-118.21325">
        <ele>3316.41</ele>
      </trkpt>
      <trkpt lat="36.45436" lon="-118.21309">
        <ele>3315.29</ele>
      </trkpt>
      <trkpt lat="36.45454" lon="-118.21297">
        <ele>3315.29</ele>
      </trkpt>
      <trkpt lat="36.45453" lon="-118.21294">
        <ele>3313.86</ele>
      </trkpt>
      <trkpt lat="36.45442" lon="-118.21291">
        <ele>3310.49</ele>
      </trkpt>
      <trkpt lat="36.45433" lon="-118.21292">
        <ele>3309.6</ele>
      </trkpt>
      <trkpt lat="36.45426" lon="-118.21298">
        <ele>3309.57</ele>
      </trkpt>
      <trkpt lat="36.45412" lon="-118.21304">
        <ele>3306.98</ele>
      </trkpt>
      <trkpt lat="36.4541" lon="-118.213">
        <ele>3305.04</ele>
      </trkpt>
      <trkpt lat="36.45411" lon="-118.21294">
        <ele>3303.52</ele>
      </trkpt>
      <trkpt lat="36.45418" lon="-118.21289">
        <ele>3304.86</ele>
      </trkpt>
      <trkpt lat="36.45426" lon="-118.21273">
        <ele>3301.96</ele>
      </trkpt>
      <trkpt lat="36.45446" lon="-118.21257">
        <ele>3300.48</ele>
      </trkpt>
      <trkpt lat="36.45445" lon="-118.21253">
        <ele>3299.07</ele>
      </trkpt>
      <trkpt lat="36.45443" lon="-118.2125">
        <ele>3297.84</ele>
      </trkpt>
      <trkpt lat="36.45438" lon="-118.21255">
        <ele>3298.55</ele>
      </trkpt>
      <trkpt lat="36.45427" lon="-118.2126">
        <ele>3297.48</ele>
      </trkpt>
      <trkpt lat="36.45425" lon="-118.21257">
        <ele>3296.31</ele>
      </trkpt>
      <trkpt lat="36.45436" lon="-118.2124">
        <ele>3294.94</ele>
      </trkpt>
      <trkpt lat="36.45437" lon="-118.21234">
        <ele>3293.88</ele>
      </trkpt>
      <trkpt lat="36.45433" lon="-118.21234">
        <ele>3293.07</ele>
      </trkpt>
      <trkpt lat="36.45424" lon="-118.2124">
        <ele>3292.42</ele>
      </trkpt>
      <trkpt lat="36.4542" lon="-118.2124">
        <ele>3291.56</ele>
      </trkpt>
      <trkpt lat="36.45421" lon="-118.21236">
        <ele>3290.91</ele>
      </trkpt>
      <trkpt lat="36.45432" lon="-118.21221">
        <ele>3290.05</ele>
      </trkpt>
      <trkpt lat="36.45433" lon="-118.21217">
        <ele>3289.4</ele>
      </trkpt>
      <trkpt lat="36.45432" lon="-118.21215">
        <ele>3288.75</ele>
      </trkpt>
      <trkpt lat="36.45425" lon="-118.21216">
        <ele>3287.46</ele>
      </trkpt>
      <trkpt lat="36.45411" lon="-118.21228">
        <ele>3286.64</ele>
      </trkpt>
      <trkpt lat="36.45403" lon="-118.21234">
        <ele>3285.46</ele>
      </trkpt>
      <trkpt lat="36.45395" lon="-118.21236">
        <ele>3283.47</ele>
      </trkpt>
      <trkpt lat="36.45386" lon="-118.21236">
        <ele>3281.18</ele>
      </trkpt>
      <trkpt lat="36.45375" lon="-118.21231">
        <ele>3279.45</ele>
      </trkpt>
      <trkpt lat="36.45346" lon="-118.21228">
        <ele>3275.98</ele>
      </trkpt>
      <trkpt lat="36.45336" lon="-118.21232">
        <ele>3275.4</ele>
      </trkpt>
      <trkpt lat="36.45316" lon="-118.21235">
        <ele>3273.89</ele>
      </trkpt>
      <trkpt lat="36.45304" lon="-118.21234">
        <ele>3273.38</ele>
      </trkpt>
      <trkpt lat="36.45295" lon="-118.21232">
        <ele>3272.11</ele>
      </trkpt>
      <trkpt lat="36.45295" lon="-118.21226">
        <ele>3271.33</ele>
      </trkpt>
      <trkpt lat="36.45302" lon="-118.21218">
        <ele>3270.09</ele>
      </trkpt>
      <trkpt lat="36.45311" lon="-118.21213">
        <ele>3269.01</ele>
      </trkpt>
      <trkpt lat="36.45313" lon="-118.21209">
        <ele>3268.57</ele>
      </trkpt>
      <trkpt lat="36.45309" lon="-118.21204">
        <ele>3268.03</ele>
      </trkpt>
      <trkpt lat="36.45301" lon="-118.21205">
        <ele>3267.72</ele>
      </trkpt>
      <trkpt lat="36.45279" lon="-118.21197">
        <ele>3265.55</ele>
      </trkpt>
      <trkpt lat="36.45268" lon="-118.21196">
        <ele>3265.17</ele>
      </trkpt>
      <trkpt lat="36.45237" lon="-118.21176">
        <ele>3263.42</ele>
      </trkpt>
      <trkpt lat="36.45229" lon="-118.21155">
        <ele>3260.75</ele>
      </trkpt>
      <trkpt lat="36.45221" lon="-118.21144">
        <ele>3259.16</ele>
      </trkpt>
      <trkpt lat="36.45222" lon="-118.21138">
        <ele>3257.74</ele>
      </trkpt>
      <trkpt lat="36.45243" lon="-118.2113">
        <ele>3252.64</ele>
      </trkpt>
      <trkpt lat="36.4525" lon="-118.21128">
        <ele>3250.47</ele>
      </trkpt>
      <trkpt lat="36.45256" lon="-118.21129">
        <ele>3250.84</ele>
      </trkpt>
      <trkpt lat="36.45259" lon="-118.21126">
        <ele>3250.21</ele>
      </trkpt>
      <trkpt lat="36.45257" lon="-118.21123">
        <ele>3249.39</ele>
      </trkpt>
      <trkpt lat="36.45249" lon="-118.2112">
        <ele>3248.06</ele>
      </trkpt>
      <trkpt lat="36.45239" lon="-118.21113">
        <ele>3247.48</ele>
      </trkpt>
      <trkpt lat="36.45236" lon="-118.21105">
        <ele>3245.34</ele>
      </trkpt>
      <trkpt lat="36.4524" lon="-118.211">
        <ele>3244.9</ele>
      </trkpt>
      <trkpt lat="36.45254" lon="-118.21096">
        <ele>3246.43</ele>
      </trkpt>
      <trkpt lat="36.45262" lon="-118.2109">
        <ele>3246.8</ele>
      </trkpt>
      <trkpt lat="36.45274" lon="-118.21086">
        <ele>3247.17</ele>
      </trkpt>
      <trkpt lat="36.45285" lon="-118.21069">
        <ele>3245.8</ele>
      </trkpt>
      <trkpt lat="36.45292" lon="-118.21063">
        <ele>3244.71</ele>
      </trkpt>
      <trkpt lat="36.45295" lon="-118.21054">
        <ele>3243.52</ele>
      </trkpt>
      <trkpt lat="36.45295" lon="-118.21038">
        <ele>3239.94</ele>
      </trkpt>
      <trkpt lat="36.45294" lon="-118.21026">
        <ele>3237.07</ele>
      </trkpt>
      <trkpt lat="36.45291" lon="-118.2102">
        <ele>3234.7</ele>
      </trkpt>
      <trkpt lat="36.45283" lon="-118.21014">
        <ele>3232.3</ele>
      </trkpt>
      <trkpt lat="36.4528" lon="-118.21007">
        <ele>3230.75</ele>
      </trkpt>
      <trkpt lat="36.45285" lon="-118.20994">
        <ele>3229.13</ele>
      </trkpt>
      <trkpt lat="36.45308" lon="-118.20969">
        <ele>3229.18</ele>
      </trkpt>
      <trkpt lat="36.4531" lon="-118.2096">
        <ele>3228.47</ele>
      </trkpt>
      <trkpt lat="36.45309" lon="-118.20929">
        <ele>3222.57</ele>
      </trkpt>
      <trkpt lat="36.45317" lon="-118.20904">
        <ele>3221.06</ele>
      </trkpt>
      <trkpt lat="36.45316" lon="-118.20897">
        <ele>3219.26</ele>
      </trkpt>
      <trkpt lat="36.45317" lon="-118.20889">
        <ele>3217.97</ele>
      </trkpt>
      <trkpt lat="36.45324" lon="-118.20883">
        <ele>3219.06</ele>
      </trkpt>
      <trkpt lat="36.45332" lon="-118.20861">
        <ele>3215.54</ele>
      </trkpt>
      <trkpt lat="36.45339" lon="-118.20852">
        <ele>3215.87</ele>
      </trkpt>
      <trkpt lat="36.45364" lon="-118.20819">
        <ele>3213.29</ele>
      </trkpt>
      <trkpt lat="36.45368" lon="-118.20812">
        <ele>3212.32</ele>
      </trkpt>
      <trkpt lat="36.45365" lon="-118.2081">
        <ele>3210.7</ele>
      </trkpt>
      <trkpt lat="36.45358" lon="-118.20814">
        <ele>3210.06</ele>
      </trkpt>
      <trkpt lat="36.45357" lon="-118.20811">
        <ele>3208.88</ele>
      </trkpt>
      <trkpt lat="36.45361" lon="-118.20801">
        <ele>3206.99</ele>
      </trkpt>
      <trkpt lat="36.45372" lon="-118.20784">
        <ele>3205.37</ele>
      </trkpt>
      <trkpt lat="36.45398" lon="-118.20763">
        <ele>3204.78</ele>
      </trkpt>
      <trkpt lat="36.454" lon="-118.20759">
        <ele>3204.12</ele>
      </trkpt>
      <trkpt lat="36.45397" lon="-118.20757">
        <ele>3203.02</ele>
      </trkpt>
      <trkpt lat="36.45384" lon="-118.20765">
        <ele>3202.8</ele>
      </trkpt>
      <trkpt lat="36.45372" lon="-118.20769">
        <ele>3201.46</ele>
      </trkpt>
      <trkpt lat="36.45367" lon="-118.20768">
        <ele>3200.16</ele>
      </trkpt>
      <trkpt lat="36.45365" lon="-118.20763">
        <ele>3198.65</ele>
      </trkpt>
      <trkpt lat="36.45376" lon="-118.20757">
        <ele>3199.02</ele>
      </trkpt>
      <trkpt lat="36.4538" lon="-118.20752">
        <ele>3198.48</ele>
      </trkpt>
      <trkpt lat="36.45376" lon="-118.20749">
        <ele>3196.89</ele>
      </trkpt>
      <trkpt lat="36.4536" lon="-118.20756">
        <ele>3195.7</ele>
      </trkpt>
      <trkpt lat="36.45355" lon="-118.20756">
        <ele>3194.62</ele>
      </trkpt>
      <trkpt lat="36.45353" lon="-118.20752">
        <ele>3192.9</ele>
      </trkpt>
      <trkpt lat="36.45354" lon="-118.20747">
        <ele>3191.49</ele>
      </trkpt>
      <trkpt lat="36.45368" lon="-118.2074">
        <ele>3192.25</ele>
      </trkpt>
      <trkpt lat="36.45389" lon="-118.20718">
        <ele>3188.66</ele>
      </trkpt>
      <trkpt lat="36.45387" lon="-118.20714">
        <ele>3186.95</ele>
      </trkpt>
      <trkpt lat="36.45378" lon="-118.20717">
        <ele>3186.49</ele>
      </trkpt>
      <trkpt lat="36.45372" lon="-118.20717">
        <ele>3185.56</ele>
      </trkpt>
      <trkpt lat="36.4537" lon="-118.20714">
        <ele>3184.26</ele>
      </trkpt>
      <trkpt lat="36.4537" lon="-118.20709">
        <ele>3182.23</ele>
      </trkpt>
      <trkpt lat="36.45379" lon="-118.20708">
        <ele>3183.29</ele>
      </trkpt>
      <trkpt lat="36.45387" lon="-118.20704">
        <ele>3183.69</ele>
      </trkpt>
      <trkpt lat="36.45386" lon="-118.20701">
        <ele>3182.21</ele>
      </trkpt>
      <trkpt lat="36.45382" lon="-118.20699">
        <ele>3180.48</ele>
      </trkpt>
      <trkpt lat="36.45375" lon="-118.20701">
        <ele>3179.98</ele>
      </trkpt>
      <trkpt lat="36.45372" lon="-118.20698">
        <ele>3178.4</ele>
      </trkpt>
      <trkpt lat="36.45374" lon="-118.20695">
        <ele>3177.6</ele>
      </trkpt>
      <trkpt lat="36.4539" lon="-118.20689">
        <ele>3177.25</ele>
      </trkpt>
      <trkpt lat="36.45408" lon="-118.2068">
        <ele>3175.85</ele>
      </trkpt>
      <trkpt lat="36.45406" lon="-118.20676">
        <ele>3173.73</ele>
      </trkpt>
      <trkpt lat="36.454" lon="-118.20672">
        <ele>3170.62</ele>
      </trkpt>
      <trkpt lat="36.45396" lon="-118.20675">
        <ele>3171.37</ele>
      </trkpt>
      <trkpt lat="36.4539" lon="-118.20672">
        <ele>3169.42</ele>
      </trkpt>
      <trkpt lat="36.45389" lon="-118.20668">
        <ele>3167.59</ele>
      </trkpt>
      <trkpt lat="36.4539" lon="-118.20665">
        <ele>3166.4</ele>
      </trkpt>
      <trkpt lat="36.454" lon="-118.20661">
        <ele>3165.75</ele>
      </trkpt>
      <trkpt lat="36.45422" lon="-118.20658">
        <ele>3167.44</ele>
      </trkpt>
      <trkpt lat="36.45426" lon="-118.20656">
        <ele>3167.1</ele>
      </trkpt>
      <trkpt lat="36.45428" lon="-118.20653">
        <ele>3165.47</ele>
      </trkpt>
      <trkpt lat="36.45425" lon="-118.20649">
        <ele>3162.44</ele>
      </trkpt>
      <trkpt lat="36.45404" lon="-118.20646">
        <ele>3159.07</ele>
      </trkpt>
      <trkpt lat="36.45379" lon="-118.20641">
        <ele>3156.63</ele>
      </trkpt>
      <trkpt lat="36.45366" lon="-118.20642">
        <ele>3156.19</ele>
      </trkpt>
      <trkpt lat="36.45353" lon="-118.20645">
        <ele>3156.98</ele>
      </trkpt>
      <trkpt lat="36.45336" lon="-118.20647">
        <ele>3156.88</ele>
      </trkpt>
      <trkpt lat="36.45318" lon="-118.20645">
        <ele>3154.32</ele>
      </trkpt>
      <trkpt lat="36.45305" lon="-118.20646">
        <ele>3154.24</ele>
      </trkpt>
      <trkpt lat="36.45296" lon="-118.20641">
        <ele>3151.68</ele>
      </trkpt>
      <trkpt lat="36.45293" lon="-118.20635">
        <ele>3149.89</ele>
      </trkpt>
      <trkpt lat="36.45296" lon="-118.20632">
        <ele>3148.79</ele>
      </trkpt>
      <trkpt lat="36.45311" lon="-118.20631">
        <ele>3149.09</ele>
      </trkpt>
      <trkpt lat="36.45322" lon="-118.20623">
        <ele>3147.63</ele>
      </trkpt>
      <trkpt lat="36.4533" lon="-118.20621">
        <ele>3147.84</ele>
      </trkpt>
      <trkpt lat="36.45338" lon="-118.20622">
        <ele>3148.53</ele>
      </trkpt>
      <trkpt lat="36.45341" lon="-118.20621">
        <ele>3148.2</ele>
      </trkpt>
      <trkpt lat="36.45342" lon="-118.20618">
        <ele>3147.22</ele>
      </trkpt>
      <trkpt lat="36.45338" lon="-118.20615">
        <ele>3145.97</ele>
      </trkpt>
      <trkpt lat="36.45327" lon="-118.20613">
        <ele>3144.68</ele>
      </trkpt>
      <trkpt lat="36.45321" lon="-118.20609">
        <ele>3142.83</ele>
      </trkpt>
      <trkpt lat="36.45326" lon="-118.20602">
        <ele>3140.06</ele>
      </trkpt>
      <trkpt lat="36.4534" lon="-118.20603">
        <ele>3141.22</ele>
      </trkpt>
      <trkpt lat="36.45342" lon="-118.20602">
        <ele>3141.0</ele>
      </trkpt>
      <trkpt lat="36.45338" lon="-118.20599">
        <ele>3139.27</ele>
      </trkpt>
      <trkpt lat="36.45319" lon="-118.20592">
        <ele>3136.36</ele>
      </trkpt>
      <trkpt lat="36.45317" lon="-118.20586">
        <ele>3134.63</ele>
      </trkpt>
      <trkpt lat="36.45324" lon="-118.20581">
        <ele>3132.25</ele>
      </trkpt>
      <trkpt lat="36.45348" lon="-118.20584">
        <ele>3133.83</ele>
      </trkpt>
      <trkpt lat="36.45381" lon="-118.20573">
        <ele>3130.55</ele>
      </trkpt>
      <trkpt lat="36.45404" lon="-118.2056">
        <ele>3127.07</ele>
      </trkpt>
      <trkpt lat="36.45432" lon="-118.20537">
        <ele>3125.3</ele>
      </trkpt>
      <trkpt lat="36.45452" lon="-118.20525">
        <ele>3126.09</ele>
      </trkpt>
      <trkpt lat="36.45469" lon="-118.20511">
        <ele>3125.96</ele>
      </trkpt>
      <trkpt lat="36.45488" lon="-118.20483">
        <ele>3122.98</ele>
      </trkpt>
      <trkpt lat="36.45505" lon="-118.20458">
        <ele>3118.93</ele>
      </trkpt>
      <trkpt lat="36.45521" lon="-118.20436">
        <ele>3114.18</ele>
      </trkpt>
      <trkpt lat="36.45527" lon="-118.20424">
        <ele>3111.58</ele>
      </trkpt>
      <trkpt lat="36.45528" lon="-118.20416">
        <ele>3109.88</ele>
      </trkpt>
      <trkpt lat="36.45522" lon="-118.20395">
        <ele>3105.61</ele>
      </trkpt>
      <trkpt lat="36.45516" lon="-118.20365">
        <ele>3100.18</ele>
      </trkpt>
      <trkpt lat="36.45515" lon="-118.20354">
        <ele>3099.86</ele>
      </trkpt>
      <trkpt lat="36.45513" lon="-118.20341">
        <ele>3098.81</ele>
      </trkpt>
      <trkpt lat="36.45509" lon="-118.20324">
        <ele>3097.97</ele>
      </trkpt>
      <trkpt lat="36.45507" lon="-118.20313">
        <ele>3097.36</ele>
      </trkpt>
      <trkpt lat="36.45495" lon="-118.20284">
        <ele>3095.13</ele>
      </trkpt>
      <trkpt lat="36.45488" lon="-118.20256">
        <ele>3093.16</ele>
      </trkpt>
      <trkpt lat="36.45487" lon="-118.20243">
        <ele>3092.29</ele>
      </trkpt>
      <trkpt lat="36.45481" lon="-118.20225">
        <ele>3090.25</ele>
      </trkpt>
      <trkpt lat="36.45476" lon="-118.20203">
        <ele>3088.78</ele>
      </trkpt>
      <trkpt lat="36.45466" lon="-118.20181">
        <ele>3087.33</ele>
      </trkpt>
      <trkpt lat="36.45455" lon="-118.20156">
        <ele>3085.14</ele>
      </trkpt>
      <trkpt lat="36.45454" lon="-118.20145">
        <ele>3085.03</ele>
      </trkpt>
      <trkpt lat="36.45441" lon="-118.20132">
        <ele>3083.63</ele>
      </trkpt>
      <trkpt lat="36.45427" lon="-118.20132">
        <ele>3081.46</ele>
      </trkpt>
      <trkpt lat="36.45417" lon="-118.20126">
        <ele>3080.04</ele>
      </trkpt>
      <trkpt lat="36.45394" lon="-118.20101">
        <ele>3075.55</ele>
      </trkpt>
      <trkpt lat="36.45387" lon="-118.20097">
        <ele>3074.8</ele>
      </trkpt>
      <trkpt lat="36.45383" lon="-118.20095">
        <ele>3074.36</ele>
      </trkpt>
      <trkpt lat="36.4538" lon="-118.2009">
        <ele>3074.03</ele>
      </trkpt>
      <trkpt lat="36.45383" lon="-118.20078">
        <ele>3073.63</ele>
      </trkpt>
      <trkpt lat="36.45383" lon="-118.20064">
        <ele>3073.36</ele>
      </trkpt>
      <trkpt lat="36.4538" lon="-118.20023">
        <ele>3072.04</ele>
      </trkpt>
      <trkpt lat="36.45384" lon="-118.19972">
        <ele>3069.99</ele>
      </trkpt>
      <trkpt lat="36.45391" lon="-118.19953">
        <ele>3069.21</ele>
      </trkpt>
      <trkpt lat="36.45397" lon="-118.19935">
        <ele>3068.86</ele>
      </trkpt>
      <trkpt lat="36.45409" lon="-118.19888">
        <ele>3066.0</ele>
      </trkpt>
      <trkpt lat="36.45409" lon="-118.19869">
        <ele>3065.15</ele>
      </trkpt>
      <trkpt lat="36.45404" lon="-118.19845">
        <ele>3064.26</ele>
      </trkpt>
      <trkpt lat="36.45388" lon="-118.19803">
        <ele>3064.0</ele>
      </trkpt>
      <trkpt lat="36.4537" lon="-118.19776">
        <ele>3063.0</ele>
      </trkpt>
      <trkpt lat="36.45355" lon="-118.1976">
        <ele>3063.0</ele>
      </trkpt>
      <trkpt lat="36.45341" lon="-118.19742">
        <ele>3063.0</ele>
      </trkpt>
      <trkpt lat="36.45336" lon="-118.19729">
        <ele>3062.29</ele>
      </trkpt>
      <trkpt lat="36.45332" lon="-118.19714">
        <ele>3062.0</ele>
      </trkpt>
      <trkpt lat="36.45327" lon="-118.19706">
        <ele>3061.49</ele>
      </trkpt>
      <trkpt lat="36.45318" lon="-118.19695">
        <ele>3060.38</ele>
      </trkpt>
      <trkpt lat="36.45312" lon="-118.19682">
        <ele>3059.7</ele>
      </trkpt>
      <trkpt lat="36.45311" lon="-118.19666">
        <ele>3058.52</ele>
      </trkpt>
      <trkpt lat="36.45311" lon="-118.19648">
        <ele>3056.57</ele>
      </trkpt>
      <trkpt lat="36.45305" lon="-118.19632">
        <ele>3054.26</ele>
      </trkpt>
      <trkpt lat="36.45302" lon="-118.19614">
        <ele>3052.31</ele>
      </trkpt>
      <trkpt lat="36.45303" lon="-118.19577">
        <ele>3049.32</ele>
      </trkpt>
      <trkpt lat="36.45301" lon="-118.19561">
        <ele>3048.59</ele>
      </trkpt>
      <trkpt lat="36.45294" lon="-118.19547">
        <ele>3048.02</ele>
      </trkpt>
      <trkpt lat="36.45291" lon="-118.19537">
        <ele>3048.0</ele>
      </trkpt>
      <trkpt lat="36.4529" lon="-118.1953">
        <ele>3047.24</ele>
      </trkpt>
      <trkpt lat="36.45292" lon="-118.19523">
        <ele>3047.0</ele>
      </trkpt>
      <trkpt lat="36.4529" lon="-118.19511">
        <ele>3046.19</ele>
      </trkpt>
      <trkpt lat="36.45282" lon="-118.1949">
        <ele>3045.92</ele>
      </trkpt>
      <trkpt lat="36.45281" lon="-118.19474">
        <ele>3044.72</ele>
      </trkpt>
      <trkpt lat="36.45279" lon="-118.1946">
        <ele>3043.68</ele>
      </trkpt>
      <trkpt lat="36.45273" lon="-118.1945">
        <ele>3043.31</ele>
      </trkpt>
      <trkpt lat="36.45267" lon="-118.19443">
        <ele>3043.14</ele>
      </trkpt>
      <trkpt lat="36.45257" lon="-118.19436">
        <ele>3043.33</ele>
      </trkpt>
      <trkpt lat="36.45247" lon="-118.19431">
        <ele>3043.55</ele>
      </trkpt>
      <trkpt lat="36.45239" lon="-118.19416">
        <ele>3042.93</ele>
      </trkpt>
      <trkpt lat="36.4523" lon="-118.19399">
        <ele>3041.87</ele>
      </trkpt>
      <trkpt lat="36.45222" lon="-118.19383">
        <ele>3040.01</ele>
      </trkpt>
      <trkpt lat="36.45215" lon="-118.19359">
        <ele>3038.77</ele>
      </trkpt>
      <trkpt lat="36.4521" lon="-118.19348">
        <ele>3038.0</ele>
      </trkpt>
      <trkpt lat="36.45209" lon="-118.19337">
        <ele>3037.4</ele>
      </trkpt>
      <trkpt lat="36.45215" lon="-118.19331">
        <ele>3037.22</ele>
      </trkpt>
      <trkpt lat="36.45219" lon="-118.19326">
        <ele>3037.65</ele>
      </trkpt>
      <trkpt lat="36.4522" lon="-118.19319">
        <ele>3037.76</ele>
      </trkpt>
      <trkpt lat="36.45218" lon="-118.19311">
        <ele>3037.77</ele>
      </trkpt>
      <trkpt lat="36.45209" lon="-118.1929">
        <ele>3037.0</ele>
      </trkpt>
      <trkpt lat="36.45211" lon="-118.19275">
        <ele>3036.79</ele>
      </trkpt>
      <trkpt lat="36.45217" lon="-118.19252">
        <ele>3036.56</ele>
      </trkpt>
      <trkpt lat="36.45225" lon="-118.19234">
        <ele>3037.3</ele>
      </trkpt>
      <trkpt lat="36.45227" lon="-118.19219">
        <ele>3037.35</ele>
      </trkpt>
      <trkpt lat="36.45226" lon="-118.19202">
        <ele>3037.41</ele>
      </trkpt>
      <trkpt lat="36.45227" lon="-118.19186">
        <ele>3039.46</ele>
      </trkpt>
      <trkpt lat="36.45226" lon="-118.19173">
        <ele>3040.35</ele>
      </trkpt>
      <trkpt lat="36.45223" lon="-118.19161">
        <ele>3039.95</ele>
      </trkpt>
      <trkpt lat="36.4521" lon="-118.19132">
        <ele>3038.6</ele>
      </trkpt>
      <trkpt lat="36.45206" lon="-118.19113">
        <ele>3038.3</ele>
      </trkpt>
      <trkpt lat="36.45207" lon="-118.19093">
        <ele>3037.37</ele>
      </trkpt>
      <trkpt lat="36.45215" lon="-118.19078">
        <ele>3037.44</ele>
      </trkpt>
      <trkpt lat="36.4523" lon="-118.19055">
        <ele>3039.83</ele>
      </trkpt>
      <trkpt lat="36.45239" lon="-118.19046">
        <ele>3040.78</ele>
      </trkpt>
      <trkpt lat="36.45244" lon="-118.19039">
        <ele>3040.84</ele>
      </trkpt>
      <trkpt lat="36.45245" lon="-118.19023">
        <ele>3040.18</ele>
      </trkpt>
      <trkpt lat="36.45248" lon="-118.19009">
        <ele>3039.78</ele>
      </trkpt>
      <trkpt lat="36.45258" lon="-118.18987">
        <ele>3040.73</ele>
      </trkpt>
      <trkpt lat="36.45263" lon="-118.18969">
        <ele>3041.4</ele>
      </trkpt>
      <trkpt lat="36.45263" lon="-118.18952">
        <ele>3041.51</ele>
      </trkpt>
      <trkpt lat="36.45264" lon="-118.18937">
        <ele>3042.41</ele>
      </trkpt>
      <trkpt lat="36.45269" lon="-118.18927">
        <ele>3043.05</ele>
      </trkpt>
      <trkpt lat="36.45271" lon="-118.18918">
        <ele>3043.27</ele>
      </trkpt>
      <trkpt lat="36.45271" lon="-118.1891">
        <ele>3043.27</ele>
      </trkpt>
      <trkpt lat="36.45267" lon="-118.18882">
        <ele>3043.46</ele>
      </trkpt>
      <trkpt lat="36.45267" lon="-118.18867">
        <ele>3043.37</ele>
      </trkpt>
      <trkpt lat="36.45268" lon="-118.18858">
        <ele>3042.94</ele>
      </trkpt>
      <trkpt lat="36.45288" lon="-118.18824">
        <ele>3044.2</ele>
      </trkpt>
      <trkpt lat="36.45296" lon="-118.18804">
        <ele>3043.6</ele>
      </trkpt>
      <trkpt lat="36.45301" lon="-118.18788">
        <ele>3042.19</ele>
      </trkpt>
      <trkpt lat="36.45306" lon="-118.18748">
        <ele>3037.98</ele>
      </trkpt>
      <trkpt lat="36.45306" lon="-118.1871">
        <ele>3041.46</ele>
      </trkpt>
      <trkpt lat="36.45305" lon="-118.18685">
        <ele>3042.88</ele>
      </trkpt>
      <trkpt lat="36.45302" lon="-118.18675">
        <ele>3042.62</ele>
      </trkpt>
      <trkpt lat="36.4528" lon="-118.18617">
        <ele>3041.24</ele>
      </trkpt>
      <trkpt lat="36.45268" lon="-118.18589">
        <ele>3040.94</ele>
      </trkpt>
      <trkpt lat="36.45253" lon="-118.18568">
        <ele>3040.32</ele>
      </trkpt>
      <trkpt lat="36.45206" lon="-118.18511">
        <ele>3039.06</ele>
      </trkpt>
      <trkpt lat="36.45193" lon="-118.18494">
        <ele>3038.55</ele>
      </trkpt>
      <trkpt lat="36.45181" lon="-118.18485">
        <ele>3038.17</ele>
      </trkpt>
      <trkpt lat="36.45163" lon="-118.1847">
        <ele>3037.6</ele>
      </trkpt>
      <trkpt lat="36.45145" lon="-118.18445">
        <ele>3037.0</ele>
      </trkpt>
      <trkpt lat="36.45121" lon="-118.18408">
        <ele>3036.07</ele>
      </trkpt>
      <trkpt lat="36.45107" lon="-118.18385">
        <ele>3036.0</ele>
      </trkpt>
      <trkpt lat="36.45095" lon="-118.18353">
        <ele>3036.0</ele>
      </trkpt>
      <trkpt lat="36.45086" lon="-118.18323">
        <ele>3036.03</ele>
      </trkpt>
      <trkpt lat="36.45079" lon="-118.18305">
        <ele>3036.56</ele>
      </trkpt>
      <trkpt lat="36.45073" lon="-118.18294">
        <ele>3036.88</ele>
      </trkpt>
      <trkpt lat="36.45055" lon="-118.18275">
        <ele>3036.28</ele>
      </trkpt>
      <trkpt lat="36.45019" lon="-118.1823">
        <ele>3036.01</ele>
      </trkpt>
      <trkpt lat="36.44969" lon="-118.18147">
        <ele>3034.7</ele>
      </trkpt>
      <trkpt lat="36.44953" lon="-118.18123">
        <ele>3034.0</ele>
      </trkpt>
      <trkpt lat="36.44937" lon="-118.1809">
        <ele>3034.05</ele>
      </trkpt>
      <trkpt lat="36.44917" lon="-118.18043">
        <ele>3033.04</ele>
      </trkpt>
      <trkpt lat="36.44899" lon="-118.17989">
        <ele>3032.09</ele>
      </trkpt>
      <trkpt lat="36.44885" lon="-118.17956">
        <ele>3031.16</ele>
      </trkpt>
      <trkpt lat="36.44866" lon="-118.17936">
        <ele>3028.1</ele>
      </trkpt>
      <trkpt lat="36.44837" lon="-118.17925">
        <ele>3024.4</ele>
      </trkpt>
      <trkpt lat="36.44827" lon="-118.17918">
        <ele>3024.0</ele>
      </trkpt>
      <trkpt lat="36.44813" lon="-118.17883">
        <ele>3022.93</ele>
      </trkpt>
      <trkpt lat="36.44818" lon="-118.17802">
        <ele>3028.13</ele>
      </trkpt>
      <trkpt lat="36.44814" lon="-118.17714">
        <ele>3029.99</ele>
      </trkpt>
      <trkpt lat="36.44808" lon="-118.17636">
        <ele>3031.26</ele>
      </trkpt>
      <trkpt lat="36.44815" lon="-118.17597">
        <ele>3032.02</ele>
      </trkpt>
      <trkpt lat="36.44842" lon="-118.17565">
        <ele>3034.94</ele>
      </trkpt>
      <trkpt lat="36.44868" lon="-118.1753">
        <ele>3036.18</ele>
      </trkpt>
      <trkpt lat="36.44881" lon="-118.17511">
        <ele>3037.15</ele>
      </trkpt>
      <trkpt lat="36.44913" lon="-118.17478">
        <ele>3040.46</ele>
      </trkpt>
      <trkpt lat="36.44927" lon="-118.17479">
        <ele>3042.12</ele>
      </trkpt>
      <trkpt lat="36.44936" lon="-118.17498">
        <ele>3043.09</ele>
      </trkpt>
      <trkpt lat="36.44972" lon="-118.17516">
        <ele>3047.98</ele>
      </trkpt>
      <trkpt lat="36.44992" lon="-118.17532">
        <ele>3050.14</ele>
      </trkpt>
      <trkpt lat="36.45004" lon="-118.17535">
        <ele>3051.43</ele>
      </trkpt>
      <trkpt lat="36.45018" lon="-118.17523">
        <ele>3053.89</ele>
      </trkpt>
      <trkpt lat="36.45024" lon="-118.17511">
        <ele>3054.59</ele>
      </trkpt>
      <trkpt lat="36.45034" lon="-118.17489">
        <ele>3055.8</ele>
      </trkpt>
      <trkpt lat="36.45045" lon="-118.1747">
        <ele>3057.86</ele>
      </trkpt>
      <trkpt lat="36.45054" lon="-118.17438">
        <ele>3060.41</ele>
      </trkpt>
      <trkpt lat="36.45059" lon="-118.17345">
        <ele>3069.02</ele>
      </trkpt>
      <trkpt lat="36.45053" lon="-118.17321">
        <ele>3069.45</ele>
      </trkpt>
      <trkpt lat="36.45053" lon="-118.1729">
        <ele>3069.45</ele>
      </trkpt>
      <trkpt lat="36.45055" lon="-118.17284">
        <ele>3069.9</ele>
      </trkpt>
      <trkpt lat="36.4506" lon="-118.17276">
        <ele>3070.96</ele>
      </trkpt>
      <trkpt lat="36.45071" lon="-118.17269">
        <ele>3072.67</ele>
      </trkpt>
      <trkpt lat="36.45103" lon="-118.17264">
        <ele>3074.57</ele>
      </trkpt>
      <trkpt lat="36.4513" lon="-118.17259">
        <ele>3075.0</ele>
      </trkpt>
      <trkpt lat="36.45156" lon="-118.17251">
        <ele>3075.09</ele>
      </trkpt>
      <trkpt lat="36.45172" lon="-118.17237">
        <ele>3075.58</ele>
      </trkpt>
      <trkpt lat="36.45176" lon="-118.1723">
        <ele>3075.84</ele>
      </trkpt>
      <trkpt lat="36.45179" lon="-118.17197">
        <ele>3075.0</ele>
      </trkpt>
      <trkpt lat="36.45189" lon="-118.17175">
        <ele>3074.0</ele>
      </trkpt>
      <trkpt lat="36.45189" lon="-118.17171">
        <ele>3074.0</ele>
      </trkpt>
    </trkseg>
  </trk>
</gpx>
